UBIGEO,NOMBRE,2018,2019,2020,2021,2022,2023,2024,2025,2026
000000,PERÚ,31562130.0,32131400.0,32625948.0,33035304.0,33396698.0,33725844.0,34038457.0,34350244.0,34660114.0
010000,AMAZONAS,419833.0,423863.0,426806.0,428512.0,429483.0,429943.0,430123.0,430251.0,430305.0
010100,CHACHAPOYAS,61078.0,62207.0,63188.0,63661.0,64058.0,64403.0,64718.0,65024.0,65320.0
010101,CHACHAPOYAS,36602.0,37870.0,39051.0,39691.0,40274.0,40817.0,41335.0,41843.0,42342.0
010102,ASUNCION,283.0,281.0,278.0,277.0,276.0,273.0,271.0,269.0,267.0
010103,BALSAS,1222.0,1202.0,1180.0,1169.0,1158.0,1147.0,1137.0,1125.0,1113.0
010104,CHETO,687.0,696.0,702.0,705.0,707.0,710.0,713.0,716.0,719.0
010105,CHILIQUIN,619.0,604.0,589.0,581.0,575.0,568.0,561.0,554.0,547.0
010106,CHUQUIBAMBA,1970.0,1955.0,1933.0,1922.0,1910.0,1898.0,1884.0,1872.0,1860.0
010107,GRANADA,523.0,532.0,539.0,541.0,543.0,546.0,549.0,551.0,553.0
010108,HUANCAS,1334.0,1395.0,1456.0,1481.0,1500.0,1515.0,1526.0,1538.0,1550.0
010109,LA JALCA,4187.0,4080.0,3966.0,3834.0,3697.0,3558.0,3418.0,3279.0,3140.0
010110,LEIMEBAMBA,3862.0,3845.0,3815.0,3799.0,3781.0,3759.0,3738.0,3716.0,3693.0
010111,LEVANTO,830.0,817.0,803.0,796.0,789.0,781.0,774.0,768.0,762.0
010112,MAGDALENA,913.0,913.0,911.0,910.0,906.0,903.0,900.0,895.0,890.0
010113,MARISCAL CASTILLA,1474.0,1507.0,1534.0,1561.0,1586.0,1609.0,1631.0,1653.0,1675.0
010114,MOLINOPAMPA,2320.0,2296.0,2266.0,2251.0,2235.0,2218.0,2201.0,2185.0,2169.0
010115,MONTEVIDEO,519.0,503.0,487.0,479.0,472.0,465.0,459.0,452.0,445.0
010116,OLLEROS,422.0,429.0,435.0,438.0,441.0,444.0,446.0,448.0,450.0
010117,QUINJALCA,819.0,807.0,792.0,785.0,778.0,770.0,763.0,757.0,751.0
010118,SAN FRANCISCO DE DAGUAS,321.0,323.0,323.0,325.0,326.0,329.0,332.0,335.0,338.0
010119,SAN ISIDRO DE MAINO,608.0,599.0,590.0,585.0,581.0,576.0,570.0,565.0,560.0
010120,SOLOCO,1293.0,1279.0,1261.0,1252.0,1243.0,1234.0,1224.0,1214.0,1204.0
010121,SONCHE,270.0,274.0,277.0,279.0,280.0,283.0,286.0,289.0,292.0
010200,BAGUA,82816.0,83850.0,84672.0,85375.0,85835.0,86129.0,86333.0,86525.0,86699.0
010201,BAGUA,29096.0,29540.0,29905.0,30240.0,30479.0,30652.0,30790.0,30921.0,31045.0
010202,ARAMANGO,10422.0,10300.0,10149.0,10049.0,9919.0,9770.0,9613.0,9458.0,9304.0
010203,COPALLIN,4903.0,4787.0,4660.0,4563.0,4452.0,4334.0,4213.0,4093.0,3975.0
010204,EL PARCO,1294.0,1292.0,1287.0,1281.0,1273.0,1262.0,1251.0,1240.0,1227.0
010205,IMAZA,30392.0,31300.0,32136.0,32789.0,33338.0,33812.0,34240.0,34658.0,35062.0
010206,LA PECA,6709.0,6631.0,6535.0,6453.0,6374.0,6299.0,6226.0,6155.0,6086.0
010300,BONGARA,27042.0,26972.0,26830.0,26655.0,26449.0,26220.0,25980.0,25738.0,25493.0
010301,JUMBILLA,1373.0,1354.0,1332.0,1309.0,1283.0,1258.0,1232.0,1207.0,1182.0
010302,CHISQUILLA,323.0,321.0,319.0,317.0,313.0,310.0,308.0,304.0,300.0
010303,CHURUJA,299.0,301.0,301.0,300.0,298.0,295.0,292.0,289.0,286.0
010304,COROSHA,810.0,819.0,825.0,831.0,835.0,842.0,849.0,856.0,863.0
010305,CUISPES,702.0,694.0,684.0,673.0,662.0,650.0,638.0,626.0,614.0
010306,FLORIDA,6400.0,6409.0,6397.0,6380.0,6353.0,6321.0,6283.0,6245.0,6206.0
010307,JAZAN,8035.0,7994.0,7931.0,7855.0,7774.0,7683.0,7588.0,7494.0,7399.0
010308,RECTA,220.0,219.0,218.0,215.0,216.0,213.0,208.0,205.0,202.0
010309,SAN CARLOS,519.0,535.0,551.0,565.0,579.0,592.0,606.0,619.0,632.0
010310,SHIPASBAMBA,1630.0,1656.0,1678.0,1698.0,1716.0,1730.0,1748.0,1761.0,1774.0
010311,VALERA,898.0,868.0,837.0,806.0,775.0,745.0,715.0,687.0,659.0
010312,YAMBRASBAMBA,5833.0,5802.0,5757.0,5706.0,5645.0,5581.0,5513.0,5445.0,5376.0
010400,CONDORCANQUI,50180.0,50827.0,51344.0,51787.0,52082.0,52275.0,52411.0,52539.0,52655.0
010401,NIEVA,21231.0,21071.0,20847.0,20569.0,20264.0,19939.0,19600.0,19256.0,18904.0
010402,EL CENEPA,11863.0,12213.0,12537.0,12854.0,13122.0,13358.0,13578.0,13797.0,14016.0
010403,RIO SANTIAGO,17086.0,17543.0,17960.0,18364.0,18696.0,18978.0,19233.0,19486.0,19735.0
010500,LUYA,48110.0,48032.0,47827.0,47482.0,47081.0,46640.0,46179.0,45714.0,45242.0
010501,LAMUD,2379.0,2381.0,2375.0,2363.0,2345.0,2326.0,2305.0,2283.0,2261.0
010502,CAMPORREDONDO,7313.0,7422.0,7515.0,7584.0,7644.0,7688.0,7729.0,7767.0,7802.0
010503,COCABAMBA,2087.0,2068.0,2045.0,2015.0,1983.0,1948.0,1913.0,1878.0,1842.0
010504,COLCAMAR,2011.0,1975.0,1933.0,1887.0,1838.0,1789.0,1739.0,1689.0,1642.0
010505,CONILA,1950.0,1939.0,1923.0,1899.0,1875.0,1847.0,1819.0,1791.0,1762.0
010506,INGUILPATA,517.0,502.0,486.0,469.0,451.0,434.0,417.0,402.0,386.0
010507,LONGUITA,898.0,892.0,883.0,873.0,860.0,847.0,833.0,818.0,804.0
010508,LONYA CHICO,891.0,876.0,858.0,838.0,817.0,796.0,775.0,753.0,733.0
010509,LUYA,4147.0,4139.0,4118.0,4086.0,4047.0,4004.0,3957.0,3911.0,3862.0
010510,LUYA VIEJO,408.0,407.0,405.0,401.0,398.0,394.0,388.0,383.0,377.0
010511,MARIA,792.0,785.0,776.0,764.0,752.0,738.0,724.0,711.0,697.0
010512,OCALLI,3919.0,3939.0,3950.0,3953.0,3957.0,3962.0,3966.0,3971.0,3975.0
010513,OCUMAL,3744.0,3734.0,3712.0,3679.0,3641.0,3599.0,3554.0,3508.0,3462.0
010514,PISUQUIA,5160.0,5125.0,5075.0,5012.0,4940.0,4862.0,4784.0,4707.0,4624.0
010515,PROVIDENCIA,1406.0,1399.0,1389.0,1374.0,1356.0,1339.0,1320.0,1300.0,1280.0
010516,SAN CRISTOBAL,576.0,563.0,550.0,535.0,520.0,505.0,490.0,474.0,460.0
010517,SAN FRANCISCO DEL YESO,745.0,739.0,732.0,722.0,711.0,699.0,688.0,675.0,663.0
010518,SAN JERONIMO,668.0,645.0,621.0,597.0,571.0,547.0,524.0,500.0,478.0
010519,SAN JUAN DE LOPECANCHA,453.0,445.0,434.0,423.0,411.0,399.0,388.0,377.0,366.0
010520,SANTA CATALINA,2078.0,2114.0,2145.0,2168.0,2189.0,2206.0,2222.0,2238.0,2253.0
010521,SANTO TOMAS,3176.0,3127.0,3070.0,3004.0,2935.0,2865.0,2793.0,2722.0,2653.0
010522,TINGO,1355.0,1367.0,1375.0,1378.0,1381.0,1385.0,1388.0,1392.0,1395.0
010523,TRITA,1437.0,1449.0,1457.0,1458.0,1459.0,1461.0,1463.0,1464.0,1465.0
010600,RODRIGUEZ DE MENDOZA,32513.0,33122.0,33651.0,33895.0,34099.0,34274.0,34434.0,34590.0,34739.0
010601,SAN NICOLAS,6278.0,6399.0,6499.0,6551.0,6594.0,6629.0,6660.0,6690.0,6719.0
010602,CHIRIMOTO,2713.0,2799.0,2877.0,2914.0,2946.0,2971.0,2996.0,3017.0,3037.0
010603,COCHAMAL,628.0,633.0,636.0,638.0,639.0,642.0,645.0,648.0,651.0
010604,HUAMBO,2772.0,2722.0,2664.0,2590.0,2515.0,2439.0,2363.0,2287.0,2211.0
010605,LIMABAMBA,2491.0,2465.0,2431.0,2385.0,2338.0,2290.0,2242.0,2194.0,2146.0
010606,LONGAR,1704.0,1691.0,1673.0,1647.0,1621.0,1594.0,1567.0,1540.0,1513.0
010607,MARISCAL BENAVIDES,1568.0,1566.0,1559.0,1539.0,1519.0,1498.0,1477.0,1456.0,1435.0
010608,MILPUC,458.0,439.0,419.0,411.0,405.0,399.0,393.0,387.0,381.0
010609,OMIA,9603.0,9830.0,10028.0,10127.0,10206.0,10273.0,10328.0,10385.0,10438.0
010610,SANTA ROSA,538.0,534.0,529.0,527.0,526.0,525.0,524.0,523.0,522.0
010611,TOTORA,293.0,290.0,288.0,289.0,286.0,285.0,284.0,283.0,282.0
010612,VISTA ALEGRE,3467.0,3754.0,4048.0,4277.0,4504.0,4729.0,4955.0,5180.0,5404.0
010700,UTCUBAMBA,118094.0,118853.0,119294.0,119657.0,119879.0,120002.0,120068.0,120121.0,120157.0
010701,BAGUA GRANDE,56257.0,57076.0,57746.0,58380.0,58947.0,59466.0,59952.0,60434.0,60907.0
010702,CAJARURO,24996.0,24794.0,24525.0,24236.0,23916.0,23574.0,23221.0,22864.0,22504.0
010703,CUMBA,8852.0,8819.0,8760.0,8695.0,8620.0,8536.0,8449.0,8361.0,8271.0
010704,EL MILAGRO,6422.0,6471.0,6503.0,6531.0,6551.0,6564.0,6576.0,6586.0,6596.0
010705,JAMALCA,7303.0,7269.0,7215.0,7156.0,7087.0,7012.0,6934.0,6855.0,6775.0
010706,LONYA GRANDE,11034.0,11182.0,11300.0,11412.0,11509.0,11598.0,11681.0,11763.0,11843.0
010707,YAMON,3230.0,3242.0,3245.0,3247.0,3249.0,3252.0,3255.0,3258.0,3261.0
020000,ÁNCASH,1155451.0,1169522.0,1180638.0,1188391.0,1194156.0,1198547.0,1202171.0,1205639.0,1208895.0
020100,HUARAZ,178027.0,181866.0,185276.0,188106.0,190612.0,192904.0,195088.0,197279.0,199473.0
020101,HUARAZ,66195.0,67418.0,68466.0,69249.0,69882.0,70410.0,70876.0,71323.0,71747.0
020102,COCHABAMBA,1745.0,1723.0,1698.0,1682.0,1669.0,1658.0,1648.0,1638.0,1628.0
020103,COLCABAMBA,314.0,293.0,274.0,262.0,252.0,245.0,239.0,234.0,228.0
020104,HUANCHAY,1726.0,1689.0,1652.0,1627.0,1608.0,1593.0,1580.0,1566.0,1553.0
020105,INDEPENDENCIA,82563.0,84931.0,87112.0,88989.0,90711.0,92336.0,93922.0,95535.0,97176.0
020106,JANGAS,5056.0,5138.0,5206.0,5254.0,5292.0,5320.0,5344.0,5366.0,5384.0
020107,LA LIBERTAD,1132.0,1122.0,1110.0,1102.0,1095.0,1090.0,1084.0,1079.0,1074.0
020108,OLLEROS,2513.0,2514.0,2507.0,2503.0,2498.0,2493.0,2487.0,2481.0,2474.0
020109,PAMPAS GRANDE,1040.0,1020.0,998.0,984.0,973.0,964.0,956.0,948.0,941.0
020110,PARIACOTO,5078.0,5163.0,5235.0,5287.0,5328.0,5361.0,5391.0,5418.0,5444.0
020111,PIRA,3536.0,3518.0,3489.0,3472.0,3456.0,3442.0,3428.0,3414.0,3401.0
020112,TARICA,7129.0,7337.0,7529.0,7695.0,7848.0,7992.0,8133.0,8277.0,8423.0
020200,AIJA,6632.0,6541.0,6433.0,6305.0,6170.0,6024.0,5878.0,5734.0,5590.0
020201,AIJA,2158.0,2175.0,2182.0,2186.0,2184.0,2178.0,2169.0,2158.0,2145.0
020202,CORIS,1713.0,1683.0,1649.0,1594.0,1538.0,1480.0,1424.0,1369.0,1315.0
020203,HUACLLAN,383.0,371.0,358.0,342.0,327.0,312.0,296.0,281.0,267.0
020204,LA MERCED,1627.0,1573.0,1517.0,1468.0,1418.0,1366.0,1315.0,1266.0,1217.0
020205,SUCCHA,751.0,739.0,727.0,715.0,703.0,688.0,674.0,660.0,646.0
020300,ANTONIO RAYMONDI,14349.0,14168.0,13950.0,13690.0,13404.0,13108.0,12805.0,12504.0,12203.0
020301,LLAMELLIN,3468.0,3446.0,3413.0,3373.0,3325.0,3272.0,3216.0,3159.0,3102.0
020302,ACZO,2013.0,1988.0,1958.0,1914.0,1863.0,1809.0,1752.0,1696.0,1640.0
020303,CHACCHO,1421.0,1385.0,1346.0,1314.0,1283.0,1254.0,1225.0,1197.0,1168.0
020304,CHINGAS,1960.0,1956.0,1946.0,1898.0,1843.0,1785.0,1725.0,1666.0,1607.0
020305,MIRGAS,4279.0,4212.0,4135.0,4063.0,3986.0,3910.0,3832.0,3754.0,3677.0
020306,SAN JUAN DE RONTOY,1208.0,1181.0,1152.0,1128.0,1104.0,1078.0,1055.0,1032.0,1009.0
020400,ASUNCIÓN,7879.0,7805.0,7710.0,7591.0,7457.0,7316.0,7170.0,7025.0,6878.0
020401,CHACAS,4852.0,4825.0,4787.0,4731.0,4665.0,4596.0,4521.0,4447.0,4372.0
020402,ACOCHACA,3027.0,2980.0,2923.0,2860.0,2792.0,2720.0,2649.0,2578.0,2506.0
020500,BOLOGNESI,24877.0,24474.0,24012.0,23475.0,22902.0,22312.0,21714.0,21126.0,20541.0
020501,CHIQUIAN,4092.0,4095.0,4087.0,4047.0,3990.0,3924.0,3851.0,3777.0,3704.0
020502,ABELARDO PARDO LEZAMETA,249.0,231.0,215.0,210.0,203.0,196.0,189.0,183.0,177.0
020503,ANTONIO RAYMONDI,1046.0,1034.0,1020.0,990.0,958.0,927.0,896.0,865.0,834.0
020504,AQUIA,2188.0,2136.0,2079.0,2000.0,1925.0,1853.0,1782.0,1714.0,1646.0
020505,CAJACAY,1838.0,1856.0,1868.0,1888.0,1899.0,1904.0,1909.0,1914.0,1919.0
020506,CANIS,318.0,298.0,279.0,261.0,246.0,232.0,221.0,209.0,197.0
020507,COLQUIOC,2452.0,2404.0,2348.0,2265.0,2183.0,2104.0,2027.0,1953.0,1879.0
020508,HUALLANCA,6727.0,6610.0,6473.0,6401.0,6304.0,6193.0,6064.0,5931.0,5800.0
020509,HUASTA,1474.0,1408.0,1341.0,1271.0,1210.0,1153.0,1101.0,1052.0,1003.0
020510,HUAYLLACAYAN,1352.0,1361.0,1365.0,1336.0,1298.0,1256.0,1212.0,1169.0,1126.0
020511,LA PRIMAVERA,473.0,458.0,444.0,421.0,399.0,378.0,359.0,342.0,325.0
020512,MANGAS,524.0,520.0,515.0,501.0,486.0,471.0,455.0,440.0,425.0
020513,PACLLON,955.0,915.0,874.0,830.0,792.0,755.0,722.0,691.0,660.0
020514,SAN MIGUEL DE CORPANQUI,511.0,492.0,471.0,449.0,429.0,410.0,392.0,375.0,358.0
020515,TICLLOS,678.0,656.0,633.0,605.0,580.0,556.0,534.0,511.0,488.0
020600,CARHUAZ,48797.0,49466.0,50007.0,50386.0,50669.0,50883.0,51056.0,51213.0,51351.0
020601,CARHUAZ,16139.0,16428.0,16675.0,16804.0,16917.0,17006.0,17083.0,17155.0,17222.0
020602,ACOPAMPA,2734.0,2768.0,2794.0,2812.0,2820.0,2823.0,2826.0,2829.0,2831.0
020603,AMASHCA,1535.0,1529.0,1520.0,1507.0,1491.0,1473.0,1453.0,1434.0,1414.0
020604,ANTA,2553.0,2579.0,2598.0,2610.0,2613.0,2615.0,2617.0,2619.0,2620.0
020605,ATAQUERO,1593.0,1607.0,1617.0,1624.0,1628.0,1632.0,1636.0,1640.0,1643.0
020606,MARCARA,10378.0,10593.0,10782.0,10940.0,11067.0,11167.0,11249.0,11321.0,11389.0
020607,PARIAHUANCA,1457.0,1458.0,1455.0,1455.0,1454.0,1450.0,1444.0,1440.0,1435.0
020608,SAN MIGUEL DE ACO,2502.0,2505.0,2502.0,2502.0,2498.0,2493.0,2487.0,2480.0,2472.0
020609,SHILLA,2962.0,2943.0,2915.0,2901.0,2886.0,2872.0,2858.0,2843.0,2827.0
020610,TINCO,3687.0,3778.0,3861.0,3933.0,3995.0,4050.0,4099.0,4146.0,4191.0
020611,YUNGAR,3257.0,3278.0,3288.0,3298.0,3300.0,3302.0,3304.0,3306.0,3307.0
020700,CARLOS F. FITZCARRALD,18848.0,18697.0,18496.0,18231.0,17925.0,17591.0,17233.0,16860.0,16467.0
020701,SAN LUIS,11202.0,11158.0,11083.0,10975.0,10842.0,10694.0,10528.0,10347.0,10150.0
020702,SAN NICOLAS,3322.0,3282.0,3233.0,3171.0,3101.0,3025.0,2947.0,2868.0,2788.0
020703,YAUYA,4324.0,4257.0,4180.0,4085.0,3982.0,3872.0,3758.0,3645.0,3529.0
020800,CASMA,54382.0,55877.0,57256.0,58472.0,59605.0,60688.0,61758.0,62853.0,63975.0
020801,CASMA,38133.0,39286.0,40363.0,41315.0,42209.0,43067.0,43919.0,44792.0,45688.0
020802,BUENA VISTA ALTA,5128.0,5276.0,5413.0,5533.0,5645.0,5751.0,5856.0,5963.0,6072.0
020803,COMANDANTE NOEL,2280.0,2313.0,2340.0,2360.0,2375.0,2387.0,2396.0,2405.0,2413.0
020804,YAUTAN,8841.0,9002.0,9140.0,9264.0,9376.0,9483.0,9587.0,9693.0,9802.0
020900,CORONGO,8034.0,8037.0,8017.0,7969.0,7906.0,7831.0,7750.0,7666.0,7580.0
020901,CORONGO,1789.0,1792.0,1790.0,1794.0,1795.0,1796.0,1797.0,1798.0,1799.0
020902,ACO,401.0,391.0,380.0,366.0,352.0,336.0,321.0,307.0,293.0
020903,BAMBAS,483.0,483.0,481.0,474.0,464.0,453.0,441.0,426.0,411.0
020904,CUSCA,2856.0,2874.0,2881.0,2892.0,2901.0,2903.0,2907.0,2911.0,2913.0
020905,LA PAMPA,1088.0,1084.0,1078.0,1062.0,1044.0,1024.0,999.0,972.0,945.0
020906,YANAC,676.0,672.0,666.0,654.0,638.0,622.0,604.0,587.0,570.0
020907,YUPAN,741.0,741.0,741.0,727.0,712.0,697.0,681.0,665.0,649.0
021000,HUARI,62909.0,63173.0,63264.0,63344.0,63382.0,63385.0,63367.0,63336.0,63290.0
021001,HUARI,9781.0,9806.0,9803.0,9796.0,9786.0,9776.0,9765.0,9756.0,9749.0
021002,ANRA,1467.0,1443.0,1414.0,1394.0,1371.0,1344.0,1316.0,1283.0,1249.0
021003,CAJAY,2711.0,2690.0,2661.0,2651.0,2637.0,2619.0,2599.0,2576.0,2550.0
021004,CHAVIN DE HUANTAR,8548.0,8517.0,8462.0,8467.0,8464.0,8453.0,8436.0,8415.0,8390.0
021005,HUACACHI,1880.0,1862.0,1841.0,1836.0,1830.0,1825.0,1821.0,1818.0,1816.0
021006,HUACCHIS,1488.0,1446.0,1401.0,1366.0,1330.0,1294.0,1255.0,1216.0,1174.0
021007,HUACHIS,3611.0,3604.0,3589.0,3602.0,3614.0,3625.0,3636.0,3649.0,3663.0
021008,HUANTAR,2782.0,2768.0,2746.0,2743.0,2737.0,2728.0,2717.0,2705.0,2691.0
021009,MASIN,1439.0,1401.0,1360.0,1329.0,1297.0,1264.0,1230.0,1193.0,1155.0
021010,PAUCAS,1632.0,1601.0,1565.0,1539.0,1511.0,1479.0,1446.0,1408.0,1368.0
021011,PONTO,2829.0,2781.0,2725.0,2688.0,2647.0,2602.0,2552.0,2499.0,2443.0
021012,RAHUAPAMPA,749.0,751.0,751.0,759.0,764.0,767.0,771.0,776.0,781.0
021013,RAPAYAN,1500.0,1483.0,1461.0,1449.0,1433.0,1415.0,1394.0,1372.0,1346.0
021014,SAN MARCOS,18446.0,18998.0,19498.0,19745.0,19991.0,20237.0,20489.0,20749.0,21016.0
021015,SAN PEDRO DE CHANA,2687.0,2695.0,2694.0,2711.0,2724.0,2734.0,2741.0,2745.0,2748.0
021016,UCO,1359.0,1327.0,1293.0,1269.0,1246.0,1223.0,1199.0,1176.0,1151.0
021100,HUARMEY,32049.0,32599.0,33066.0,33424.0,33718.0,33963.0,34178.0,34380.0,34568.0
021101,HUARMEY,26102.0,26644.0,27123.0,27494.0,27805.0,28067.0,28300.0,28519.0,28725.0
021102,COCHAPETI,822.0,820.0,814.0,806.0,797.0,786.0,773.0,761.0,749.0
021103,CULEBRAS,3350.0,3382.0,3405.0,3418.0,3424.0,3431.0,3438.0,3445.0,3451.0
021104,HUAYAN,976.0,971.0,961.0,955.0,950.0,945.0,940.0,935.0,930.0
021105,MALVAS,799.0,782.0,763.0,751.0,742.0,734.0,727.0,720.0,713.0
021200,HUAYLAS,55883.0,56295.0,56557.0,56738.0,56853.0,56919.0,56953.0,56974.0,56978.0
021201,CARAZ,26307.0,26663.0,26949.0,27141.0,27281.0,27376.0,27443.0,27501.0,27550.0
021202,HUALLANCA,1080.0,1096.0,1110.0,1121.0,1130.0,1139.0,1147.0,1157.0,1167.0
021203,HUATA,1421.0,1410.0,1394.0,1385.0,1377.0,1371.0,1366.0,1360.0,1354.0
021204,HUAYLAS,1722.0,1712.0,1697.0,1688.0,1682.0,1675.0,1669.0,1663.0,1657.0
021205,MATO,1982.0,1977.0,1967.0,1950.0,1928.0,1905.0,1880.0,1853.0,1825.0
021206,PAMPAROMAS,8552.0,8577.0,8577.0,8580.0,8578.0,8573.0,8564.0,8556.0,8545.0
021207,PUEBLO LIBRE,6951.0,6980.0,6990.0,6998.0,7001.0,7003.0,7005.0,7007.0,7007.0
021208,SANTA CRUZ,4612.0,4606.0,4588.0,4578.0,4568.0,4559.0,4549.0,4539.0,4528.0
021209,SANTO TORIBIO,1132.0,1113.0,1092.0,1079.0,1069.0,1061.0,1055.0,1046.0,1037.0
021210,YURACMARCA,2124.0,2161.0,2193.0,2218.0,2239.0,2257.0,2275.0,2292.0,2308.0
021300,MARISCAL LUZURIAGA,21935.0,21891.0,21787.0,21607.0,21386.0,21136.0,20870.0,20599.0,20320.0
021301,PISCOBAMBA,3184.0,3158.0,3122.0,3095.0,3063.0,3025.0,2986.0,2946.0,2905.0
021302,CASCA,4046.0,4036.0,4015.0,3960.0,3902.0,3840.0,3776.0,3713.0,3648.0
021303,ELEAZAR GUZMAN BARRON,1402.0,1413.0,1421.0,1410.0,1394.0,1375.0,1355.0,1334.0,1314.0
021304,FIDEL OLIVAS ESCUDERO,2034.0,2016.0,1993.0,1942.0,1886.0,1825.0,1765.0,1704.0,1645.0
021305,LLAMA,1063.0,1040.0,1015.0,989.0,965.0,945.0,923.0,902.0,881.0
021306,LLUMPA,6255.0,6294.0,6315.0,6362.0,6395.0,6416.0,6430.0,6439.0,6441.0
021307,LUCMA,2910.0,2894.0,2870.0,2831.0,2787.0,2740.0,2691.0,2642.0,2592.0
021308,MUSGA,1041.0,1040.0,1036.0,1018.0,994.0,970.0,944.0,919.0,894.0
021400,OCROS,7477.0,7359.0,7224.0,7066.0,6897.0,6723.0,6547.0,6373.0,6201.0
021401,OCROS,1287.0,1275.0,1259.0,1245.0,1227.0,1204.0,1178.0,1149.0,1120.0
021402,ACAS,701.0,689.0,676.0,640.0,603.0,566.0,532.0,498.0,464.0
021403,CAJAMARQUILLA,318.0,307.0,297.0,286.0,275.0,264.0,252.0,241.0,230.0
021404,CARHUAPAMPA,489.0,469.0,447.0,420.0,395.0,374.0,354.0,335.0,316.0
021405,COCHAS,1535.0,1553.0,1566.0,1580.0,1586.0,1589.0,1591.0,1594.0,1599.0
021406,CONGAS,1309.0,1313.0,1313.0,1302.0,1287.0,1268.0,1238.0,1206.0,1174.0
021407,LLIPA,285.0,259.0,233.0,230.0,225.0,220.0,214.0,209.0,204.0
021408,SAN CRISTOBAL DE RAJAN,460.0,449.0,437.0,411.0,383.0,355.0,329.0,305.0,281.0
021409,SAN PEDRO,643.0,593.0,544.0,496.0,458.0,422.0,395.0,369.0,343.0
021410,SANTIAGO DE CHILCAS,450.0,452.0,452.0,456.0,458.0,461.0,464.0,467.0,470.0
021500,PALLASCA,25022.0,24729.0,24371.0,23936.0,23461.0,22960.0,22450.0,21941.0,21433.0
021501,CABANA,2619.0,2608.0,2588.0,2558.0,2522.0,2484.0,2442.0,2401.0,2359.0
021502,BOLOGNESI,1065.0,1043.0,1017.0,989.0,959.0,928.0,897.0,867.0,837.0
021503,CONCHUCOS,7879.0,7877.0,7850.0,7793.0,7720.0,7633.0,7536.0,7437.0,7332.0
021504,HUACASCHUQUE,552.0,543.0,532.0,520.0,506.0,492.0,481.0,465.0,451.0
021505,HUANDOVAL,1090.0,1087.0,1082.0,1072.0,1059.0,1044.0,1030.0,1015.0,997.0
021506,LACABAMBA,537.0,528.0,517.0,505.0,494.0,479.0,465.0,451.0,439.0
021507,LLAPO,633.0,629.0,624.0,618.0,607.0,599.0,588.0,577.0,567.0
021508,PALLASCA,2533.0,2529.0,2517.0,2497.0,2470.0,2440.0,2407.0,2374.0,2338.0
021509,PAMPAS,4105.0,3902.0,3697.0,3490.0,3287.0,3090.0,2902.0,2721.0,2551.0
021510,SANTA ROSA,1146.0,1148.0,1147.0,1140.0,1133.0,1123.0,1110.0,1098.0,1086.0
021511,TAUCA,2863.0,2835.0,2800.0,2754.0,2704.0,2648.0,2592.0,2535.0,2476.0
021600,POMABAMBA,26773.0,26760.0,26675.0,26498.0,26269.0,26003.0,25717.0,25423.0,25120.0
021601,POMABAMBA,14881.0,14928.0,14933.0,14886.0,14818.0,14737.0,14648.0,14554.0,14455.0
021602,HUAYLLAN,3130.0,3094.0,3051.0,2997.0,2936.0,2870.0,2801.0,2732.0,2663.0
021603,PAROBAMBA,6421.0,6404.0,6369.0,6313.0,6239.0,6151.0,6056.0,5960.0,5861.0
021604,QUINUABAMBA,2341.0,2334.0,2322.0,2302.0,2276.0,2245.0,2212.0,2177.0,2141.0
021700,RECUAY,18174.0,18154.0,18085.0,17954.0,17787.0,17597.0,17392.0,17182.0,16968.0
021701,RECUAY,4614.0,4577.0,4527.0,4455.0,4374.0,4285.0,4189.0,4093.0,3995.0
021702,CATAC,4068.0,4070.0,4060.0,4030.0,3990.0,3941.0,3887.0,3832.0,3771.0
021703,COTAPARACO,423.0,409.0,394.0,379.0,362.0,346.0,329.0,312.0,297.0
021704,HUAYLLAPAMPA,648.0,614.0,580.0,546.0,511.0,477.0,443.0,412.0,380.0
021705,LLACLLIN,929.0,893.0,855.0,816.0,776.0,737.0,698.0,661.0,626.0
021706,MARCA,1758.0,1843.0,1924.0,1999.0,2071.0,2139.0,2206.0,2271.0,2336.0
021707,PAMPAS CHICO,947.0,901.0,854.0,808.0,762.0,716.0,670.0,624.0,578.0
021708,PARARIN,1639.0,1681.0,1716.0,1745.0,1768.0,1788.0,1806.0,1820.0,1834.0
021709,TAPACOCHA,447.0,440.0,432.0,423.0,412.0,400.0,389.0,376.0,365.0
021710,TICAPAMPA,2701.0,2726.0,2743.0,2753.0,2761.0,2768.0,2775.0,2781.0,2786.0
021800,SANTA,459137.0,467182.0,474053.0,479362.0,483774.0,487551.0,490960.0,494274.0,497471.0
021801,CHIMBOTE,215834.0,216601.0,216776.0,216641.0,216277.0,215760.0,215165.0,214571.0,213966.0
021802,CACERES DEL PERU,4826.0,4828.0,4816.0,4782.0,4736.0,4684.0,4629.0,4573.0,4518.0
021803,COISHCO,16941.0,17236.0,17491.0,17626.0,17704.0,17743.0,17762.0,17777.0,17787.0
021804,MACATE,3346.0,3315.0,3275.0,3221.0,3159.0,3094.0,3029.0,2964.0,2900.0
021805,MORO,8449.0,8576.0,8683.0,8748.0,8791.0,8820.0,8841.0,8860.0,8879.0
021806,NEPEÑA,14601.0,14742.0,14846.0,14892.0,14908.0,14904.0,14888.0,14871.0,14853.0
021807,SAMANCO,5022.0,5129.0,5225.0,5297.0,5355.0,5406.0,5452.0,5498.0,5542.0
021808,SANTA,21748.0,22242.0,22689.0,23030.0,23318.0,23569.0,23802.0,24031.0,24258.0
021809,NUEVO CHIMBOTE,168370.0,174513.0,180252.0,185125.0,189526.0,193571.0,197392.0,201129.0,204768.0
021900,SIHUAS,28840.0,28774.0,28630.0,28389.0,28091.0,27756.0,27400.0,27036.0,26664.0
021901,SIHUAS,5652.0,5678.0,5687.0,5710.0,5726.0,5737.0,5744.0,5748.0,5750.0
021902,ACOBAMBA,1695.0,1673.0,1647.0,1612.0,1572.0,1531.0,1487.0,1445.0,1401.0
021903,ALFONSO UGARTE,557.0,535.0,514.0,490.0,466.0,441.0,418.0,395.0,372.0
021904,CASHAPAMPA,2955.0,2954.0,2945.0,2918.0,2882.0,2840.0,2795.0,2748.0,2701.0
021905,CHINGALPO,947.0,933.0,916.0,894.0,870.0,844.0,818.0,793.0,768.0
021906,HUAYLLABAMBA,3769.0,3740.0,3701.0,3639.0,3567.0,3489.0,3409.0,3326.0,3244.0
021907,QUICHES,2451.0,2428.0,2400.0,2358.0,2310.0,2257.0,2202.0,2147.0,2091.0
021908,RAGASH,2452.0,2432.0,2404.0,2363.0,2315.0,2263.0,2209.0,2155.0,2100.0
021909,SAN JUAN,6806.0,6870.0,6914.0,6941.0,6960.0,6973.0,6981.0,6984.0,6985.0
021910,SICSIBAMBA,1556.0,1531.0,1502.0,1464.0,1423.0,1381.0,1337.0,1295.0,1252.0
022000,YUNGAY,55427.0,55675.0,55769.0,55848.0,55888.0,55897.0,55885.0,55861.0,55824.0
022001,YUNGAY,21873.0,22118.0,22302.0,22485.0,22654.0,22812.0,22963.0,23108.0,23252.0
022002,CASCAPARA,1747.0,1725.0,1698.0,1672.0,1643.0,1613.0,1583.0,1553.0,1523.0
022003,MANCOS,6906.0,6904.0,6881.0,6854.0,6821.0,6783.0,6742.0,6699.0,6653.0
022004,MATACOTO,1511.0,1519.0,1522.0,1528.0,1536.0,1544.0,1552.0,1559.0,1565.0
022005,QUILLO,12926.0,13049.0,13137.0,13216.0,13284.0,13342.0,13392.0,13439.0,13480.0
022006,RANRAHIRCA,2932.0,2952.0,2964.0,2974.0,2981.0,2987.0,2990.0,2993.0,2994.0
022007,SHUPLUY,1955.0,1932.0,1904.0,1875.0,1845.0,1814.0,1782.0,1750.0,1718.0
022008,YANAMA,5577.0,5476.0,5361.0,5244.0,5124.0,5002.0,4881.0,4760.0,4639.0
030000,APURÍMAC,427323.0,429587.0,430736.0,430609.0,429720.0,428311.0,426626.0,424906.0,423128.0
030100,ABANCAY,116371.0,118392.0,120116.0,120976.0,121501.0,121804.0,122001.0,122210.0,122429.0
030101,ABANCAY,72761.0,74800.0,76639.0,77767.0,78681.0,79442.0,80120.0,80789.0,81466.0
030102,CHACOCHE,1410.0,1425.0,1437.0,1448.0,1454.0,1457.0,1460.0,1463.0,1466.0
030103,CIRCA,1933.0,1887.0,1836.0,1819.0,1796.0,1770.0,1742.0,1714.0,1686.0
030104,CURAHUASI,17136.0,17127.0,17064.0,17120.0,17128.0,17103.0,17061.0,17018.0,16976.0
030105,HUANIPACA,3010.0,2896.0,2778.0,2667.0,2550.0,2432.0,2315.0,2205.0,2095.0
030106,LAMBRAMA,3092.0,2953.0,2813.0,2683.0,2547.0,2412.0,2283.0,2161.0,2039.0
030107,PICHIRHUA,2877.0,2777.0,2673.0,2576.0,2471.0,2364.0,2258.0,2158.0,2058.0
030108,SAN PEDRO DE CACHORA,2642.0,2568.0,2490.0,2415.0,2332.0,2246.0,2160.0,2078.0,1996.0
030109,TAMBURCO,11510.0,11959.0,12386.0,12481.0,12542.0,12578.0,12602.0,12624.0,12647.0
030200,ANDAHUAYLAS,150105.0,150634.0,150758.0,151329.0,151731.0,152010.0,152215.0,152393.0,152538.0
030201,ANDAHUAYLAS,44284.0,45221.0,46035.0,47143.0,48053.0,48814.0,49476.0,50078.0,50664.0
030202,ANDARAPA,5730.0,5655.0,5565.0,5458.0,5368.0,5294.0,5227.0,5164.0,5105.0
030203,CHIARA,1236.0,1224.0,1209.0,1193.0,1180.0,1167.0,1156.0,1144.0,1133.0
030204,HUANCARAMA,5378.0,5229.0,5070.0,4834.0,4654.0,4517.0,4408.0,4309.0,4221.0
030205,HUANCARAY,3951.0,3904.0,3846.0,3780.0,3724.0,3676.0,3633.0,3591.0,3553.0
030206,HUAYANA,786.0,770.0,751.0,727.0,708.0,691.0,677.0,666.0,659.0
030207,KISHUARA,6385.0,6234.0,6069.0,5833.0,5650.0,5510.0,5395.0,5290.0,5197.0
030208,PACOBAMBA,3562.0,3451.0,3334.0,3156.0,3022.0,2922.0,2841.0,2769.0,2706.0
030209,PACUCHA,8638.0,8514.0,8367.0,8185.0,8037.0,7914.0,7807.0,7706.0,7612.0
030210,PAMPACHIRI,2314.0,2293.0,2268.0,2267.0,2256.0,2236.0,2213.0,2190.0,2166.0
030211,POMACOCHA,908.0,901.0,890.0,880.0,871.0,862.0,855.0,847.0,839.0
030212,SAN ANTONIO DE CACHI,3048.0,3028.0,3000.0,2978.0,2955.0,2933.0,2910.0,2887.0,2863.0
030213,SAN JERONIMO,22061.0,22184.0,22241.0,22469.0,22601.0,22660.0,22675.0,22690.0,22651.0
030214,SAN MIGUEL DE CHACCRAMPA,1690.0,1673.0,1650.0,1626.0,1605.0,1586.0,1570.0,1554.0,1538.0
030215,SANTA MARIA DE CHICMO,8754.0,8674.0,8570.0,8466.0,8373.0,8287.0,8206.0,8128.0,8052.0
030216,TALAVERA,19465.0,19711.0,19901.0,20291.0,20572.0,20773.0,20923.0,21054.0,21159.0
030217,TUMAY HUARACA,1960.0,1939.0,1912.0,1883.0,1857.0,1836.0,1815.0,1796.0,1777.0
030218,TURPO,3810.0,3778.0,3736.0,3696.0,3660.0,3625.0,3592.0,3559.0,3527.0
030219,KAQUIABAMBA,1851.0,1802.0,1748.0,1669.0,1610.0,1564.0,1527.0,1493.0,1464.0
030220,JOSÉ MARÍA ARGUEDAS,4294.0,4449.0,4596.0,4795.0,4975.0,5143.0,5309.0,5478.0,5652.0
030300,ANTABAMBA,11895.0,11854.0,11781.0,11622.0,11429.0,11214.0,10985.0,10754.0,10518.0
030301,ANTABAMBA,2922.0,2895.0,2860.0,2808.0,2747.0,2679.0,2609.0,2537.0,2462.0
030302,EL ORO,584.0,590.0,595.0,602.0,607.0,611.0,614.0,618.0,620.0
030303,HUAQUIRCA,1955.0,2005.0,2049.0,2074.0,2094.0,2111.0,2125.0,2138.0,2148.0
030304,JUAN ESPINOZA MEDRANO,1783.0,1763.0,1738.0,1705.0,1664.0,1620.0,1573.0,1526.0,1480.0
030305,OROPESA,2404.0,2390.0,2369.0,2316.0,2259.0,2199.0,2137.0,2074.0,2011.0
030306,PACHACONAS,1099.0,1091.0,1079.0,1061.0,1040.0,1016.0,990.0,963.0,938.0
030307,SABAINO,1148.0,1120.0,1091.0,1056.0,1018.0,978.0,937.0,898.0,859.0
030400,AYMARAES,25392.0,25012.0,24570.0,23954.0,23276.0,22557.0,21817.0,21073.0,20319.0
030401,CHALHUANCA,5122.0,5164.0,5191.0,5203.0,5208.0,5211.0,5214.0,5217.0,5214.0
030402,CAPAYA,617.0,606.0,593.0,575.0,554.0,532.0,510.0,486.0,462.0
030403,CARAYBAMBA,976.0,949.0,919.0,882.0,844.0,805.0,766.0,727.0,688.0
030404,CHAPIMARCA,1965.0,1939.0,1907.0,1864.0,1814.0,1759.0,1702.0,1643.0,1583.0
030405,COLCABAMBA,727.0,721.0,712.0,687.0,661.0,635.0,608.0,581.0,554.0
030406,COTARUSE,2704.0,2598.0,2491.0,2380.0,2268.0,2150.0,2045.0,1936.0,1826.0
030407,IHUAYLLO,479.0,466.0,453.0,443.0,430.0,413.0,398.0,385.0,372.0
030408,JUSTO APU SAHUARAURA,770.0,747.0,723.0,701.0,678.0,655.0,631.0,607.0,583.0
030409,LUCRE,1593.0,1552.0,1507.0,1443.0,1371.0,1292.0,1197.0,1105.0,1013.0
030410,POCOHUANCA,1065.0,1054.0,1041.0,1023.0,1002.0,979.0,955.0,930.0,905.0
030411,SAN JUAN DE CHACÑA,795.0,784.0,770.0,745.0,719.0,693.0,666.0,638.0,610.0
030412,SAÑAYCA,1152.0,1137.0,1118.0,1093.0,1063.0,1032.0,997.0,963.0,929.0
030413,SORAYA,746.0,742.0,736.0,710.0,683.0,656.0,628.0,600.0,572.0
030414,TAPAIRIHUA,1946.0,1926.0,1901.0,1867.0,1828.0,1785.0,1739.0,1693.0,1646.0
030415,TINTAY,2380.0,2320.0,2255.0,2161.0,2063.0,1964.0,1863.0,1762.0,1660.0
030416,TORAYA,1334.0,1301.0,1266.0,1215.0,1158.0,1095.0,1031.0,967.0,903.0
030417,YANACA,1021.0,1006.0,987.0,962.0,932.0,901.0,867.0,833.0,799.0
030500,COTABAMBAS,53758.0,54552.0,55208.0,55398.0,55526.0,55610.0,55666.0,55713.0,55749.0
030501,TAMBOBAMBA,10809.0,10816.0,10789.0,10713.0,10660.0,10593.0,10478.0,10385.0,10290.0
030502,COTABAMBAS,4112.0,4089.0,4052.0,4028.0,4001.0,3984.0,3948.0,3922.0,3895.0
030503,COYLLURQUI,6943.0,6860.0,6756.0,6691.0,6651.0,6592.0,6502.0,6427.0,6351.0
030504,HAQUIRA,9935.0,9840.0,9712.0,9511.0,9474.0,9434.0,9380.0,9320.0,9258.0
030505,MARA,6195.0,6171.0,6127.0,6091.0,6084.0,6059.0,6007.0,5967.0,5926.0
030506,CHALLHUAHUACHO,15764.0,16776.0,17772.0,18364.0,18656.0,18948.0,19351.0,19692.0,20029.0
030600,CHINCHEROS,47471.0,47070.0,46544.0,46041.0,45494.0,44917.0,44327.0,43737.0,43146.0
030601,CHINCHEROS,5549.0,5529.0,5495.0,5472.0,5443.0,5409.0,5374.0,5342.0,5310.0
030602,ANCO-HUALLO,10770.0,10749.0,10695.0,10540.0,10382.0,10218.0,10052.0,9886.0,9719.0
030603,COCHARCAS,1811.0,1772.0,1729.0,1718.0,1707.0,1695.0,1683.0,1670.0,1657.0
030604,HUACCANA,6944.0,6836.0,6711.0,5489.0,5389.0,5285.0,5180.0,5073.0,4966.0
030605,OCOBAMBA,7193.0,7125.0,7036.0,6962.0,6877.0,6786.0,6692.0,6597.0,6502.0
030606,ONGOY,2459.0,2408.0,2352.0,2320.0,2287.0,2254.0,2220.0,2185.0,2150.0
030607,URANMARCA,2817.0,2794.0,2765.0,2743.0,2717.0,2692.0,2666.0,2642.0,2618.0
030608,RANRACANCHA,4247.0,4209.0,4158.0,4116.0,4068.0,4016.0,3961.0,3907.0,3853.0
030609,ROCCHACC,2825.0,2810.0,2787.0,2770.0,2751.0,2728.0,2705.0,2682.0,2659.0
030610,EL PORVENIR,1801.0,1788.0,1771.0,1758.0,1743.0,1728.0,1713.0,1698.0,1683.0
030611,LOS CHANKAS,1055.0,1050.0,1045.0,1043.0,1040.0,1037.0,1034.0,1029.0,1024.0
030612,AHUAYRO,,,,1110.0,1090.0,1069.0,1047.0,1026.0,1005.0
030700,GRAU,22331.0,22073.0,21759.0,21289.0,20763.0,20199.0,19615.0,19026.0,18429.0
030701,CHUQUIBAMBILLA,5318.0,5295.0,5255.0,5150.0,5036.0,4907.0,4772.0,4626.0,4476.0
030702,CURPAHUASI,2033.0,2003.0,1967.0,1918.0,1861.0,1799.0,1735.0,1671.0,1606.0
030703,GAMARRA,2882.0,2791.0,2696.0,2588.0,2476.0,2361.0,2244.0,2126.0,2007.0
030704,HUAYLLATI,1421.0,1385.0,1346.0,1298.0,1246.0,1191.0,1136.0,1083.0,1030.0
030705,MAMARA,905.0,900.0,893.0,879.0,862.0,842.0,821.0,800.0,779.0
030706,MICAELA BASTIDAS,959.0,933.0,905.0,872.0,835.0,798.0,760.0,724.0,688.0
030707,PATAYPAMPA,832.0,814.0,794.0,769.0,742.0,713.0,683.0,654.0,625.0
030708,PROGRESO,3156.0,3194.0,3222.0,3235.0,3241.0,3244.0,3247.0,3250.0,3252.0
030709,SAN ANTONIO,285.0,278.0,271.0,262.0,252.0,242.0,232.0,222.0,212.0
030710,SANTA ROSA,587.0,576.0,562.0,545.0,527.0,507.0,486.0,466.0,446.0
030711,TURPAY,664.0,652.0,640.0,622.0,603.0,584.0,564.0,546.0,528.0
030712,VILCABAMBA,1314.0,1321.0,1324.0,1327.0,1326.0,1323.0,1317.0,1311.0,1304.0
030713,VIRUNDO,693.0,668.0,643.0,614.0,583.0,553.0,523.0,493.0,463.0
030714,CURASCO,1282.0,1263.0,1241.0,1210.0,1173.0,1135.0,1095.0,1054.0,1013.0
040000,AREQUIPA,1428708.0,1464638.0,1497438.0,1526669.0,1553994.0,1580075.0,1605569.0,1631136.0,1656746.0
040100,AREQUIPA,1114721.0,1146418.0,1175765.0,1201896.0,1226404.0,1249864.0,1272846.0,1295925.0,1319077.0
040101,AREQUIPA,55496.0,55033.0,54400.0,54412.0,54396.0,54362.0,54315.0,54262.0,54201.0
040102,ALTO SELVA ALEGRE,85790.0,87291.0,88537.0,90180.0,91755.0,93292.0,94815.0,96351.0,97900.0
040103,CAYMA,97980.0,100686.0,103140.0,105760.0,108314.0,110831.0,113343.0,115881.0,118443.0
040104,CERRO COLORADO,206393.0,217894.0,229142.0,235305.0,241328.0,247274.0,253214.0,259214.0,265275.0
040105,CHARACATO,14142.0,15190.0,16263.0,16987.0,17706.0,18423.0,19143.0,19872.0,20610.0
040106,CHIGUATA,3039.0,3080.0,3112.0,3171.0,3227.0,3279.0,3330.0,3382.0,3433.0
040107,JACOBO HUNTER,50879.0,51442.0,51848.0,52729.0,53543.0,54315.0,55070.0,55832.0,56602.0
040108,LA JOYA,35441.0,36807.0,38103.0,39668.0,41181.0,42668.0,44159.0,45683.0,47244.0
040109,MARIANO MELGAR,62295.0,63460.0,64442.0,65809.0,67014.0,68105.0,69135.0,70154.0,71157.0
040110,MIRAFLORES,61362.0,62586.0,63632.0,65064.0,66339.0,67508.0,68619.0,69725.0,70819.0
040111,MOLLEBAYA,5426.0,6172.0,6998.0,7363.0,7727.0,8090.0,8456.0,8826.0,9201.0
040112,PAUCARPATA,131837.0,133175.0,134099.0,135781.0,137061.0,138046.0,138830.0,139513.0,140086.0
040113,POCSI,469.0,458.0,447.0,442.0,437.0,430.0,428.0,422.0,416.0
040114,POLOBAYA,873.0,836.0,797.0,771.0,746.0,722.0,697.0,672.0,647.0
040115,QUEQUEÑA,5290.0,6085.0,6977.0,7324.0,7669.0,8013.0,8360.0,8711.0,9066.0
040116,SABANDIA,4397.0,4476.0,4544.0,4648.0,4745.0,4837.0,4928.0,5020.0,5113.0
040117,SACHACA,25237.0,26163.0,27038.0,28101.0,29124.0,30126.0,31128.0,32152.0,33198.0
040118,SAN JUAN DE SIGUAS,640.0,601.0,561.0,546.0,530.0,513.0,496.0,479.0,461.0
040119,SAN JUAN DE TARUCANI,1404.0,1353.0,1299.0,1265.0,1233.0,1201.0,1168.0,1134.0,1100.0
040120,SANTA ISABEL DE SIGUAS,720.0,686.0,650.0,635.0,618.0,601.0,584.0,566.0,548.0
040121,SANTA RITA DE SIGUAS,6885.0,7187.0,7478.0,7821.0,8156.0,8488.0,8822.0,9168.0,9524.0
040122,SOCABAYA,77115.0,79147.0,80977.0,83367.0,85605.0,87750.0,89862.0,92001.0,94168.0
040123,TIABAYA,16622.0,16848.0,17023.0,17297.0,17520.0,17709.0,17874.0,18026.0,18164.0
040124,UCHUMAYO,15153.0,15689.0,16195.0,16812.0,17404.0,17981.0,18558.0,19147.0,19748.0
040125,VITOR,4151.0,4332.0,4506.0,4713.0,4915.0,5116.0,5317.0,5523.0,5736.0
040126,YANAHUARA,25766.0,26099.0,26354.0,26755.0,27081.0,27353.0,27590.0,27815.0,28023.0
040127,YARABAMBA,1433.0,1482.0,1528.0,1584.0,1638.0,1691.0,1743.0,1797.0,1851.0
040128,YURA,36865.0,39899.0,43033.0,44322.0,45585.0,46837.0,48089.0,49354.0,50632.0
040129,JOSE LUIS BUSTAMANTE Y RIVERO,81621.0,82261.0,82642.0,83264.0,83807.0,84303.0,84773.0,85243.0,85711.0
040200,CAMANA,59939.0,60900.0,61708.0,62433.0,63098.0,63721.0,64322.0,64919.0,65510.0
040201,CAMANA,12995.0,12855.0,12677.0,12527.0,12379.0,12235.0,12090.0,11945.0,11799.0
040202,JOSE MARIA QUIMPER,4568.0,4645.0,4710.0,4761.0,4804.0,4843.0,4877.0,4910.0,4941.0
040203,MARIANO NICOLAS VALCARCEL,7579.0,8014.0,8448.0,8863.0,9273.0,9682.0,10095.0,10517.0,10945.0
040204,MARISCAL CACERES,6273.0,6371.0,6450.0,6512.0,6562.0,6605.0,6642.0,6677.0,6710.0
040205,NICOLAS DE PIEROLA,7423.0,7583.0,7723.0,7843.0,7949.0,8047.0,8140.0,8231.0,8320.0
040206,OCOÑA,4110.0,4082.0,4040.0,4005.0,3970.0,3934.0,3899.0,3863.0,3827.0
040207,QUILCA,1021.0,1048.0,1072.0,1093.0,1115.0,1133.0,1152.0,1169.0,1186.0
040208,SAMUEL PASTOR,15970.0,16302.0,16588.0,16829.0,17046.0,17242.0,17427.0,17607.0,17782.0
040300,CARAVELI,42127.0,42961.0,43690.0,44283.0,44803.0,45272.0,45711.0,46140.0,46558.0
040301,CARAVELI,4157.0,4198.0,4227.0,4284.0,4332.0,4372.0,4416.0,4454.0,4491.0
040302,ACARI,4976.0,5081.0,5172.0,5283.0,5381.0,5467.0,5548.0,4112.0,4133.0
040303,ATICO,5641.0,5809.0,5962.0,6127.0,6271.0,6400.0,6521.0,6639.0,6755.0
040304,ATIQUIPA,511.0,493.0,475.0,466.0,455.0,447.0,438.0,431.0,424.0
040305,BELLA UNION,3147.0,3065.0,2978.0,2935.0,2895.0,2858.0,2821.0,4301.0,4322.0
040306,CAHUACHO,646.0,628.0,609.0,599.0,591.0,582.0,575.0,566.0,557.0
040307,CHALA,9338.0,9862.0,10368.0,10605.0,10832.0,11053.0,11261.0,11472.0,11680.0
040308,CHAPARRA,3653.0,3639.0,3613.0,3567.0,3516.0,3461.0,3404.0,3346.0,3287.0
040309,HUANUHUANU,3080.0,3144.0,3199.0,3268.0,3327.0,3382.0,3433.0,3482.0,3530.0
040310,JAQUI,1592.0,1585.0,1576.0,1581.0,1585.0,1588.0,1590.0,1593.0,1596.0
040311,LOMAS,1511.0,1548.0,1580.0,1603.0,1625.0,1645.0,1665.0,1684.0,1703.0
040312,QUICACHA,1899.0,1903.0,1902.0,1905.0,1906.0,1909.0,1912.0,1915.0,1918.0
040313,YAUCA,1976.0,2006.0,2029.0,2060.0,2087.0,2108.0,2127.0,2145.0,2162.0
040400,CASTILLA,35129.0,34984.0,34743.0,34564.0,34389.0,34218.0,34046.0,33872.0,33695.0
040401,APLAO,8932.0,8961.0,8964.0,8994.0,9023.0,9057.0,9086.0,9116.0,9148.0
040402,ANDAGUA,1049.0,1031.0,1010.0,993.0,977.0,961.0,945.0,928.0,910.0
040403,AYO,246.0,239.0,230.0,223.0,216.0,209.0,202.0,195.0,188.0
040404,CHACHAS,1682.0,1664.0,1643.0,1611.0,1579.0,1547.0,1514.0,1482.0,1449.0
040405,CHILCAYMARCA,999.0,1018.0,1034.0,1053.0,1073.0,1093.0,1113.0,1135.0,1157.0
040406,CHOCO,721.0,694.0,666.0,641.0,618.0,593.0,570.0,545.0,521.0
040407,HUANCARQUI,1559.0,1574.0,1586.0,1602.0,1618.0,1633.0,1649.0,1664.0,1678.0
040408,MACHAGUAY,510.0,484.0,457.0,433.0,408.0,383.0,361.0,339.0,318.0
040409,ORCOPAMPA,8501.0,8542.0,8557.0,8612.0,8667.0,8723.0,8776.0,8829.0,8881.0
040410,PAMPACOLCA,2024.0,1944.0,1862.0,1788.0,1717.0,1647.0,1579.0,1510.0,1440.0
040411,TIPAN,450.0,440.0,429.0,420.0,411.0,402.0,393.0,384.0,375.0
040412,UÑON,210.0,206.0,202.0,200.0,197.0,195.0,194.0,193.0,193.0
040413,URACA,6666.0,6638.0,6590.0,6510.0,6429.0,6347.0,6265.0,6182.0,6097.0
040414,VIRACO,1580.0,1549.0,1513.0,1484.0,1456.0,1428.0,1399.0,1370.0,1340.0
040500,CAYLLOMA,92761.0,95211.0,97458.0,99437.0,101277.0,103024.0,104723.0,106420.0,108113.0
040501,CHIVAY,5991.0,5948.0,5889.0,5877.0,5854.0,5821.0,5782.0,5741.0,5697.0
040502,ACHOMA,861.0,840.0,817.0,817.0,815.0,812.0,808.0,804.0,799.0
040503,CABANACONDE,2199.0,2149.0,2094.0,2077.0,2059.0,2040.0,2019.0,1997.0,1974.0
040504,CALLALLI,1497.0,1427.0,1357.0,1334.0,1307.0,1278.0,1247.0,1215.0,1182.0
040505,CAYLLOMA,3739.0,3718.0,3688.0,3677.0,3659.0,3635.0,3608.0,3578.0,3547.0
040506,COPORAQUE,1165.0,1147.0,1126.0,1125.0,1121.0,1118.0,1114.0,1109.0,1104.0
040507,HUAMBO,693.0,678.0,660.0,655.0,649.0,643.0,636.0,630.0,622.0
040508,HUANCA,1041.0,1003.0,967.0,966.0,962.0,958.0,952.0,946.0,939.0
040509,ICHUPAMPA,575.0,574.0,572.0,572.0,571.0,567.0,564.0,561.0,557.0
040510,LARI,914.0,881.0,847.0,830.0,813.0,795.0,776.0,758.0,739.0
040511,LLUTA,743.0,723.0,703.0,695.0,687.0,680.0,675.0,672.0,670.0
040512,MACA,719.0,704.0,687.0,683.0,677.0,672.0,667.0,660.0,653.0
040513,MADRIGAL,666.0,664.0,660.0,659.0,656.0,652.0,648.0,643.0,638.0
040514,SAN ANTONIO DE CHUCA,924.0,901.0,878.0,867.0,855.0,843.0,832.0,823.0,815.0
040515,SIBAYO,695.0,687.0,677.0,677.0,675.0,673.0,670.0,666.0,663.0
040516,TAPAY,780.0,799.0,817.0,844.0,870.0,896.0,921.0,949.0,978.0
040517,TISCO,1529.0,1507.0,1483.0,1483.0,1482.0,1479.0,1476.0,1471.0,1467.0
040518,TUTI,636.0,617.0,598.0,590.0,581.0,573.0,563.0,554.0,546.0
040519,YANQUE,2182.0,2173.0,2158.0,2150.0,2138.0,2122.0,2105.0,2086.0,2066.0
040520,MAJES,65212.0,68071.0,70780.0,72859.0,74846.0,76767.0,78660.0,80557.0,82457.0
040600,CONDESUYOS,16720.0,16595.0,16426.0,16294.0,16167.0,16044.0,15921.0,15798.0,15674.0
040601,CHUQUIBAMBA,3392.0,3380.0,3361.0,3347.0,3336.0,3327.0,3319.0,3314.0,3311.0
040602,ANDARAY,684.0,685.0,685.0,678.0,671.0,664.0,656.0,649.0,641.0
040603,CAYARANI,3328.0,3307.0,3275.0,3263.0,3251.0,3238.0,3224.0,3208.0,3191.0
040604,CHICHAS,693.0,684.0,673.0,663.0,653.0,644.0,634.0,624.0,614.0
040605,IRAY,614.0,607.0,599.0,591.0,584.0,577.0,569.0,561.0,554.0
040606,RIO GRANDE,3440.0,3450.0,3451.0,3456.0,3461.0,3464.0,3466.0,3467.0,3466.0
040607,SALAMANCA,479.0,448.0,419.0,396.0,371.0,351.0,336.0,319.0,307.0
040608,YANAQUIHUA,4090.0,4034.0,3963.0,3900.0,3840.0,3779.0,3717.0,3656.0,3590.0
040700,ISLAY,54162.0,54580.0,54851.0,55120.0,55360.0,55580.0,55788.0,55992.0,56192.0
040701,MOLLENDO,25937.0,26230.0,26453.0,26658.0,26843.0,27013.0,27177.0,27336.0,27492.0
040702,COCACHACRA,8474.0,8430.0,8363.0,8321.0,8284.0,8250.0,8219.0,8187.0,8157.0
040703,DEAN VALDIVIA,6961.0,7055.0,7129.0,7196.0,7255.0,7311.0,7363.0,7415.0,7465.0
040704,ISLAY,5114.0,5165.0,5202.0,5237.0,5269.0,5298.0,5326.0,5353.0,5380.0
040705,MEJIA,1217.0,1230.0,1240.0,1250.0,1261.0,1272.0,1281.0,1292.0,1305.0
040706,PUNTA DE BOMBON,6459.0,6470.0,6464.0,6458.0,6448.0,6436.0,6422.0,6409.0,6393.0
040800,LA UNIÓN,13149.0,12989.0,12797.0,12642.0,12496.0,12352.0,12212.0,12070.0,11927.0
040801,COTAHUASI,2981.0,2984.0,2981.0,2981.0,2982.0,2983.0,2984.0,2985.0,2985.0
040802,ALCA,1892.0,1875.0,1851.0,1831.0,1813.0,1795.0,1776.0,1757.0,1738.0
040803,CHARCANA,594.0,591.0,586.0,582.0,579.0,575.0,572.0,568.0,564.0
040804,HUAYNACOTAS,1943.0,1907.0,1867.0,1832.0,1798.0,1765.0,1734.0,1700.0,1666.0
040805,PAMPAMARCA,1148.0,1129.0,1106.0,1087.0,1068.0,1050.0,1032.0,1013.0,994.0
040806,PUYCA,2417.0,2384.0,2346.0,2314.0,2283.0,2254.0,2226.0,2198.0,2170.0
040807,QUECHUALLA,277.0,278.0,278.0,279.0,279.0,280.0,281.0,282.0,283.0
040808,SAYLA,326.0,313.0,300.0,289.0,279.0,267.0,258.0,249.0,240.0
040809,TAURIA,317.0,315.0,313.0,311.0,309.0,307.0,305.0,303.0,301.0
040810,TOMEPAMPA,689.0,675.0,658.0,643.0,630.0,617.0,603.0,591.0,579.0
040811,TORO,565.0,538.0,511.0,493.0,476.0,459.0,441.0,424.0,407.0
050000,AYACUCHO,659061.0,664494.0,668213.0,669979.0,670579.0,670377.0,669737.0,669020.0,668193.0
050100,HUAMANGA,302054.0,310318.0,317801.0,321995.0,324901.0,326925.0,328483.0,329989.0,331426.0
050101,AYACUCHO,105944.0,108794.0,111370.0,112794.0,113761.0,114419.0,114918.0,115393.0,115845.0
050102,ACOCRO,8308.0,8573.0,8818.0,8974.0,9095.0,9193.0,9277.0,9361.0,9443.0
050103,ACOS VINCHOS,4714.0,4844.0,4964.0,5030.0,5079.0,5112.0,5138.0,5163.0,5188.0
050104,CARMEN ALTO,30156.0,30973.0,31712.0,32121.0,32402.0,32595.0,32741.0,32883.0,33016.0
050105,CHIARA,6318.0,6512.0,6691.0,6802.0,6886.0,6951.0,7007.0,7062.0,7117.0
050106,OCROS,5848.0,6018.0,6172.0,6263.0,6328.0,6379.0,6418.0,6457.0,6494.0
050107,PACAYCASA,3380.0,3477.0,3565.0,3617.0,3654.0,3682.0,3704.0,3725.0,3746.0
050108,QUINUA,5518.0,5676.0,5821.0,5905.0,5966.0,6012.0,6048.0,6084.0,6118.0
050109,SAN JOSE DE TICLLAS,1515.0,1558.0,1596.0,1620.0,1635.0,1646.0,1655.0,1663.0,1673.0
050110,SAN JUAN BAUTISTA,51455.0,52764.0,53934.0,54544.0,54933.0,55173.0,55331.0,55479.0,55617.0
050111,SANTIAGO DE PISCHA,1552.0,1598.0,1639.0,1662.0,1680.0,1693.0,1703.0,1714.0,1724.0
050112,SOCOS,6486.0,6674.0,6846.0,6947.0,7022.0,7077.0,7122.0,7167.0,7210.0
050113,TAMBILLO,5655.0,5835.0,6001.0,6106.0,6187.0,6251.0,6309.0,6364.0,6419.0
050114,VINCHOS,15293.0,15780.0,16233.0,16519.0,16743.0,16922.0,17076.0,17231.0,17381.0
050115,JESUS NAZARENO,19955.0,20517.0,21028.0,21321.0,21530.0,21680.0,21800.0,21917.0,22028.0
050116,ANDRÉS AVELINO CÁCERES DORREGARAY,29957.0,30725.0,31411.0,31770.0,32000.0,32140.0,32236.0,32326.0,32407.0
050200,CANGALLO,32929.0,32750.0,32482.0,32157.0,31822.0,31482.0,31140.0,30798.0,30452.0
050201,CANGALLO,6001.0,5929.0,5842.0,5742.0,5638.0,5533.0,5426.0,5320.0,5214.0
050202,CHUSCHI,9015.0,9080.0,9119.0,9146.0,9181.0,9218.0,9256.0,9292.0,9322.0
050203,LOS MOROCHUCOS,8212.0,8227.0,8217.0,8188.0,8152.0,8110.0,8064.0,8016.0,7964.0
050204,MARIA PARADO DE BELLIDO,2145.0,2088.0,2026.0,1963.0,1899.0,1835.0,1772.0,1713.0,1654.0
050205,PARAS,4404.0,4347.0,4279.0,4202.0,4122.0,4040.0,3959.0,3877.0,3797.0
050206,TOTOS,3152.0,3079.0,2999.0,2916.0,2830.0,2746.0,2663.0,2580.0,2501.0
050300,HUANCA SANCOS,8687.0,8525.0,8341.0,8214.0,8113.0,8031.0,7959.0,7889.0,7821.0
050301,SANCOS,3246.0,3217.0,3181.0,3156.0,3137.0,3123.0,3108.0,3095.0,3083.0
050302,CARAPO,1892.0,1836.0,1774.0,1731.0,1696.0,1668.0,1644.0,1620.0,1597.0
050303,SACSAMARCA,1380.0,1346.0,1308.0,1282.0,1262.0,1244.0,1229.0,1215.0,1200.0
050304,SANTIAGO DE LUCANAMARCA,2169.0,2126.0,2078.0,2045.0,2018.0,1996.0,1978.0,1959.0,1941.0
050400,HUANTA,96811.0,97144.0,97205.0,97759.0,98088.0,98255.0,98322.0,98351.0,98328.0
050401,HUANTA,42245.0,42825.0,43266.0,43939.0,44491.0,44952.0,45322.0,45669.0,45991.0
050402,AYAHUANCO,1216.0,1139.0,1072.0,1023.0,981.0,940.0,906.0,877.0,848.0
050403,HUAMANGUILLA,4374.0,4287.0,4188.0,4113.0,4028.0,3938.0,3843.0,3748.0,3651.0
050404,IGUAIN,2859.0,2865.0,2861.0,2860.0,2857.0,2853.0,2848.0,2842.0,2835.0
050405,LURICOCHA,6078.0,6157.0,6217.0,6311.0,6389.0,6454.0,6513.0,6565.0,6614.0
050406,SANTILLANA,4058.0,3985.0,3900.0,3623.0,3553.0,3477.0,3399.0,3318.0,3235.0
050407,SIVIA,11953.0,11836.0,11685.0,11594.0,11474.0,11331.0,11175.0,11014.0,10847.0
050408,LLOCHEGUA,11241.0,11371.0,11466.0,11622.0,11748.0,11851.0,11939.0,12017.0,12089.0
050409,CANAYRE,4074.0,4233.0,4384.0,4515.0,4646.0,4777.0,4909.0,5041.0,5170.0
050410,UCHURACCAY,3842.0,3763.0,3672.0,3605.0,3526.0,3443.0,3358.0,3274.0,3188.0
050411,PUCACOLPA,2612.0,2453.0,2299.0,2167.0,2040.0,1918.0,1804.0,1695.0,1585.0
050412,CHACA,2259.0,2230.0,2195.0,2172.0,2143.0,2111.0,2076.0,2041.0,2005.0
050413,PUTIS,,,,215.0,212.0,210.0,230.0,250.0,270.0
050500,LA MAR,76706.0,76096.0,75277.0,74448.0,73649.0,72869.0,72104.0,71340.0,70574.0
050501,SAN MIGUEL,11298.0,11373.0,11410.0,8145.0,8191.0,8239.0,8287.0,8334.0,8381.0
050502,ANCO,8471.0,8300.0,8105.0,5691.0,5545.0,5403.0,5265.0,5127.0,4989.0
050503,AYNA,10105.0,10067.0,9995.0,9932.0,9874.0,9818.0,9765.0,9712.0,9659.0
050504,CHILCAS,1705.0,1633.0,1558.0,1502.0,1447.0,1391.0,1336.0,1281.0,1226.0
050505,CHUNGUI,4553.0,4505.0,4443.0,4379.0,4320.0,4262.0,4205.0,4149.0,4093.0
050506,LUIS CARRANZA,1353.0,1361.0,1365.0,1372.0,1380.0,1386.0,1394.0,1401.0,1408.0
050507,SANTA ROSA,12540.0,12633.0,12686.0,12728.0,12772.0,12820.0,12868.0,12917.0,12964.0
050508,TAMBO,10395.0,9850.0,9302.0,8733.0,8165.0,7598.0,7032.0,6465.0,5898.0
050509,SAMUGARI,10664.0,10847.0,10997.0,8914.0,9020.0,9129.0,9239.0,9349.0,9459.0
050510,ANCHIHUAY,4500.0,4429.0,4345.0,4255.0,4170.0,4087.0,4007.0,3926.0,3845.0
050511,ORONCCOY,1122.0,1098.0,1071.0,1049.0,1027.0,1007.0,984.0,963.0,942.0
050512,UNIÓN PROGRESO,,,,2203.0,2146.0,2091.0,2038.0,1985.0,1932.0
050513,RIO MAGDALENA,,,,2214.0,2241.0,2268.0,2294.0,2322.0,2350.0
050514,NINABAMBA,,,,1869.0,1880.0,1891.0,1902.0,1912.0,1922.0
050515,PATIBAMBA,,,,1462.0,1471.0,1479.0,1488.0,1497.0,1506.0
050600,LUCANAS,53946.0,52957.0,51838.0,51052.0,50431.0,49922.0,49473.0,49033.0,48602.0
050601,PUQUIO,14557.0,14572.0,14535.0,14527.0,14517.0,14515.0,14510.0,14505.0,14500.0
050602,AUCARA,2908.0,2788.0,2665.0,2574.0,2503.0,2444.0,2392.0,2342.0,2292.0
050603,CABANA,2155.0,2068.0,1976.0,1909.0,1857.0,1813.0,1775.0,1738.0,1701.0
050604,CARMEN SALCEDO,1743.0,1637.0,1532.0,1453.0,1391.0,1340.0,1295.0,1251.0,1208.0
050605,CHAVIÑA,2322.0,2312.0,2296.0,2286.0,2279.0,2272.0,2267.0,2261.0,2256.0
050606,CHIPAO,2658.0,2551.0,2443.0,2363.0,2299.0,2248.0,2202.0,2157.0,2113.0
050607,HUAC-HUAS,1702.0,1627.0,1550.0,1493.0,1449.0,1412.0,1379.0,1348.0,1317.0
050608,LARAMATE,1723.0,1702.0,1676.0,1658.0,1645.0,1633.0,1623.0,1613.0,1604.0
050609,LEONCIO PRADO,1170.0,1133.0,1095.0,1067.0,1045.0,1027.0,1011.0,995.0,980.0
050610,LLAUTA,948.0,913.0,877.0,854.0,832.0,812.0,798.0,783.0,768.0
050611,LUCANAS,2872.0,2790.0,2703.0,2640.0,2590.0,2549.0,2513.0,2478.0,2444.0
050612,OCAÑA,2420.0,2334.0,2244.0,2178.0,2127.0,2084.0,2047.0,2010.0,1974.0
050613,OTOCA,2013.0,1932.0,1848.0,1786.0,1738.0,1698.0,1663.0,1628.0,1595.0
050614,SAISA,859.0,854.0,848.0,844.0,841.0,838.0,836.0,833.0,831.0
050615,SAN CRISTOBAL,1855.0,1842.0,1823.0,1811.0,1802.0,1794.0,1787.0,1780.0,1774.0
050616,SAN JUAN,1028.0,1012.0,994.0,981.0,971.0,963.0,956.0,949.0,942.0
050617,SAN PEDRO,2776.0,2722.0,2661.0,2618.0,2584.0,2556.0,2532.0,2508.0,2484.0
050618,SAN PEDRO DE PALCO,983.0,941.0,898.0,866.0,841.0,822.0,803.0,786.0,768.0
050619,SANCOS,5008.0,4947.0,4869.0,4817.0,4776.0,4743.0,4713.0,4684.0,4656.0
050620,SANTA ANA DE HUAYCAHUACHO,838.0,846.0,850.0,854.0,858.0,861.0,863.0,866.0,868.0
050621,SANTA LUCIA,1408.0,1434.0,1455.0,1473.0,1486.0,1498.0,1508.0,1518.0,1527.0
050700,PARINACOCHAS,29337.0,29279.0,29139.0,29109.0,29015.0,28877.0,28714.0,28544.0,28364.0
050701,CORACORA,13871.0,13733.0,13549.0,13414.0,13240.0,13047.0,12835.0,12618.0,12393.0
050702,CHUMPI,2312.0,2248.0,2179.0,2117.0,2053.0,1986.0,1918.0,1852.0,1787.0
050703,CORONEL CASTAÑEDA,1829.0,1884.0,1934.0,1992.0,2045.0,2095.0,2145.0,2193.0,2242.0
050704,PACAPAUSA,644.0,599.0,556.0,520.0,486.0,455.0,427.0,403.0,380.0
050705,PULLO,6757.0,6984.0,7191.0,7424.0,7641.0,7843.0,8035.0,8222.0,8402.0
050706,PUYUSCA,2179.0,2154.0,2123.0,2098.0,2069.0,2035.0,1999.0,1963.0,1926.0
050707,SAN FRANCISCO DE RAVACAYCO,545.0,532.0,518.0,506.0,493.0,478.0,464.0,449.0,436.0
050708,UPAHUACHO,1200.0,1145.0,1089.0,1038.0,988.0,938.0,891.0,844.0,798.0
050800,PAUCAR DEL SARA SARA,10097.0,10017.0,9909.0,9800.0,9694.0,9593.0,9492.0,9390.0,9290.0
050801,PAUSA,3354.0,3372.0,3376.0,3380.0,3385.0,3390.0,3396.0,3399.0,3403.0
050802,COLTA,486.0,463.0,440.0,417.0,394.0,372.0,351.0,329.0,307.0
050803,CORCULLA,466.0,456.0,445.0,434.0,423.0,413.0,403.0,392.0,381.0
050804,LAMPA,2071.0,2031.0,1983.0,1937.0,1892.0,1848.0,1805.0,1762.0,1720.0
050805,MARCABAMBA,650.0,636.0,621.0,606.0,591.0,577.0,562.0,548.0,534.0
050806,OYOLO,1569.0,1610.0,1647.0,1682.0,1716.0,1750.0,1783.0,1815.0,1847.0
050807,PARARCA,430.0,412.0,392.0,373.0,354.0,336.0,318.0,300.0,282.0
050808,SAN JAVIER DE ALPABAMBA,305.0,290.0,275.0,260.0,246.0,231.0,217.0,205.0,193.0
050809,SAN JOSE DE USHUA,238.0,242.0,247.0,251.0,255.0,259.0,262.0,266.0,270.0
050810,SARA SARA,528.0,505.0,483.0,460.0,438.0,417.0,395.0,374.0,353.0
050900,SUCRE,9774.0,9543.0,9292.0,9131.0,9013.0,8925.0,8852.0,8780.0,8712.0
050901,QUEROBAMBA,2629.0,2618.0,2600.0,2589.0,2583.0,2577.0,2574.0,2569.0,2565.0
050902,BELEN,340.0,325.0,310.0,300.0,293.0,287.0,283.0,278.0,275.0
050903,CHALCOS,499.0,481.0,461.0,448.0,439.0,432.0,426.0,421.0,415.0
050904,CHILCAYOC,511.0,497.0,481.0,471.0,464.0,458.0,454.0,449.0,445.0
050905,HUACAÑA,382.0,365.0,348.0,337.0,328.0,322.0,317.0,312.0,307.0
050906,MORCOLLA,1304.0,1274.0,1243.0,1223.0,1208.0,1197.0,1187.0,1178.0,1170.0
050907,PAICO,570.0,544.0,517.0,499.0,486.0,477.0,469.0,461.0,453.0
050908,SAN PEDRO DE LARCAY,842.0,829.0,814.0,805.0,798.0,793.0,788.0,784.0,780.0
050909,SAN SALVADOR DE QUIJE,1027.0,982.0,936.0,906.0,883.0,867.0,853.0,839.0,826.0
050910,SANTIAGO DE PAUCARAY,614.0,590.0,565.0,549.0,537.0,528.0,520.0,513.0,506.0
050911,SORAS,1056.0,1038.0,1017.0,1004.0,994.0,987.0,981.0,976.0,970.0
051000,VICTOR FAJARDO,20709.0,20310.0,19866.0,19558.0,19318.0,19124.0,18954.0,18788.0,18626.0
051001,HUANCAPI,1963.0,1923.0,1878.0,1847.0,1823.0,1803.0,1786.0,1769.0,1752.0
051002,ALCAMENCA,1548.0,1474.0,1399.0,1345.0,1302.0,1268.0,1238.0,1208.0,1178.0
051003,APONGO,641.0,602.0,565.0,537.0,516.0,498.0,483.0,469.0,455.0
051004,ASQUIPATA,486.0,484.0,482.0,481.0,480.0,478.0,476.0,474.0,472.0
051005,CANARIA,4050.0,4045.0,4027.0,4018.0,4012.0,4007.0,4002.0,3998.0,3997.0
051006,CAYARA,1174.0,1158.0,1138.0,1125.0,1115.0,1106.0,1099.0,1092.0,1085.0
051007,COLCA,1055.0,1039.0,1020.0,1007.0,997.0,989.0,982.0,975.0,968.0
051008,HUAMANQUIQUIA,1137.0,1124.0,1107.0,1096.0,1087.0,1081.0,1075.0,1069.0,1063.0
051009,HUANCARAYLLA,1322.0,1283.0,1241.0,1211.0,1188.0,1170.0,1153.0,1137.0,1121.0
051010,HUALLA,2152.0,2070.0,1985.0,1924.0,1876.0,1838.0,1804.0,1771.0,1738.0
051011,SARHUA,2693.0,2661.0,2624.0,2599.0,2579.0,2563.0,2549.0,2536.0,2524.0
051012,VILCANCHOS,2488.0,2447.0,2400.0,2368.0,2343.0,2323.0,2307.0,2290.0,2273.0
051100,VILCAS HUAMAN,18011.0,17555.0,17063.0,16756.0,16535.0,16374.0,16244.0,16118.0,15998.0
051101,VILCAS HUAMAN,6798.0,6663.0,6513.0,6421.0,6353.0,6306.0,6265.0,6229.0,6193.0
051102,ACCOMARCA,921.0,887.0,851.0,828.0,812.0,801.0,791.0,782.0,772.0
051103,CARHUANCA,861.0,837.0,812.0,796.0,785.0,776.0,770.0,763.0,758.0
051104,CONCEPCION,1725.0,1642.0,1558.0,1504.0,1465.0,1437.0,1414.0,1392.0,1370.0
051105,HUAMBALPA,1402.0,1342.0,1280.0,1240.0,1212.0,1191.0,1175.0,1158.0,1143.0
051106,INDEPENDENCIA,1191.0,1144.0,1095.0,1064.0,1042.0,1025.0,1012.0,999.0,987.0
051107,SAURAMA,1105.0,1075.0,1042.0,1022.0,1007.0,996.0,988.0,979.0,971.0
051108,VISCHONGO,4008.0,3965.0,3912.0,3881.0,3859.0,3842.0,3829.0,3816.0,3804.0
060000,CAJAMARCA,1438325.0,1447891.0,1453711.0,1455245.0,1454217.0,1451436.0,1447707.0,1443839.0,1439748.0
060100,CAJAMARCA,375029.0,382068.0,388170.0,390645.0,392571.0,394113.0,395441.0,396729.0,397960.0
060101,CAJAMARCA,235184.0,240461.0,245137.0,247044.0,248596.0,249898.0,251058.0,252188.0,253279.0
060102,ASUNCION,8366.0,8137.0,7896.0,7632.0,7359.0,7083.0,6805.0,6531.0,6259.0
060103,CHETILLA,3885.0,3880.0,3863.0,3847.0,3827.0,3803.0,3778.0,3754.0,3730.0
060104,COSPAN,7266.0,7222.0,7159.0,7117.0,7069.0,7018.0,6966.0,6914.0,6863.0
060105,ENCAÑADA,20512.0,20310.0,20052.0,19735.0,19393.0,19036.0,18673.0,18314.0,17957.0
060106,JESUS,16255.0,16483.0,16666.0,16751.0,16813.0,16858.0,16893.0,16928.0,16960.0
060107,LLACANORA,6342.0,6508.0,6657.0,6695.0,6723.0,6745.0,6763.0,6781.0,6797.0
060108,LOS BAÑOS DEL INCA,49824.0,51608.0,53298.0,54396.0,55412.0,56364.0,57278.0,58177.0,59059.0
060109,MAGDALENA,8868.0,8851.0,8809.0,8770.0,8722.0,8668.0,8611.0,8555.0,8498.0
060110,MATARA,3786.0,3795.0,3793.0,3784.0,3766.0,3748.0,3728.0,3704.0,3682.0
060111,NAMORA,10169.0,10253.0,10308.0,10364.0,10406.0,10437.0,10463.0,10488.0,10511.0
060112,SAN JUAN,4572.0,4560.0,4532.0,4510.0,4485.0,4455.0,4425.0,4395.0,4365.0
060200,CAJABAMBA,81489.0,82434.0,83167.0,83516.0,83747.0,83896.0,83998.0,84093.0,84174.0
060201,CAJABAMBA,33115.0,33715.0,34231.0,34538.0,34762.0,34929.0,35063.0,35192.0,35312.0
060202,CACHACHI,25315.0,25479.0,25575.0,25589.0,25599.0,25606.0,25611.0,25616.0,25621.0
060203,CONDEBAMBA,14929.0,15143.0,15319.0,15434.0,15519.0,15583.0,15637.0,15688.0,15736.0
060204,SITACOCHA,8130.0,8097.0,8042.0,7955.0,7867.0,7778.0,7687.0,7597.0,7505.0
060300,CELENDIN,84423.0,84282.0,83916.0,83575.0,82965.0,82172.0,81283.0,80381.0,79457.0
060301,CELENDIN,28346.0,28761.0,29097.0,29442.0,29695.0,29886.0,30049.0,30220.0,30396.0
060302,CHUMUCH,2758.0,2732.0,2699.0,2667.0,2626.0,2580.0,2531.0,2481.0,2429.0
060303,CORTEGANA,7449.0,7406.0,7343.0,7282.0,7197.0,7095.0,6984.0,6871.0,6754.0
060304,HUASMIN,11223.0,11069.0,10885.0,10703.0,10485.0,10241.0,9982.0,9717.0,9444.0
060305,JORGE CHAVEZ,474.0,468.0,461.0,455.0,447.0,438.0,429.0,420.0,411.0
060306,JOSE GALVEZ,2765.0,2762.0,2751.0,2740.0,2720.0,2693.0,2662.0,2631.0,2597.0
060307,MIGUEL IGLESIAS,4054.0,3993.0,3922.0,3853.0,3771.0,3681.0,3586.0,3489.0,3391.0
060308,OXAMARCA,5909.0,5874.0,5824.0,5776.0,5710.0,5632.0,5548.0,5462.0,5376.0
060309,SOROCHUCO,7833.0,7683.0,7514.0,7348.0,7158.0,6953.0,6738.0,6519.0,6296.0
060310,SUCRE,5511.0,5491.0,5455.0,5419.0,5364.0,5296.0,5220.0,5142.0,5060.0
060311,UTCO,1112.0,1097.0,1081.0,1067.0,1052.0,1036.0,1021.0,1007.0,995.0
060312,LA LIBERTAD DE PALLAN,6989.0,6946.0,6884.0,6823.0,6740.0,6641.0,6533.0,6422.0,6308.0
060400,CHOTA,152703.0,152413.0,151714.0,151243.0,150552.0,149710.0,148785.0,147845.0,146881.0
060401,CHOTA,50325.0,50847.0,51231.0,51686.0,52061.0,52378.0,52658.0,52925.0,53177.0
060402,ANGUIA,3356.0,3290.0,3216.0,3147.0,3074.0,2998.0,2922.0,2846.0,2770.0
060403,CHADIN,3697.0,3669.0,3632.0,3600.0,3563.0,3523.0,3481.0,3439.0,3397.0
060404,CHIGUIRIP,3771.0,3704.0,3628.0,3558.0,3483.0,3405.0,3325.0,3247.0,3168.0
060405,CHIMBAN,2345.0,2274.0,2201.0,2130.0,2056.0,1981.0,1906.0,1831.0,1757.0
060406,CHOROPAMPA,2439.0,2377.0,2311.0,2248.0,2182.0,2114.0,2046.0,1979.0,1911.0
060407,COCHABAMBA,5950.0,5899.0,5832.0,5774.0,5708.0,5637.0,5564.0,5490.0,5415.0
060408,CONCHAN,6013.0,5986.0,5944.0,5911.0,5869.0,5821.0,5770.0,5719.0,5667.0
060409,HUAMBOS,8711.0,8660.0,8584.0,8522.0,8448.0,8366.0,8280.0,8193.0,8106.0
060410,LAJAS,11745.0,11681.0,11586.0,11509.0,11415.0,11310.0,11200.0,11088.0,10976.0
060411,LLAMA,7484.0,7444.0,7385.0,7337.0,7278.0,7213.0,7143.0,7074.0,7003.0
060412,MIRACOSTA,3358.0,3333.0,3300.0,3272.0,3239.0,3203.0,3165.0,3128.0,3090.0
060413,PACCHA,4697.0,4666.0,4621.0,4584.0,4540.0,4492.0,4442.0,4392.0,4341.0
060414,PION,1272.0,1248.0,1222.0,1197.0,1171.0,1144.0,1116.0,1089.0,1062.0
060415,QUEROCOTO,8874.0,8863.0,8826.0,8803.0,8768.0,8723.0,8674.0,8624.0,8572.0
060416,SAN JUAN DE LICUPIS,995.0,988.0,977.0,968.0,958.0,947.0,935.0,924.0,912.0
060417,TACABAMBA,16986.0,16850.0,16668.0,16513.0,16334.0,16140.0,15938.0,15736.0,15533.0
060418,TOCMOCHE,896.0,890.0,880.0,872.0,864.0,855.0,846.0,833.0,824.0
060419,CHALAMARCA,9789.0,9744.0,9670.0,9612.0,9541.0,9460.0,9374.0,9288.0,9200.0
060500,CONTUMAZA,29594.0,29516.0,29357.0,29208.0,28964.0,28658.0,28319.0,27975.0,27626.0
060501,CONTUMAZA,8142.0,8111.0,8061.0,8017.0,7945.0,7855.0,7756.0,7655.0,7550.0
060502,CHILETE,2806.0,2783.0,2752.0,2721.0,2669.0,2604.0,2531.0,2458.0,2384.0
060503,CUPISNIQUE,1424.0,1415.0,1402.0,1389.0,1369.0,1343.0,1314.0,1285.0,1255.0
060504,GUZMANGO,2855.0,2854.0,2845.0,2842.0,2835.0,2828.0,2819.0,2811.0,2803.0
060505,SAN BENITO,3591.0,3605.0,3607.0,3608.0,3612.0,3617.0,3622.0,3628.0,3635.0
060506,SANTA CRUZ DE TOLEDO,1059.0,1054.0,1047.0,1040.0,1030.0,1017.0,1002.0,986.0,970.0
060507,TANTARICA,2628.0,2643.0,2650.0,2651.0,2653.0,2655.0,2659.0,2663.0,2667.0
060508,YONAN,7089.0,7051.0,6993.0,6940.0,6851.0,6739.0,6616.0,6489.0,6362.0
060600,CUTERVO,125818.0,125048.0,123948.0,123361.0,122594.0,121702.0,120743.0,119772.0,118781.0
060601,CUTERVO,51462.0,51440.0,51272.0,51313.0,51275.0,51182.0,51053.0,50915.0,50762.0
060602,CALLAYUC,9736.0,9694.0,9627.0,9598.0,9554.0,9501.0,9442.0,9381.0,9318.0
060603,CHOROS,3323.0,3308.0,3286.0,3277.0,3262.0,3246.0,3226.0,3206.0,3185.0
060604,CUJILLO,2616.0,2595.0,2569.0,2552.0,2532.0,2509.0,2485.0,2461.0,2437.0
060605,LA RAMADA,4077.0,4032.0,3977.0,3940.0,3897.0,3849.0,3800.0,3751.0,3701.0
060606,PIMPINGOS,5269.0,5202.0,5121.0,5063.0,4998.0,4927.0,4856.0,4784.0,4712.0
060607,QUEROCOTILLO,13843.0,13646.0,13416.0,13241.0,13051.0,12849.0,12641.0,12435.0,12228.0
060608,SAN ANDRES DE CUTERVO,4419.0,4353.0,4276.0,4219.0,4155.0,4087.0,4020.0,3952.0,3883.0
060609,SAN JUAN DE CUTERVO,1897.0,1878.0,1856.0,1840.0,1822.0,1803.0,1782.0,1761.0,1739.0
060610,SAN LUIS DE LUCMA,3127.0,3067.0,2999.0,2945.0,2888.0,2828.0,2768.0,2708.0,2650.0
060611,SANTA CRUZ,2747.0,2713.0,2671.0,2641.0,2608.0,2572.0,2534.0,2497.0,2461.0
060612,SANTO DOMINGO DE LA CAPILLA,5076.0,5052.0,5015.0,4999.0,4974.0,4944.0,4912.0,4878.0,4845.0
060613,SANTO TOMAS,7695.0,7660.0,7603.0,7577.0,7541.0,7496.0,7446.0,7397.0,7344.0
060614,SOCOTA,9378.0,9279.0,9156.0,9072.0,8975.0,8869.0,8760.0,8649.0,8539.0
060615,TORIBIO CASANOVA,1153.0,1129.0,1104.0,1084.0,1062.0,1040.0,1018.0,997.0,977.0
060700,HUALGAYOC,84617.0,84378.0,83913.0,83473.0,82766.0,81878.0,80896.0,79903.0,78893.0
060701,BAMBAMARCA,65279.0,65077.0,64702.0,64343.0,63780.0,63076.0,62299.0,61515.0,60716.0
060702,CHUGUR,3039.0,3003.0,2959.0,2917.0,2866.0,2809.0,2751.0,2691.0,2633.0
060703,HUALGAYOC,16299.0,16298.0,16252.0,16213.0,16120.0,15993.0,15846.0,15697.0,15544.0
060800,JAEN,199911.0,202081.0,203724.0,204729.0,205445.0,205959.0,206361.0,206742.0,207093.0
060801,JAEN,102445.0,104361.0,106009.0,107039.0,107925.0,108709.0,109435.0,110148.0,110846.0
060802,BELLAVISTA,16212.0,16313.0,16370.0,16428.0,16464.0,16484.0,16496.0,16507.0,16515.0
060803,CHONTALI,10329.0,10374.0,10391.0,10435.0,10464.0,10484.0,10499.0,10512.0,10524.0
060804,COLASAY,10682.0,10639.0,10567.0,10498.0,10414.0,10321.0,10223.0,10124.0,10025.0
060805,HUABAL,8762.0,8887.0,8989.0,9021.0,9041.0,9052.0,9059.0,9065.0,9069.0
060806,LAS PIRIAS,4586.0,4621.0,4643.0,4660.0,4670.0,4676.0,4680.0,4683.0,4685.0
060807,POMAHUACA,9151.0,9211.0,9245.0,9278.0,9299.0,9311.0,9319.0,9325.0,9330.0
060808,PUCARA,6878.0,6873.0,6850.0,6873.0,6888.0,6895.0,6899.0,6903.0,6905.0
060809,SALLIQUE,7542.0,7536.0,7509.0,7509.0,7502.0,7490.0,7474.0,7459.0,7443.0
060810,SAN FELIPE,4868.0,4809.0,4740.0,4662.0,4577.0,4490.0,4398.0,4306.0,4215.0
060811,SAN JOSE DEL ALTO,7847.0,7959.0,8050.0,8114.0,8151.0,8169.0,8177.0,8185.0,8188.0
060812,SANTA ROSA,10609.0,10498.0,10361.0,10212.0,10050.0,9878.0,9702.0,9525.0,9348.0
060900,SAN IGNACIO,143012.0,144580.0,145770.0,146477.0,146978.0,147334.0,147610.0,147871.0,148110.0
060901,SAN IGNACIO,38745.0,39506.0,40171.0,40710.0,41202.0,41664.0,42102.0,42546.0,42984.0
060902,CHIRINOS,15530.0,15773.0,15974.0,16121.0,16246.0,16354.0,16454.0,16553.0,16650.0
060903,HUARANGO,18874.0,18766.0,18607.0,18384.0,18131.0,17856.0,17563.0,17260.0,16954.0
060904,LA COIPA,20778.0,21032.0,21229.0,21354.0,21446.0,21516.0,21573.0,21625.0,21674.0
060905,NAMBALLE,9967.0,9970.0,9945.0,9885.0,9809.0,9719.0,9621.0,9517.0,9412.0
060906,SAN JOSE DE LOURDES,19570.0,19757.0,19890.0,19955.0,19989.0,20001.0,20013.0,20025.0,20033.0
060907,TABACONAS,19548.0,19776.0,19954.0,20068.0,20155.0,20224.0,20284.0,20345.0,20403.0
061000,SAN MARCOS,51448.0,51633.0,51678.0,51882.0,52012.0,52090.0,52141.0,52186.0,52223.0
061001,PEDRO GALVEZ,21245.0,21494.0,21685.0,21941.0,22165.0,22367.0,22545.0,22715.0,22882.0
061002,CHANCAY,3099.0,3088.0,3069.0,3058.0,3042.0,3023.0,3003.0,2982.0,2961.0
061003,EDUARDO VILLANUEVA,2903.0,2975.0,3039.0,3114.0,3186.0,3254.0,3323.0,3393.0,3462.0
061004,GREGORIO PITA,5406.0,5284.0,5150.0,5035.0,4913.0,4791.0,4667.0,4545.0,4422.0
061005,ICHOCAN,1995.0,1987.0,1971.0,1961.0,1950.0,1935.0,1920.0,1905.0,1890.0
061006,JOSE MANUEL QUIROZ,3703.0,3670.0,3627.0,3595.0,3558.0,3516.0,3473.0,3430.0,3386.0
061007,JOSE SABOGAL,13097.0,13135.0,13137.0,13178.0,13198.0,13204.0,13210.0,13216.0,13220.0
061100,SAN MIGUEL,48330.0,47782.0,47114.0,46468.0,45681.0,44805.0,43889.0,42980.0,42072.0
061101,SAN MIGUEL,14260.0,14167.0,14036.0,13919.0,13767.0,13596.0,13414.0,13234.0,13053.0
061102,BOLIVAR,1359.0,1336.0,1310.0,1285.0,1252.0,1216.0,1178.0,1141.0,1103.0
061103,CALQUIS,4298.0,4295.0,4281.0,4273.0,4260.0,4245.0,4228.0,4210.0,4194.0
061104,CATILLUC,2890.0,2855.0,2813.0,2772.0,2721.0,2664.0,2604.0,2543.0,2484.0
061105,EL PRADO,1699.0,1680.0,1657.0,1635.0,1608.0,1575.0,1543.0,1510.0,1477.0
061106,LA FLORIDA,2216.0,2193.0,2165.0,2138.0,2105.0,2066.0,2026.0,1986.0,1946.0
061107,LLAPA,4689.0,4633.0,4563.0,4497.0,4414.0,4320.0,4221.0,4123.0,4025.0
061108,NANCHOC,1374.0,1373.0,1370.0,1368.0,1365.0,1361.0,1356.0,1352.0,1348.0
061109,NIEPOS,3434.0,3359.0,3276.0,3193.0,3089.0,2973.0,2851.0,2731.0,2611.0
061110,SAN GREGORIO,2306.0,2293.0,2274.0,2257.0,2236.0,2211.0,2185.0,2159.0,2132.0
061111,SAN SILVESTRE DE COCHAN,3840.0,3781.0,3711.0,3643.0,3558.0,3463.0,3362.0,3262.0,3163.0
061112,TONGOD,2756.0,2644.0,2530.0,2402.0,2274.0,2144.0,2014.0,1884.0,1755.0
061113,UNION AGUA BLANCA,3209.0,3173.0,3128.0,3086.0,3032.0,2971.0,2907.0,2845.0,2781.0
061200,SAN PABLO,22657.0,22677.0,22638.0,22449.0,22225.0,21981.0,21722.0,21461.0,21197.0
061201,SAN PABLO,13417.0,13457.0,13460.0,13372.0,13263.0,13142.0,13011.0,12877.0,12739.0
061202,SAN BERNARDINO,4590.0,4590.0,4578.0,4536.0,4487.0,4432.0,4375.0,4318.0,4260.0
061203,SAN LUIS,983.0,953.0,922.0,886.0,850.0,815.0,780.0,747.0,715.0
061204,TUMBADEN,3667.0,3677.0,3678.0,3655.0,3625.0,3592.0,3556.0,3519.0,3483.0
061300,SANTA CRUZ,39294.0,38999.0,38602.0,38219.0,37717.0,37138.0,36519.0,35901.0,35281.0
061301,SANTA CRUZ,9814.0,9799.0,9756.0,9715.0,9640.0,9546.0,9435.0,9325.0,9211.0
061302,ANDABAMBA,1371.0,1343.0,1311.0,1280.0,1247.0,1211.0,1175.0,1140.0,1104.0
061303,CATACHE,9808.0,9852.0,9870.0,9891.0,9875.0,9838.0,9784.0,9729.0,9667.0
061304,CHANCAYBAÑOS,3532.0,3505.0,3468.0,3432.0,3386.0,3330.0,3273.0,3214.0,3155.0
061305,LA ESPERANZA,2426.0,2391.0,2351.0,2311.0,2264.0,2213.0,2161.0,2108.0,2056.0
061306,NINABAMBA,2131.0,2067.0,1999.0,1933.0,1864.0,1792.0,1721.0,1653.0,1587.0
061307,PULAN,4026.0,3962.0,3887.0,3815.0,3731.0,3641.0,3549.0,3456.0,3365.0
061308,SAUCEPAMPA,1482.0,1442.0,1399.0,1357.0,1314.0,1268.0,1222.0,1178.0,1134.0
061309,SEXI,447.0,443.0,437.0,433.0,426.0,419.0,412.0,403.0,398.0
061310,UTICYACU,1310.0,1284.0,1255.0,1226.0,1194.0,1160.0,1126.0,1092.0,1060.0
061311,YAUYUCAN,2947.0,2911.0,2869.0,2826.0,2776.0,2720.0,2661.0,2603.0,2544.0
070000,CALLAO,1078789.0,1105512.0,1129854.0,1151480.0,1171648.0,1190860.0,1209614.0,1228411.0,1247227.0
070100,CALLAO,1078789.0,1105512.0,1129854.0,1151480.0,1171648.0,1190860.0,1209614.0,1228411.0,1247227.0
070101,CALLAO,492879.0,503234.0,512386.0,520709.0,528405.0,535664.0,542675.0,549626.0,556500.0
070102,BELLAVISTA,79358.0,80139.0,80704.0,81122.0,81428.0,81656.0,81839.0,82009.0,82164.0
070103,CARMEN DE LA LEGUA REYNOSO,45396.0,45963.0,46409.0,46772.0,47071.0,47327.0,47558.0,47783.0,48001.0
070104,LA PERLA,63657.0,64142.0,64454.0,64524.0,64612.0,64714.0,64826.0,64945.0,65073.0
070105,LA PUNTA,3979.0,3963.0,3935.0,3902.0,3862.0,3819.0,3775.0,3732.0,3687.0
070106,VENTANILLA,343900.0,357035.0,369618.0,380894.0,391564.0,401862.0,412023.0,422286.0,432648.0
070107,MI PERU,49620.0,51036.0,52348.0,53557.0,54706.0,55818.0,56918.0,58030.0,59154.0
080000,CUSCO,1320530.0,1340457.0,1357075.0,1369932.0,1380594.0,1389737.0,1398036.0,1406165.0,1414069.0
080100,CUSCO,484248.0,498169.0,511019.0,520558.0,528541.0,535453.0,541768.0,547972.0,554027.0
080101,CUSCO,117110.0,117821.0,118127.0,118510.0,118843.0,119148.0,119438.0,119732.0,120026.0
080102,CCORCA,2403.0,2408.0,2405.0,2407.0,2407.0,2410.0,2413.0,2416.0,2417.0
080103,POROY,10535.0,11418.0,12333.0,12969.0,13497.0,13953.0,14369.0,14777.0,15177.0
080104,SAN JERONIMO,62369.0,66405.0,70453.0,73312.0,75696.0,77751.0,79628.0,81475.0,83279.0
080105,SAN SEBASTIAN,122835.0,128607.0,134182.0,138200.0,141559.0,144460.0,147108.0,149718.0,152277.0
080106,SANTIAGO,100663.0,102400.0,103817.0,104961.0,105919.0,106739.0,107473.0,108170.0,108825.0
080107,SAYLLA,7090.0,7702.0,8338.0,8779.0,9146.0,9462.0,9751.0,10034.0,10311.0
080108,WANCHAQ,61243.0,61408.0,61364.0,61420.0,61474.0,61530.0,61588.0,61650.0,61715.0
080200,ACOMAYO,24437.0,24251.0,24000.0,23855.0,23732.0,23632.0,23545.0,23456.0,23372.0
080201,ACOMAYO,4726.0,4678.0,4616.0,4579.0,4548.0,4523.0,4500.0,4479.0,4458.0
080202,ACOPIA,2964.0,3010.0,3048.0,3077.0,3102.0,3121.0,3137.0,3153.0,3167.0
080203,ACOS,2378.0,2367.0,2350.0,2341.0,2333.0,2328.0,2323.0,2319.0,2314.0
080204,MOSOC LLACTA,1167.0,1118.0,1069.0,1036.0,1007.0,983.0,963.0,940.0,920.0
080205,POMACANCHI,7701.0,7661.0,7598.0,7564.0,7537.0,7515.0,7497.0,7479.0,7461.0
080206,RONDOCAN,2046.0,1982.0,1915.0,1871.0,1832.0,1800.0,1772.0,1743.0,1717.0
080207,SANGARARA,3455.0,3435.0,3404.0,3387.0,3373.0,3362.0,3353.0,3343.0,3335.0
080300,ANTA,61564.0,62428.0,63131.0,63665.0,64097.0,64455.0,64769.0,65070.0,65355.0
080301,ANTA,23817.0,24667.0,25464.0,26038.0,26512.0,26916.0,27276.0,27628.0,27974.0
080302,ANCAHUASI,7616.0,7711.0,7784.0,7835.0,7873.0,7900.0,7922.0,7943.0,7962.0
080303,CACHIMAYO,2615.0,2681.0,2742.0,2787.0,2823.0,2854.0,2882.0,2909.0,2935.0
080304,CHINCHAYPUJIO,4394.0,4370.0,4333.0,4311.0,4292.0,4275.0,4260.0,4244.0,4227.0
080305,HUAROCONDO,4796.0,4722.0,4634.0,4576.0,4528.0,4486.0,4447.0,4409.0,4370.0
080306,LIMATAMBO,7958.0,7868.0,7754.0,7681.0,7620.0,7567.0,7517.0,7468.0,7417.0
080307,MOLLEPATA,3395.0,3450.0,3496.0,3531.0,3559.0,3580.0,3600.0,3617.0,3633.0
080308,PUCYURA,3223.0,3199.0,3166.0,3146.0,3128.0,3113.0,3099.0,3084.0,3068.0
080309,ZURITE,3750.0,3760.0,3758.0,3760.0,3762.0,3764.0,3766.0,3768.0,3769.0
080400,CALCA,70370.0,71071.0,71582.0,71906.0,72114.0,72243.0,72326.0,72397.0,72453.0
080401,CALCA,22681.0,23082.0,23423.0,23653.0,23833.0,23969.0,24084.0,24188.0,24283.0
080402,COYA,3649.0,3652.0,3645.0,3639.0,3631.0,3620.0,3609.0,3599.0,3588.0
080403,LAMAY,5856.0,5920.0,5967.0,5997.0,6016.0,6029.0,6038.0,6046.0,6054.0
080404,LARES,6513.0,6472.0,6412.0,6368.0,6324.0,6284.0,6244.0,6205.0,6167.0
080405,PISAC,11214.0,11425.0,11607.0,11728.0,11817.0,11885.0,11942.0,11997.0,12049.0
080406,SAN SALVADOR,6002.0,6097.0,6175.0,6225.0,6258.0,6281.0,6295.0,6308.0,6317.0
080407,TARAY,4771.0,4832.0,4880.0,4911.0,4932.0,4947.0,4958.0,4969.0,4979.0
080408,YANATILE,9684.0,9591.0,9473.0,9385.0,9303.0,9228.0,9156.0,9085.0,9016.0
080500,CANAS,35199.0,35024.0,34754.0,34605.0,34487.0,34389.0,34302.0,34218.0,34137.0
080501,YANAOCA,9314.0,9302.0,9270.0,9256.0,9247.0,9239.0,9232.0,9226.0,9221.0
080502,CHECCA,5547.0,5523.0,5485.0,5464.0,5448.0,5435.0,5422.0,5412.0,5400.0
080503,KUNTURKANKI,5214.0,5204.0,5178.0,5166.0,5158.0,5151.0,5145.0,5139.0,5134.0
080504,LANGUI,2174.0,2142.0,2104.0,2079.0,2060.0,2043.0,2029.0,2014.0,2000.0
080505,LAYO,5635.0,5600.0,5548.0,5518.0,5495.0,5475.0,5457.0,5441.0,5424.0
080506,PAMPAMARCA,1909.0,1903.0,1889.0,1885.0,1878.0,1874.0,1870.0,1865.0,1862.0
080507,QUEHUE,2741.0,2704.0,2660.0,2632.0,2609.0,2590.0,2573.0,2556.0,2540.0
080508,TUPAC AMARU,2665.0,2646.0,2620.0,2605.0,2592.0,2582.0,2574.0,2565.0,2556.0
080600,CANCHIS,104611.0,105685.0,106476.0,106990.0,107333.0,107558.0,107716.0,107855.0,107973.0
080601,SICUANI,62983.0,63931.0,64711.0,65225.0,65594.0,65864.0,66071.0,66264.0,66437.0
080602,CHECACUPE,5150.0,5191.0,5217.0,5235.0,5246.0,5253.0,5258.0,5263.0,5268.0
080603,COMBAPATA,5035.0,5038.0,5026.0,5017.0,5006.0,4995.0,4984.0,4972.0,4961.0
080604,MARANGANI,10479.0,10453.0,10399.0,10359.0,10320.0,10280.0,10243.0,10207.0,10170.0
080605,PITUMARCA,8126.0,8257.0,8366.0,8440.0,8496.0,8538.0,8574.0,8605.0,8634.0
080606,SAN PABLO,4542.0,4515.0,4475.0,4446.0,4420.0,4395.0,4372.0,4349.0,4326.0
080607,SAN PEDRO,2827.0,2821.0,2808.0,2798.0,2789.0,2780.0,2769.0,2759.0,2751.0
080608,TINTA,5469.0,5479.0,5474.0,5470.0,5462.0,5453.0,5445.0,5436.0,5426.0
080700,CHUMBIVILCAS,70794.0,70565.0,70143.0,69930.0,69763.0,69627.0,69508.0,69395.0,69285.0
080701,SANTO TOMAS,23039.0,22958.0,22809.0,22733.0,22673.0,22624.0,22581.0,22541.0,22500.0
080702,CAPACMARCA,4185.0,4158.0,4119.0,4097.0,4079.0,4064.0,4051.0,4037.0,4025.0
080703,CHAMACA,6671.0,6596.0,6503.0,6445.0,6399.0,6359.0,6324.0,6288.0,6255.0
080704,COLQUEMARCA,7327.0,7228.0,7110.0,7036.0,6974.0,6923.0,6876.0,6831.0,6787.0
080705,LIVITACA,12575.0,12704.0,12798.0,12879.0,12949.0,13009.0,13066.0,13121.0,13176.0
080706,LLUSCO,4594.0,4462.0,4322.0,4227.0,4149.0,4083.0,4022.0,3964.0,3907.0
080707,QUIÑOTA,4051.0,4036.0,4010.0,3997.0,3986.0,3978.0,3969.0,3964.0,3956.0
080708,VELILLE,8352.0,8423.0,8472.0,8516.0,8554.0,8587.0,8619.0,8649.0,8679.0
080800,ESPINAR,61987.0,62108.0,62059.0,62098.0,62140.0,62182.0,62225.0,62269.0,62312.0
080801,ESPINAR,37493.0,38252.0,38886.0,39539.0,40173.0,40781.0,41373.0,41945.0,42506.0
080802,CONDOROMA,919.0,896.0,872.0,854.0,839.0,824.0,812.0,800.0,788.0
080803,COPORAQUE,10632.0,10236.0,9824.0,9434.0,9055.0,8688.0,8333.0,7992.0,7663.0
080804,OCORURO,1074.0,1035.0,995.0,962.0,931.0,902.0,874.0,846.0,818.0
080805,PALLPATA,5137.0,5130.0,5111.0,5094.0,5075.0,5059.0,5040.0,5021.0,5002.0
080806,PICHIGUA,2960.0,2896.0,2824.0,2767.0,2714.0,2663.0,2614.0,2565.0,2514.0
080807,SUYCKUTAMBO,1712.0,1640.0,1566.0,1498.0,1433.0,1371.0,1312.0,1258.0,1205.0
080808,ALTO PICHIGUA,2060.0,2023.0,1981.0,1950.0,1920.0,1894.0,1867.0,1842.0,1816.0
080900,LA CONVENCIÓN,167312.0,167846.0,167910.0,168159.0,168389.0,168604.0,168812.0,169020.0,169227.0
080901,SANTA ANA,30570.0,30330.0,29990.0,29744.0,29650.0,29456.0,29105.0,28908.0,28710.0
080902,ECHARATE,26660.0,26006.0,25281.0,18650.0,18247.0,17871.0,17510.0,17150.0,16790.0
080903,HUAYOPATA,5545.0,5525.0,5487.0,5462.0,5440.0,5418.0,5398.0,5378.0,5358.0
080904,MARANURA,5448.0,5336.0,5209.0,5108.0,5017.0,4930.0,4847.0,4764.0,4681.0
080905,OCOBAMBA,6061.0,6025.0,5985.0,5944.0,5903.0,5861.0,5819.0,5778.0,5737.0
080906,QUELLOUNO,15173.0,15187.0,15150.0,15132.0,15112.0,15091.0,15071.0,15053.0,15035.0
080907,KIMBIRI,18240.0,18702.0,19099.0,13688.0,13885.0,14056.0,14212.0,14360.0,14508.0
080908,SANTA TERESA,6972.0,6969.0,6945.0,6933.0,6921.0,6912.0,6902.0,6894.0,6886.0
080909,VILCABAMBA,10464.0,10359.0,10240.0,10146.0,10058.0,9976.0,9899.0,9822.0,9745.0
080910,PICHARI,25025.0,26160.0,27234.0,22680.0,23299.0,24006.0,24860.0,25560.0,26260.0
080911,INKAWASI,4913.0,4979.0,5031.0,5079.0,5125.0,5166.0,5207.0,5249.0,5291.0
080912,VILLA VIRGEN,2332.0,2365.0,2391.0,2416.0,2437.0,2458.0,2479.0,2501.0,2523.0
080913,VILLA KINTIARINA,2322.0,2350.0,2369.0,2388.0,2405.0,2420.0,2431.0,2442.0,2453.0
080914,MEGANTONI,7587.0,7553.0,7499.0,7461.0,7427.0,7394.0,7363.0,7335.0,7307.0
080915,KUMPIRUSHIATO,,,,6054.0,5923.0,5801.0,5683.0,5567.0,5451.0
080916,CIELO PUNCO,,,,2204.0,2235.0,2263.0,2288.0,2312.0,2336.0
080917,MANITEA,,,,3531.0,3582.0,3626.0,3666.0,3704.0,3742.0
080918,UNIÓN ASHÁNINKA,,,,5539.0,5723.0,5899.0,6072.0,6243.0,6414.0
081000,PARURO,27212.0,26964.0,26644.0,26450.0,26293.0,26161.0,26043.0,25928.0,25817.0
081001,PARURO,3473.0,3479.0,3474.0,3474.0,3475.0,3477.0,3479.0,3481.0,3484.0
081002,ACCHA,3224.0,3179.0,3125.0,3091.0,3064.0,3041.0,3020.0,3000.0,2980.0
081003,CCAPI,3221.0,3175.0,3121.0,3087.0,3059.0,3036.0,3015.0,2995.0,2975.0
081004,COLCHA,999.0,974.0,948.0,931.0,916.0,905.0,894.0,884.0,874.0
081005,HUANOQUITE,5140.0,5116.0,5078.0,5057.0,5040.0,5025.0,5012.0,4999.0,4987.0
081006,OMACHA,5923.0,5891.0,5842.0,5814.0,5792.0,5771.0,5752.0,5734.0,5718.0
081007,PACCARITAMBO,2139.0,2118.0,2092.0,2076.0,2063.0,2052.0,2042.0,2033.0,2024.0
081008,PILLPINTO,1072.0,1054.0,1033.0,1020.0,1009.0,1000.0,993.0,984.0,975.0
081009,YAURISQUE,2021.0,1978.0,1931.0,1900.0,1875.0,1854.0,1836.0,1818.0,1800.0
081100,PAUCARTAMBO,47175.0,47442.0,47579.0,47732.0,47866.0,47985.0,48098.0,48209.0,48319.0
081101,PAUCARTAMBO,13177.0,13323.0,13435.0,13536.0,13627.0,13709.0,13788.0,13867.0,13946.0
081102,CAICAY,2952.0,3005.0,3050.0,3089.0,3122.0,3151.0,3181.0,3210.0,3239.0
081103,CHALLABAMBA,9488.0,9468.0,9421.0,9398.0,9379.0,9364.0,9350.0,9337.0,9324.0
081104,COLQUEPATA,9004.0,8973.0,8915.0,8883.0,8858.0,8836.0,8815.0,8795.0,8776.0
081105,HUANCARANI,7689.0,7788.0,7866.0,7923.0,7966.0,8001.0,8029.0,8055.0,8079.0
081106,KOSÑIPATA,4865.0,4885.0,4892.0,4903.0,4914.0,4924.0,4935.0,4945.0,4955.0
081200,QUISPICANCHI,98076.0,100027.0,101735.0,103046.0,104148.0,105104.0,105981.0,106844.0,107685.0
081201,URCOS,11785.0,11984.0,12152.0,12279.0,12416.0,12538.0,12657.0,12774.0,12888.0
081202,ANDAHUAYLILLAS,6567.0,6760.0,6938.0,7095.0,7245.0,7382.0,7509.0,7637.0,7761.0
081203,CAMANTI,2502.0,2556.0,2603.0,2638.0,2668.0,2692.0,2710.0,2727.0,2743.0
081204,CCARHUAYO,3107.0,3136.0,3156.0,3172.0,3186.0,3197.0,3204.0,3211.0,3217.0
081205,CCATCA,14950.0,15039.0,15084.0,15122.0,15165.0,15186.0,15197.0,15207.0,15214.0
081206,CUSIPATA,4672.0,4673.0,4661.0,4654.0,4652.0,4645.0,4635.0,4627.0,4616.0
081207,HUARO,4860.0,4919.0,4965.0,5000.0,5032.0,5055.0,5073.0,5091.0,5107.0
081208,LUCRE,4971.0,5103.0,5223.0,5326.0,5423.0,5510.0,5592.0,5669.0,5747.0
081209,MARCAPATA,4873.0,4917.0,4947.0,4971.0,4994.0,5008.0,5019.0,5029.0,5038.0
081210,OCONGATE,17664.0,18147.0,18587.0,18796.0,19019.0,19224.0,19417.0,19609.0,19799.0
081211,OROPESA,10535.0,11054.0,11563.0,12050.0,12323.0,12583.0,12836.0,13087.0,13336.0
081212,QUIQUIJANA,11590.0,11739.0,11856.0,11943.0,12025.0,12084.0,12132.0,12176.0,12219.0
081300,URUBAMBA,67545.0,68877.0,70043.0,70938.0,71691.0,72344.0,72943.0,73532.0,74107.0
081301,URUBAMBA,22637.0,23222.0,23754.0,24178.0,24550.0,24885.0,25201.0,25516.0,25828.0
081302,CHINCHERO,11761.0,12043.0,12298.0,12498.0,12671.0,12825.0,12970.0,13115.0,13258.0
081303,HUAYLLABAMBA,6062.0,6192.0,6308.0,6395.0,6467.0,6529.0,6585.0,6639.0,6691.0
081304,MACHUPICCHU,5623.0,5671.0,5704.0,5729.0,5746.0,5761.0,5772.0,5782.0,5791.0
081305,MARAS,6670.0,6729.0,6769.0,6799.0,6822.0,6839.0,6853.0,6865.0,6877.0
081306,OLLANTAYTAMBO,11447.0,11642.0,11808.0,11918.0,12000.0,12061.0,12110.0,12154.0,12193.0
081307,YUCAY,3345.0,3378.0,3402.0,3421.0,3435.0,3444.0,3452.0,3461.0,3469.0
090000,HUANCAVELICA,376346.0,371260.0,365317.0,358356.0,350845.0,343026.0,335142.0,327440.0,319894.0
090100,HUANCAVELICA,123958.0,122765.0,121265.0,119976.0,118575.0,117093.0,115573.0,114056.0,112540.0
090101,HUANCAVELICA,42325.0,42674.0,42858.0,42962.0,43082.0,43223.0,43380.0,43556.0,43733.0
090102,ACOBAMBILLA,2146.0,2027.0,1909.0,1807.0,1702.0,1597.0,1489.0,1379.0,1269.0
090103,ACORIA,18954.0,18013.0,17056.0,16315.0,15483.0,14580.0,13632.0,12668.0,11704.0
090104,CONAYCA,909.0,879.0,848.0,827.0,804.0,778.0,751.0,725.0,699.0
090105,CUENCA,1191.0,1130.0,1071.0,1024.0,975.0,926.0,877.0,826.0,775.0
090106,HUACHOCOLPA,1975.0,1893.0,1807.0,1745.0,1674.0,1598.0,1517.0,1436.0,1355.0
090107,HUAYLLAHUARA,700.0,681.0,662.0,651.0,637.0,623.0,608.0,592.0,576.0
090108,IZCUCHACA,923.0,916.0,905.0,905.0,906.0,908.0,910.0,912.0,914.0
090109,LARIA,779.0,747.0,717.0,694.0,669.0,641.0,612.0,583.0,554.0
090110,MANTA,1006.0,962.0,917.0,883.0,846.0,805.0,762.0,718.0,674.0
090111,MARISCAL CACERES,532.0,514.0,494.0,482.0,470.0,451.0,435.0,415.0,395.0
090112,MOYA,1025.0,966.0,911.0,865.0,814.0,758.0,700.0,641.0,582.0
090113,NUEVO OCCORO,1829.0,1769.0,1706.0,1664.0,1617.0,1565.0,1511.0,1457.0,1403.0
090114,PALCA,2102.0,2005.0,1906.0,1831.0,1746.0,1655.0,1559.0,1461.0,1363.0
090115,PILCHACA,537.0,528.0,517.0,512.0,508.0,502.0,496.0,490.0,484.0
090116,VILCA,2008.0,1922.0,1834.0,1769.0,1695.0,1615.0,1532.0,1447.0,1362.0
090117,YAULI,21166.0,20557.0,19892.0,19291.0,18684.0,18070.0,17448.0,16817.0,16186.0
090118,ASCENSION,17124.0,17963.0,18765.0,19388.0,20031.0,20696.0,21383.0,22094.0,22805.0
090119,HUANDO,6727.0,6619.0,6490.0,6361.0,6232.0,6102.0,5971.0,5839.0,5707.0
090200,ACOBAMBA,40672.0,39108.0,37503.0,35858.0,34179.0,32508.0,30880.0,29329.0,27849.0
090201,ACOBAMBA,9689.0,9652.0,9579.0,9468.0,9320.0,9148.0,8955.0,8758.0,8552.0
090202,ANDABAMBA,3396.0,3287.0,3171.0,3050.0,2922.0,2791.0,2662.0,2538.0,2418.0
090203,ANTA,4951.0,4718.0,4483.0,4244.0,4004.0,3767.0,3538.0,3321.0,3115.0
090204,CAJA,1962.0,1887.0,1809.0,1729.0,1645.0,1562.0,1481.0,1402.0,1328.0
090205,MARCAS,1633.0,1577.0,1519.0,1457.0,1394.0,1329.0,1265.0,1205.0,1145.0
090206,PAUCARA,10733.0,9911.0,9117.0,8355.0,7625.0,6937.0,6300.0,5714.0,5178.0
090207,POMACOCHA,3067.0,2973.0,2873.0,2766.0,2654.0,2540.0,2426.0,2314.0,2208.0
090208,ROSARIO,5241.0,5103.0,4952.0,4789.0,4615.0,4434.0,4253.0,4077.0,3905.0
090300,ANGARAES,53985.0,54015.0,53901.0,52928.0,51904.0,50847.0,49774.0,48704.0,47636.0
090301,LIRCAY,25639.0,25801.0,25891.0,25649.0,25384.0,25102.0,24808.0,24509.0,24207.0
090302,ANCHONGA,7734.0,7781.0,7805.0,7684.0,7557.0,7425.0,7290.0,7155.0,7019.0
090303,CALLANMARCA,652.0,634.0,615.0,585.0,555.0,525.0,495.0,468.0,441.0
090304,CCOCHACCASA,3226.0,3216.0,3198.0,3118.0,3032.0,2943.0,2854.0,2767.0,2679.0
090305,CHINCHO,1014.0,991.0,967.0,925.0,885.0,848.0,807.0,770.0,735.0
090306,CONGALLA,3866.0,3831.0,3786.0,3677.0,3566.0,3453.0,3339.0,3226.0,3113.0
090307,HUANCA-HUANCA,1437.0,1423.0,1405.0,1360.0,1311.0,1261.0,1212.0,1162.0,1112.0
090308,HUAYLLAY GRANDE,1155.0,1103.0,1051.0,982.0,915.0,851.0,792.0,733.0,677.0
090309,JULCAMARCA,1879.0,1907.0,1929.0,1911.0,1889.0,1862.0,1834.0,1805.0,1774.0
090310,SAN ANTONIO DE ANTAPARCO,2513.0,2474.0,2429.0,2337.0,2243.0,2147.0,2051.0,1957.0,1864.0
090311,SANTO TOMAS DE PATA,1555.0,1536.0,1513.0,1460.0,1405.0,1350.0,1295.0,1238.0,1184.0
090312,SECCLLA,3315.0,3318.0,3312.0,3240.0,3162.0,3080.0,2997.0,2914.0,2831.0
090400,CASTROVIRREYNA,15214.0,14917.0,14588.0,14227.0,13833.0,13423.0,13009.0,12608.0,12218.0
090401,CASTROVIRREYNA,3217.0,3199.0,3172.0,3134.0,3084.0,3033.0,2970.0,2912.0,2851.0
090402,ARMA,1042.0,1008.0,972.0,935.0,895.0,855.0,816.0,778.0,742.0
090403,AURAHUA,1585.0,1543.0,1497.0,1447.0,1395.0,1342.0,1289.0,1238.0,1189.0
090404,CAPILLAS,980.0,948.0,915.0,880.0,844.0,806.0,770.0,734.0,701.0
090405,CHUPAMARCA,964.0,950.0,935.0,916.0,894.0,870.0,847.0,824.0,801.0
090406,COCAS,768.0,754.0,737.0,718.0,699.0,676.0,655.0,634.0,613.0
090407,HUACHOS,985.0,933.0,880.0,828.0,777.0,726.0,679.0,634.0,592.0
090408,HUAMATAMBO,423.0,422.0,418.0,415.0,408.0,403.0,397.0,388.0,380.0
090409,MOLLEPAMPA,1253.0,1229.0,1201.0,1172.0,1138.0,1103.0,1067.0,1032.0,998.0
090410,SAN JUAN,745.0,758.0,769.0,777.0,784.0,789.0,791.0,793.0,794.0
090411,SANTA ANA,943.0,886.0,834.0,783.0,735.0,688.0,645.0,607.0,572.0
090412,TANTARA,705.0,699.0,691.0,680.0,668.0,654.0,640.0,626.0,611.0
090413,TICRAPO,1604.0,1588.0,1567.0,1542.0,1512.0,1478.0,1443.0,1408.0,1374.0
090500,CHURCAMPA,35290.0,34625.0,33883.0,33066.0,32173.0,31238.0,30298.0,29386.0,28497.0
090501,CHURCAMPA,5562.0,5534.0,5493.0,5441.0,5376.0,5302.0,5231.0,5161.0,5095.0
090502,ANCO,5941.0,5896.0,5833.0,5757.0,5667.0,5568.0,5463.0,5365.0,5271.0
090503,CHINCHIHUASI,2084.0,1987.0,1889.0,1789.0,1687.0,1584.0,1481.0,1379.0,1278.0
090504,EL CARMEN,2611.0,2576.0,2533.0,2482.0,2423.0,2360.0,2296.0,2236.0,2178.0
090505,LA MERCED,1173.0,1178.0,1179.0,1183.0,1186.0,1189.0,1192.0,1195.0,1199.0
090506,LOCROJA,3596.0,3534.0,3464.0,3379.0,3284.0,3181.0,3077.0,2978.0,2881.0
090507,PAUCARBAMBA,4721.0,4544.0,4362.0,4167.0,3966.0,3762.0,3559.0,3360.0,3164.0
090508,SAN MIGUEL DE MAYOCC,801.0,777.0,751.0,726.0,699.0,672.0,646.0,618.0,591.0
090509,SAN PEDRO DE CORIS,3664.0,3604.0,3535.0,3452.0,3357.0,3256.0,3154.0,3057.0,2962.0
090510,PACHAMARCA,1997.0,1930.0,1861.0,1791.0,1718.0,1645.0,1571.0,1499.0,1428.0
090511,COSME,3140.0,3065.0,2983.0,2899.0,2810.0,2719.0,2628.0,2538.0,2450.0
090600,HUAYTARA,18833.0,18529.0,18182.0,17793.0,17361.0,16905.0,16443.0,15994.0,15555.0
090601,HUAYTARA,2371.0,2375.0,2374.0,2365.0,2350.0,2332.0,2312.0,2293.0,2274.0
090602,AYAVI,833.0,833.0,830.0,824.0,816.0,807.0,798.0,789.0,780.0
090603,CORDOVA,1058.0,991.0,927.0,865.0,801.0,738.0,674.0,613.0,552.0
090604,HUAYACUNDO ARMA,485.0,488.0,488.0,492.0,494.0,496.0,497.0,498.0,499.0
090605,LARAMARCA,905.0,892.0,876.0,855.0,829.0,802.0,775.0,749.0,723.0
090606,OCOYO,858.0,795.0,735.0,684.0,631.0,579.0,527.0,476.0,426.0
090607,PILPICHACA,3038.0,2973.0,2899.0,2799.0,2691.0,2570.0,2453.0,2336.0,2227.0
090608,QUERCO,1151.0,1183.0,1211.0,1241.0,1272.0,1302.0,1330.0,1359.0,1385.0
090609,QUITO-ARMA,745.0,733.0,718.0,699.0,676.0,651.0,627.0,603.0,580.0
090610,SAN ANTONIO DE CUSICANCHA,1473.0,1455.0,1431.0,1399.0,1362.0,1322.0,1280.0,1241.0,1203.0
090611,SAN FRANCISCO DE SANGAYAICO,998.0,1015.0,1029.0,1043.0,1055.0,1068.0,1079.0,1090.0,1100.0
090612,SAN ISIDRO,1149.0,1150.0,1148.0,1142.0,1133.0,1123.0,1111.0,1101.0,1090.0
090613,SANTIAGO DE CHOCORVOS,1812.0,1706.0,1600.0,1492.0,1381.0,1271.0,1161.0,1053.0,947.0
090614,SANTIAGO DE QUIRAHUARA,397.0,377.0,356.0,333.0,311.0,287.0,264.0,241.0,221.0
090615,SANTO DOMINGO DE CAPILLAS,801.0,778.0,751.0,725.0,697.0,668.0,640.0,612.0,584.0
090616,TAMBO,759.0,785.0,809.0,835.0,862.0,889.0,915.0,940.0,964.0
090700,TAYACAJA,88394.0,87301.0,85995.0,84508.0,82820.0,81012.0,79165.0,77363.0,75599.0
090701,PAMPAS,10892.0,11101.0,11278.0,11419.0,11515.0,11582.0,11628.0,11670.0,11718.0
090702,ACOSTAMBO,3530.0,3453.0,3365.0,3269.0,3166.0,3057.0,2948.0,2842.0,2737.0
090703,ACRAQUIA,3772.0,3664.0,3548.0,3424.0,3293.0,3158.0,3025.0,2897.0,2770.0
090704,AHUAYCHA,4154.0,4071.0,3978.0,3873.0,3758.0,3637.0,3516.0,3396.0,3278.0
090705,COLCABAMBA,12206.0,12112.0,11989.0,11822.0,11614.0,11385.0,11139.0,10899.0,10664.0
090706,DANIEL HERNANDEZ,9959.0,9996.0,10002.0,10033.0,10052.0,10065.0,10074.0,10084.0,10099.0
090707,HUACHOCOLPA,3433.0,3320.0,2426.0,2380.0,2329.0,2274.0,2217.0,2162.0,2108.0
090709,HUARIBAMBA,3222.0,3141.0,3052.0,2955.0,2852.0,2745.0,2639.0,2535.0,2432.0
090710,ÑAHUIMPUQUIO,1573.0,1527.0,1479.0,1426.0,1372.0,1315.0,1260.0,1206.0,1153.0
090711,PAZOS,5513.0,5361.0,5198.0,5021.0,4834.0,4643.0,4452.0,4266.0,4082.0
090713,QUISHUAR,779.0,767.0,752.0,736.0,718.0,695.0,675.0,654.0,633.0
090714,SALCABAMBA,4166.0,4090.0,4005.0,3907.0,3799.0,3685.0,3568.0,3453.0,3340.0
090715,SALCAHUASI,2884.0,2813.0,2734.0,2648.0,2557.0,2461.0,2367.0,2275.0,2184.0
090716,SAN MARCOS DE ROCCHAC,1959.0,1875.0,1789.0,1703.0,1613.0,1527.0,1443.0,1364.0,1286.0
090717,SURCUBAMBA,5099.0,5104.0,4236.0,4158.0,4068.0,3971.0,3872.0,3776.0,3682.0
090718,TINTAY PUNCU,3219.0,3057.0,2893.0,1677.0,1575.0,1472.0,1368.0,1265.0,1163.0
090719,QUICHUAS,4307.0,4301.0,4281.0,4246.0,4198.0,4139.0,4076.0,4012.0,3950.0
090720,ANDAYMARCA,2630.0,2650.0,2662.0,2671.0,2677.0,2682.0,2685.0,2689.0,2694.0
090721,ROBLE,1374.0,1294.0,1216.0,1140.0,1066.0,996.0,930.0,869.0,808.0
090722,PICHOS,2076.0,1986.0,1894.0,1800.0,1705.0,1612.0,1521.0,1433.0,1346.0
090723,SANTIAGO DE TUCUMA,1647.0,1618.0,1585.0,1545.0,1503.0,1457.0,1411.0,1367.0,1324.0
090724,LAMBRAS,,,1633.0,1603.0,1568.0,1531.0,1493.0,1455.0,1418.0
090725,COCHABAMBA,,,,1052.0,988.0,923.0,858.0,794.0,730.0
100000,HUÁNUCO,757467.0,759851.0,760267.0,758416.0,755213.0,751097.0,746509.0,741887.0,737187.0
100100,HUÁNUCO,307723.0,312201.0,315799.0,318371.0,320269.0,321671.0,322752.0,323703.0,324500.0
100101,HUÁNUCO,92440.0,94200.0,95540.0,96397.0,97086.0,97688.0,98234.0,98752.0,99240.0
100102,AMARILIS,85811.0,87373.0,88635.0,89553.0,90762.0,91704.0,92458.0,93101.0,93627.0
100103,CHINCHAO,13316.0,13262.0,13159.0,13015.0,12920.0,12790.0,12639.0,12478.0,12306.0
100104,CHURUBAMBA,16764.0,16080.0,15364.0,14619.0,13954.0,13276.0,12602.0,11948.0,11313.0
100105,MARGOS,4514.0,4312.0,4120.0,3935.0,3784.0,3639.0,3503.0,3380.0,3266.0
100106,QUISQUI,3637.0,3454.0,3279.0,3108.0,2963.0,2825.0,2694.0,2575.0,2463.0
100107,SAN FRANCISCO DE CAYRAN,4897.0,4881.0,4847.0,4798.0,4767.0,4723.0,4672.0,4617.0,4558.0
100108,SAN PEDRO DE CHAULAN,3502.0,3074.0,2748.0,2538.0,2484.0,2428.0,2369.0,2310.0,2248.0
100109,SANTA MARIA DEL VALLE,21395.0,21672.0,21872.0,21987.0,22123.0,22239.0,22342.0,22439.0,22529.0
100110,YARUMAYO,1590.0,1588.0,1584.0,1578.0,1578.0,1576.0,1572.0,1563.0,1557.0
100111,PILLCO MARCA,46137.0,48775.0,51354.0,53829.0,55072.0,56275.0,57452.0,58621.0,59779.0
100112,YACUS,5293.0,5200.0,5092.0,4965.0,4857.0,4738.0,4611.0,4483.0,4353.0
100113,SAN PABLO DE PILLAO,8427.0,8330.0,8205.0,8049.0,7919.0,7770.0,7604.0,7436.0,7261.0
100200,AMBO,53549.0,53474.0,53247.0,52850.0,52348.0,51776.0,51164.0,50544.0,49916.0
100201,AMBO,22143.0,22746.0,23267.0,23696.0,24054.0,24358.0,24614.0,24840.0,25035.0
100202,CAYNA,2577.0,2486.0,2391.0,2290.0,2188.0,2088.0,1988.0,1893.0,1800.0
100203,COLPAS,1770.0,1700.0,1629.0,1555.0,1482.0,1408.0,1338.0,1270.0,1207.0
100204,CONCHAMARCA,4644.0,4533.0,4411.0,4276.0,4135.0,3991.0,3847.0,3706.0,3569.0
100205,HUACAR,8100.0,8090.0,8053.0,7994.0,7920.0,7837.0,7748.0,7659.0,7570.0
100206,SAN FRANCISCO,1565.0,1467.0,1374.0,1284.0,1199.0,1118.0,1045.0,977.0,914.0
100207,SAN RAFAEL,9223.0,9009.0,8772.0,8508.0,8230.0,7946.0,7663.0,7385.0,7112.0
100208,TOMAY KICHWA,3527.0,3443.0,3350.0,3247.0,3140.0,3030.0,2921.0,2814.0,2709.0
100300,DOS DE MAYO,34376.0,33436.0,32427.0,31346.0,30239.0,29127.0,28030.0,26965.0,25930.0
100301,LA UNION,6992.0,7056.0,7093.0,7102.0,7108.0,7110.0,7112.0,7114.0,7125.0
100307,CHUQUIS,3395.0,3262.0,3123.0,2980.0,2833.0,2686.0,2542.0,2402.0,2265.0
100311,MARIAS,5867.0,5714.0,5547.0,5363.0,5170.0,4968.0,4768.0,4568.0,4373.0
100313,PACHAS,5543.0,5179.0,4821.0,4470.0,4131.0,3806.0,3500.0,3215.0,2933.0
100316,QUIVILLA,1218.0,1156.0,1094.0,1031.0,968.0,907.0,849.0,792.0,736.0
100317,RIPAN,5502.0,5422.0,5324.0,5208.0,5078.0,4938.0,4784.0,4628.0,4477.0
100321,SHUNQUI,1701.0,1636.0,1567.0,1496.0,1423.0,1350.0,1279.0,1210.0,1142.0
100322,SILLAPATA,1824.0,1744.0,1662.0,1578.0,1493.0,1409.0,1327.0,1249.0,1172.0
100323,YANAS,2334.0,2267.0,2196.0,2118.0,2035.0,1953.0,1869.0,1787.0,1707.0
100400,HUACAYBAMBA,16939.0,16677.0,16372.0,16020.0,15644.0,15255.0,14862.0,14475.0,14092.0
100401,HUACAYBAMBA,5950.0,5888.0,5809.0,5711.0,5602.0,5488.0,5370.0,5253.0,5135.0
100402,CANCHABAMBA,2775.0,2754.0,2725.0,2688.0,2645.0,2599.0,2552.0,2505.0,2456.0
100403,COCHABAMBA,1611.0,1533.0,1454.0,1375.0,1297.0,1221.0,1149.0,1081.0,1016.0
100404,PINRA,6603.0,6502.0,6384.0,6246.0,6100.0,5947.0,5791.0,5636.0,5485.0
100500,HUAMALIES,54108.0,53168.0,52095.0,50876.0,49585.0,48253.0,46915.0,45599.0,44305.0
100501,LLATA,13925.0,13842.0,13718.0,13583.0,13439.0,13289.0,13136.0,12980.0,12823.0
100502,ARANCAY,1381.0,1351.0,1316.0,1278.0,1237.0,1193.0,1150.0,1109.0,1067.0
100503,CHAVIN DE PARIARCA,3938.0,3908.0,3866.0,3808.0,3739.0,3665.0,3586.0,3508.0,3426.0
100504,JACAS GRANDE,5992.0,5958.0,5906.0,5828.0,5735.0,5631.0,5521.0,5409.0,5296.0
100505,JIRCAN,1428.0,1338.0,1249.0,1163.0,1079.0,1002.0,926.0,858.0,794.0
100506,MIRAFLORES,3180.0,3156.0,3124.0,3077.0,3023.0,2963.0,2900.0,2836.0,2773.0
100507,MONZON,12980.0,12540.0,12077.0,11578.0,11068.0,10556.0,10054.0,9568.0,9097.0
100508,PUNCHAO,2032.0,2006.0,1976.0,1937.0,1893.0,1847.0,1799.0,1751.0,1703.0
100509,PUÑOS,4240.0,4199.0,4146.0,4075.0,3995.0,3906.0,3815.0,3722.0,3631.0
100510,SINGA,3182.0,3115.0,3039.0,2952.0,2861.0,2765.0,2669.0,2574.0,2481.0
100511,TANTAMAYO,1830.0,1755.0,1678.0,1597.0,1516.0,1436.0,1359.0,1284.0,1214.0
100600,LEONCIO PRADO,134572.0,136609.0,138275.0,139505.0,140453.0,141195.0,141809.0,142380.0,142896.0
100601,RUPA-RUPA,55795.0,57034.0,58126.0,59087.0,59894.0,60575.0,61187.0,61769.0,62329.0
100602,DANIEL ALOMIA ROBLES,6833.0,6867.0,6880.0,6887.0,6890.0,6893.0,6896.0,6899.0,6898.0
100603,HERMILIO VALDIZAN,3707.0,3704.0,3691.0,3668.0,3635.0,3596.0,3550.0,3506.0,3461.0
100604,JOSE CRESPO Y CASTILLO,23280.0,23581.0,23817.0,23875.0,23918.0,23949.0,23973.0,23994.0,24006.0
100605,LUYANDO,9335.0,9424.0,9485.0,9505.0,9519.0,9529.0,9535.0,9541.0,9543.0
100606,MARIANO DAMASO BERAUN,10868.0,11042.0,11187.0,11304.0,11390.0,11455.0,11504.0,11549.0,11590.0
100607,PUCAYACU,3910.0,3920.0,3917.0,3922.0,3924.0,3928.0,3932.0,3936.0,3938.0
100608,CASTILLO GRANDE,13672.0,13904.0,14099.0,14260.0,14382.0,14476.0,14552.0,14622.0,14686.0
100609,PUEBLO NUEVO,4447.0,4433.0,4406.0,4369.0,4320.0,4263.0,4200.0,4137.0,4072.0
100610,SANTO DOMINGO DE ANDA,2725.0,2700.0,2667.0,2628.0,2581.0,2531.0,2480.0,2427.0,2373.0
100700,MARAÑÓN,28715.0,28978.0,29160.0,29249.0,29277.0,29263.0,29224.0,29175.0,29117.0
100701,HUACRACHUCO,15178.0,15142.0,15048.0,15077.0,15077.0,15058.0,15026.0,14989.0,14948.0
100702,CHOLON,5793.0,5722.0,5629.0,5573.0,5507.0,5432.0,5353.0,5273.0,5190.0
100703,SAN BUENAVENTURA,2173.0,2139.0,2097.0,2059.0,2010.0,1956.0,1898.0,1839.0,1779.0
100704,LA MORADA,3127.0,3415.0,3713.0,3811.0,3902.0,3988.0,4072.0,4154.0,4235.0
100705,SANTA ROSA DE ALTO YANAJANCA,2444.0,2560.0,2673.0,2729.0,2781.0,2829.0,2875.0,2920.0,2965.0
100800,PACHITEA,51870.0,51043.0,50086.0,48986.0,47812.0,46597.0,45372.0,44165.0,42974.0
100801,PANAO,18400.0,18291.0,18126.0,17963.0,17778.0,17579.0,17376.0,17175.0,16978.0
100802,CHAGLLA,10733.0,10518.0,10278.0,10009.0,9714.0,9405.0,9093.0,8791.0,8495.0
100803,MOLINO,11117.0,11030.0,10912.0,10601.0,10277.0,9946.0,9614.0,9284.0,8958.0
100804,UMARI,11620.0,11204.0,10770.0,10413.0,10043.0,9667.0,9289.0,8915.0,8543.0
100900,PUERTO INCA,36016.0,36550.0,36987.0,37306.0,37553.0,37743.0,37903.0,38050.0,38185.0
100901,PUERTO INCA,10318.0,10505.0,10665.0,10781.0,10870.0,10938.0,10993.0,11040.0,11084.0
100902,CODO DEL POZUZO,7862.0,8065.0,8248.0,8400.0,8532.0,8647.0,8753.0,8857.0,8955.0
100903,HONORIA,4916.0,4856.0,4782.0,4711.0,4637.0,4562.0,4485.0,4408.0,4332.0
100904,TOURNAVISTA,6281.0,6420.0,6543.0,6642.0,6723.0,6789.0,6850.0,6909.0,6964.0
100905,YUYAPICHIS,6639.0,6704.0,6749.0,6772.0,6791.0,6807.0,6822.0,6836.0,6850.0
101000,LAURICOCHA,19200.0,18153.0,17114.0,16080.0,15077.0,14115.0,13201.0,12342.0,11535.0
101001,JESUS,4240.0,4084.0,3921.0,3751.0,3578.0,3407.0,3240.0,3079.0,2924.0
101002,BAÑOS,1957.0,1776.0,1606.0,1447.0,1301.0,1167.0,1046.0,937.0,839.0
101003,JIVIA,1206.0,1120.0,1035.0,950.0,869.0,790.0,714.0,644.0,578.0
101004,QUEROPALCA,1020.0,972.0,924.0,875.0,827.0,780.0,735.0,691.0,650.0
101005,RONDOS,3824.0,3589.0,3356.0,3123.0,2896.0,2679.0,2473.0,2279.0,2096.0
101006,SAN FRANCISCO DE ASIS,1301.0,1227.0,1152.0,1078.0,1007.0,939.0,874.0,813.0,756.0
101007,SAN MIGUEL DE CAURI,5652.0,5385.0,5120.0,4856.0,4599.0,4353.0,4119.0,3899.0,3692.0
101100,YAROWILCA,20399.0,19562.0,18705.0,17827.0,16956.0,16102.0,15277.0,14489.0,13737.0
101101,CHAVINILLO,4891.0,4736.0,4570.0,4390.0,4207.0,4026.0,3848.0,3682.0,3523.0
101102,CAHUAC,1144.0,1032.0,928.0,874.0,821.0,768.0,716.0,664.0,613.0
101103,CHACABAMBA,1092.0,991.0,898.0,847.0,795.0,745.0,694.0,645.0,595.0
101104,APARICIO POMARES,4942.0,4857.0,4754.0,4566.0,4379.0,4194.0,4013.0,3836.0,3661.0
101105,JACAS CHICO,1118.0,1062.0,1006.0,948.0,892.0,837.0,786.0,737.0,693.0
101106,OBAS,4002.0,3846.0,3684.0,3513.0,3342.0,3175.0,3014.0,2863.0,2721.0
101107,PAMPAMARCA,1138.0,1067.0,996.0,925.0,859.0,794.0,736.0,681.0,631.0
101108,CHORAS,2072.0,1971.0,1869.0,1764.0,1661.0,1563.0,1470.0,1381.0,1300.0
110000,ICA,923175.0,950100.0,975182.0,998144.0,1020050.0,1041312.0,1062346.0,1083566.0,1104956.0
110100,ICA,421151.0,433860.0,445752.0,456677.0,467131.0,477304.0,487385.0,497565.0,507840.0
110101,ICA,160288.0,164698.0,168765.0,173261.0,177538.0,181683.0,185788.0,189946.0,194155.0
110102,LA TINGUIÑA,43141.0,44689.0,46164.0,47727.0,49227.0,50694.0,52159.0,53650.0,55168.0
110103,LOS AQUIJES,23802.0,24761.0,25686.0,26242.0,26796.0,27349.0,27906.0,28470.0,29041.0
110104,OCUCAJE,4847.0,4998.0,5141.0,5297.0,5448.0,5597.0,5744.0,5893.0,6046.0
110105,PACHACUTEC,7838.0,8070.0,8284.0,8519.0,8741.0,8955.0,9168.0,9381.0,9596.0
110106,PARCONA,58266.0,59294.0,60173.0,61178.0,62071.0,62883.0,63641.0,64373.0,65073.0
110107,PUEBLO NUEVO,6920.0,7220.0,7513.0,7832.0,8150.0,8469.0,8795.0,9131.0,9477.0
110108,SALAS,27910.0,29202.0,30467.0,31068.0,31666.0,32263.0,32864.0,33472.0,34088.0
110109,SAN JOSE DE LOS MOLINOS,7616.0,7811.0,7989.0,8186.0,8372.0,8552.0,8727.0,8906.0,9086.0
110110,SAN JUAN BAUTISTA,14928.0,15246.0,15527.0,15845.0,16137.0,16414.0,16683.0,16952.0,17222.0
110111,SANTIAGO,29524.0,30262.0,30933.0,31591.0,32245.0,32899.0,33558.0,34224.0,34899.0
110112,SUBTANJALLA,29864.0,31277.0,32666.0,33358.0,34046.0,34735.0,35428.0,36130.0,36840.0
110113,TATE,4975.0,5085.0,5184.0,5295.0,5398.0,5496.0,5591.0,5687.0,5783.0
110114,YAUCA DEL ROSARIO,1232.0,1247.0,1260.0,1278.0,1296.0,1315.0,1333.0,1350.0,1366.0
110200,CHINCHA,248750.0,255687.0,262110.0,267938.0,273463.0,278796.0,284051.0,289340.0,294656.0
110201,CHINCHA ALTA,73730.0,75486.0,77070.0,78523.0,79899.0,81231.0,82545.0,83871.0,85207.0
110202,ALTO LARAN,8372.0,8639.0,8891.0,9119.0,9339.0,9551.0,9760.0,9971.0,10182.0
110203,CHAVIN,2263.0,2455.0,2658.0,2856.0,3057.0,3261.0,3469.0,3683.0,3903.0
110204,CHINCHA BAJA,14151.0,14401.0,14613.0,14783.0,14928.0,15055.0,15172.0,15285.0,15392.0
110205,EL CARMEN,13515.0,13745.0,13940.0,14093.0,14222.0,14335.0,14437.0,14534.0,14628.0
110206,GROCIO PRADO,27419.0,28264.0,29052.0,29770.0,30450.0,31106.0,31753.0,32403.0,33053.0
110207,PUEBLO NUEVO,69371.0,71511.0,73510.0,75326.0,77050.0,78716.0,80353.0,81998.0,83646.0
110208,SAN JUAN DE YANAC,1362.0,1511.0,1673.0,1831.0,1993.0,2157.0,2326.0,2499.0,2678.0
110209,SAN PEDRO DE HUACARPANA,1055.0,1069.0,1083.0,1098.0,1111.0,1126.0,1144.0,1162.0,1184.0
110210,SUNAMPE,31295.0,32204.0,33046.0,33809.0,34535.0,35235.0,35927.0,36625.0,37329.0
110211,TAMBO DE MORA,6217.0,6402.0,6574.0,6730.0,6879.0,7023.0,7165.0,7309.0,7454.0
110300,NASCA,74339.0,76481.0,78472.0,80285.0,82012.0,83684.0,85334.0,86998.0,88674.0
110301,NASCA,29090.0,29473.0,29772.0,30312.0,30819.0,31304.0,31780.0,32259.0,32744.0
110302,CHANGUILLO,2130.0,2155.0,2175.0,2214.0,2247.0,2282.0,2313.0,2347.0,2379.0
110303,EL INGENIO,3460.0,3527.0,3585.0,3669.0,3749.0,3825.0,3901.0,3977.0,4054.0
110304,MARCONA,17044.0,17563.0,18046.0,18634.0,19194.0,19732.0,20265.0,20803.0,21346.0
110305,VISTA ALEGRE,22615.0,23763.0,24894.0,25456.0,26003.0,26541.0,27075.0,27612.0,28151.0
110400,PALPA,14433.0,14652.0,14832.0,15008.0,15175.0,15337.0,15498.0,15660.0,15824.0
110401,PALPA,8434.0,8589.0,8722.0,8842.0,8952.0,9056.0,9160.0,9263.0,9365.0
110402,LLIPATA,1697.0,1732.0,1765.0,1798.0,1829.0,1859.0,1891.0,1924.0,1957.0
110403,RIO GRANDE,2898.0,2926.0,2946.0,2970.0,2995.0,3021.0,3046.0,3073.0,3100.0
110404,SANTA CRUZ,1036.0,1039.0,1037.0,1038.0,1041.0,1045.0,1046.0,1048.0,1051.0
110405,TIBILLO,368.0,366.0,362.0,360.0,358.0,356.0,355.0,352.0,351.0
110500,PISCO,164502.0,169420.0,174016.0,178236.0,182269.0,186191.0,190078.0,194003.0,197962.0
110501,PISCO,74035.0,76406.0,78636.0,80733.0,82721.0,84646.0,86548.0,88467.0,90405.0
110502,HUANCANO,1492.0,1474.0,1452.0,1448.0,1443.0,1437.0,1432.0,1426.0,1420.0
110503,HUMAY,5759.0,5811.0,5846.0,5886.0,5923.0,5958.0,5990.0,6022.0,6055.0
110504,INDEPENDENCIA,14129.0,14357.0,14544.0,14733.0,14908.0,15074.0,15235.0,15397.0,15559.0
110505,PARACAS,7942.0,8472.0,9011.0,9546.0,10082.0,10622.0,11173.0,11739.0,12318.0
110506,SAN ANDRES,15450.0,15742.0,15995.0,16242.0,16471.0,16690.0,16903.0,17118.0,17331.0
110507,SAN CLEMENTE,27019.0,27985.0,28904.0,29776.0,30611.0,31423.0,32227.0,33037.0,33853.0
110508,TUPAC AMARU INCA,18676.0,19173.0,19628.0,19872.0,20110.0,20341.0,20570.0,20797.0,21021.0
120000,JUNÍN,1335139.0,1350021.0,1361467.0,1369003.0,1374221.0,1377838.0,1380561.0,1383107.0,1385412.0
120100,HUANCAYO,572314.0,584464.0,595183.0,603163.0,609721.0,615295.0,620318.0,625237.0,630005.0
120101,HUANCAYO,122804.0,123748.0,124294.0,125146.0,125709.0,126080.0,126352.0,126618.0,126869.0
120104,CARHUACALLANGA,515.0,492.0,468.0,449.0,431.0,416.0,402.0,389.0,376.0
120105,CHACAPAMPA,983.0,964.0,941.0,920.0,899.0,880.0,862.0,844.0,827.0
120106,CHICCHE,761.0,725.0,687.0,656.0,630.0,606.0,584.0,562.0,541.0
120107,CHILCA,96609.0,98573.0,100252.0,101522.0,102548.0,103407.0,104173.0,104922.0,105647.0
120108,CHONGOS ALTO,1551.0,1540.0,1523.0,1503.0,1481.0,1459.0,1437.0,1416.0,1395.0
120111,CHUPURO,2090.0,2096.0,2095.0,2083.0,2065.0,2044.0,2023.0,2003.0,1982.0
120112,COLCA,1064.0,1047.0,1032.0,1014.0,996.0,978.0,960.0,943.0,926.0
120113,CULLHUAS,1395.0,1351.0,1308.0,1269.0,1233.0,1199.0,1167.0,1138.0,1108.0
120114,EL TAMBO,171500.0,173882.0,175725.0,177221.0,178306.0,179110.0,179769.0,180415.0,181033.0
120116,HUACRAPUQUIO,1420.0,1420.0,1415.0,1403.0,1390.0,1374.0,1358.0,1341.0,1326.0
120117,HUALHUAS,5631.0,5825.0,6006.0,6056.0,6092.0,6118.0,6139.0,6160.0,6180.0
120119,HUANCAN,27005.0,28507.0,29996.0,30981.0,31882.0,32720.0,33516.0,34295.0,35054.0
120120,HUASICANCHA,866.0,855.0,840.0,825.0,810.0,796.0,781.0,768.0,754.0
120121,HUAYUCACHI,10456.0,10705.0,10925.0,11007.0,11063.0,11102.0,11132.0,11161.0,11189.0
120122,INGENIO,2489.0,2472.0,2448.0,2417.0,2384.0,2349.0,2315.0,2281.0,2249.0
120124,PARIAHUANCA,5481.0,5348.0,5201.0,5056.0,4902.0,4744.0,4586.0,4431.0,4280.0
120125,PILCOMAYO,21979.0,23024.0,24039.0,24862.0,25618.0,26322.0,26992.0,27648.0,28287.0
120126,PUCARA,4998.0,4937.0,4859.0,4777.0,4695.0,4613.0,4533.0,4455.0,4379.0
120127,QUICHUAY,1937.0,1937.0,1931.0,1916.0,1896.0,1876.0,1853.0,1832.0,1811.0
120128,QUILCAS,4045.0,4060.0,4063.0,4089.0,4105.0,4115.0,4122.0,4128.0,4134.0
120129,SAN AGUSTIN,17064.0,17885.0,18684.0,19381.0,20025.0,20627.0,21202.0,21764.0,22313.0
120130,SAN JERONIMO DE TUNAN,12476.0,12772.0,13031.0,13206.0,13350.0,13471.0,13580.0,13687.0,13790.0
120132,SAÑO,5920.0,6171.0,6412.0,6526.0,6623.0,6709.0,6789.0,6866.0,6942.0
120133,SAPALLANGA,22967.0,24193.0,25401.0,26179.0,26887.0,27543.0,28165.0,28774.0,29367.0
120134,SICAYA,18834.0,20503.0,22244.0,23457.0,24599.0,25684.0,26727.0,27748.0,28744.0
120135,SANTO DOMINGO DE ACOBAMBA,6669.0,6547.0,6406.0,6252.0,6086.0,5915.0,5743.0,5574.0,5410.0
120136,VIQUES,2805.0,2885.0,2957.0,2990.0,3016.0,3038.0,3056.0,3074.0,3092.0
120200,CONCEPCIÓN,59210.0,59256.0,59138.0,58982.0,58774.0,58528.0,58257.0,57975.0,57682.0
120201,CONCEPCION,16402.0,16631.0,16806.0,16973.0,17124.0,17260.0,17391.0,17514.0,17631.0
120202,ACO,1692.0,1669.0,1643.0,1615.0,1586.0,1556.0,1526.0,1496.0,1465.0
120203,ANDAMARCA,3652.0,3514.0,3371.0,3224.0,3075.0,2926.0,2776.0,2627.0,2479.0
120204,CHAMBARA,2728.0,2706.0,2675.0,2643.0,2609.0,2574.0,2537.0,2501.0,2464.0
120205,COCHAS,2014.0,1995.0,1971.0,1946.0,1919.0,1890.0,1862.0,1833.0,1804.0
120206,COMAS,5712.0,5547.0,5369.0,5187.0,5002.0,4815.0,4627.0,4440.0,4253.0
120207,HEROINAS TOLEDO,1014.0,983.0,949.0,916.0,880.0,845.0,809.0,774.0,739.0
120208,MANZANARES,1537.0,1537.0,1532.0,1526.0,1519.0,1512.0,1503.0,1494.0,1485.0
120209,MARISCAL CASTILLA,1475.0,1472.0,1465.0,1457.0,1448.0,1438.0,1427.0,1416.0,1405.0
120210,MATAHUASI,6135.0,6236.0,6318.0,6396.0,6468.0,6536.0,6599.0,6661.0,6720.0
120211,MITO,1462.0,1462.0,1457.0,1452.0,1445.0,1437.0,1429.0,1420.0,1412.0
120212,NUEVE DE JULIO,2417.0,2488.0,2555.0,2619.0,2679.0,2738.0,2795.0,2850.0,2905.0
120213,ORCOTUNA,5038.0,5142.0,5233.0,5319.0,5401.0,5478.0,5551.0,5623.0,5693.0
120214,SAN JOSE DE QUERO,5829.0,5774.0,5702.0,5627.0,5548.0,5465.0,5381.0,5296.0,5211.0
120215,SANTA ROSA DE OCOPA,2103.0,2100.0,2092.0,2082.0,2071.0,2058.0,2044.0,2030.0,2016.0
120300,CHANCHAMAYO,167344.0,167598.0,167385.0,167060.0,166583.0,165994.0,165335.0,164643.0,163919.0
120301,CHANCHAMAYO,28709.0,28984.0,29175.0,29354.0,29494.0,29604.0,29695.0,29775.0,29843.0
120302,PERENE,59569.0,59984.0,60225.0,60416.0,60585.0,60737.0,60876.0,61010.0,61138.0
120303,PICHANAQUI,44032.0,43511.0,42869.0,42209.0,41498.0,40752.0,39986.0,39213.0,38436.0
120304,SAN LUIS DE SHUARO,4322.0,4151.0,3976.0,3779.0,3580.0,3381.0,3181.0,2981.0,2781.0
120305,SAN RAMON,28880.0,29194.0,29425.0,29643.0,29821.0,29970.0,30097.0,30214.0,30319.0
120306,VITOC,1832.0,1774.0,1715.0,1659.0,1605.0,1550.0,1500.0,1450.0,1402.0
120400,JAUJA,88854.0,88751.0,88405.0,88002.0,87522.0,86986.0,86417.0,85832.0,85233.0
120401,JAUJA,19415.0,19710.0,19948.0,20164.0,20347.0,20509.0,20651.0,20779.0,20892.0
120402,ACOLLA,6425.0,6267.0,6093.0,5917.0,5737.0,5556.0,5374.0,5196.0,5021.0
120403,APATA,4651.0,4625.0,4586.0,4542.0,4491.0,4436.0,4376.0,4317.0,4255.0
120404,ATAURA,1366.0,1376.0,1382.0,1390.0,1398.0,1405.0,1412.0,1417.0,1423.0
120405,CANCHAYLLO,1708.0,1703.0,1692.0,1680.0,1665.0,1648.0,1630.0,1613.0,1593.0
120406,CURICACA,1501.0,1479.0,1454.0,1427.0,1399.0,1370.0,1339.0,1309.0,1279.0
120407,EL MANTARO,2727.0,2739.0,2743.0,2750.0,2758.0,2768.0,2778.0,2787.0,2797.0
120408,HUAMALI,1707.0,1685.0,1659.0,1630.0,1601.0,1569.0,1537.0,1504.0,1472.0
120409,HUARIPAMPA,1085.0,1089.0,1090.0,1096.0,1105.0,1115.0,1124.0,1135.0,1145.0
120410,HUERTAS,2172.0,2205.0,2231.0,2255.0,2275.0,2293.0,2309.0,2324.0,2338.0
120411,JANJAILLO,587.0,572.0,557.0,542.0,529.0,514.0,502.0,491.0,479.0
120412,JULCAN,774.0,768.0,758.0,750.0,739.0,728.0,717.0,705.0,693.0
120413,LEONOR ORDOÑEZ,1625.0,1623.0,1616.0,1607.0,1597.0,1584.0,1570.0,1556.0,1540.0
120414,LLOCLLAPAMPA,1206.0,1194.0,1179.0,1163.0,1145.0,1127.0,1107.0,1087.0,1068.0
120415,MARCO,1531.0,1491.0,1447.0,1403.0,1359.0,1313.0,1269.0,1225.0,1183.0
120416,MASMA,1842.0,1810.0,1774.0,1736.0,1696.0,1656.0,1614.0,1573.0,1532.0
120417,MASMA CHICCHE,768.0,756.0,742.0,727.0,711.0,695.0,679.0,664.0,647.0
120418,MOLINOS,1647.0,1633.0,1614.0,1593.0,1571.0,1547.0,1522.0,1496.0,1470.0
120419,MONOBAMBA,1818.0,1869.0,1917.0,1964.0,2008.0,2051.0,2093.0,2135.0,2176.0
120420,MUQUI,1059.0,1059.0,1057.0,1053.0,1047.0,1041.0,1032.0,1025.0,1017.0
120421,MUQUIYAUYO,2388.0,2387.0,2380.0,2370.0,2356.0,2340.0,2323.0,2303.0,2283.0
120422,PACA,928.0,903.0,876.0,848.0,820.0,792.0,765.0,737.0,711.0
120423,PACCHA,1504.0,1460.0,1413.0,1366.0,1319.0,1273.0,1228.0,1184.0,1141.0
120424,PANCAN,1287.0,1278.0,1264.0,1250.0,1234.0,1217.0,1198.0,1179.0,1161.0
120425,PARCO,1203.0,1180.0,1152.0,1123.0,1095.0,1064.0,1035.0,1006.0,977.0
120426,POMACANCHA,1484.0,1434.0,1382.0,1331.0,1277.0,1227.0,1176.0,1127.0,1079.0
120427,RICRAN,1326.0,1282.0,1236.0,1191.0,1145.0,1102.0,1060.0,1017.0,979.0
120428,SAN LORENZO,2719.0,2768.0,2808.0,2846.0,2881.0,2911.0,2940.0,2967.0,2992.0
120429,SAN PEDRO DE CHUNAN,717.0,697.0,675.0,654.0,632.0,610.0,588.0,568.0,547.0
120430,SAUSA,3273.0,3321.0,3361.0,3396.0,3428.0,3454.0,3479.0,3501.0,3522.0
120431,SINCOS,4264.0,4247.0,4217.0,4183.0,4143.0,4098.0,4051.0,4001.0,3950.0
120432,TUNAN MARCA,1056.0,1029.0,998.0,968.0,939.0,907.0,877.0,847.0,818.0
120433,YAULI,1134.0,1095.0,1055.0,1015.0,976.0,935.0,897.0,859.0,823.0
120434,YAUYOS,9957.0,10017.0,10049.0,10072.0,10099.0,10131.0,10165.0,10198.0,10230.0
120500,JUNÍN,23797.0,23304.0,22757.0,22208.0,21651.0,21096.0,20545.0,20005.0,19472.0
120501,JUNÍN,11419.0,11346.0,11238.0,11033.0,10817.0,10593.0,10368.0,10146.0,9924.0
120502,CARHUAMAYO,6827.0,6699.0,6554.0,6357.0,6157.0,5962.0,5769.0,5581.0,5399.0
120503,ONDORES,1232.0,1153.0,1075.0,1047.0,1021.0,996.0,971.0,947.0,923.0
120504,ULCUMAYO,4319.0,4106.0,3890.0,3771.0,3656.0,3545.0,3437.0,3331.0,3226.0
120600,SATIPO,230946.0,235317.0,239105.0,242015.0,244445.0,246539.0,248446.0,250318.0,252138.0
120601,SATIPO,41659.0,42214.0,42647.0,43048.0,43401.0,43720.0,44019.0,44313.0,44601.0
120602,COVIRIALI,6359.0,6476.0,6573.0,6650.0,6711.0,6759.0,6799.0,6834.0,6862.0
120603,LLAYLLA,7117.0,7340.0,7548.0,7711.0,7849.0,7972.0,8085.0,8197.0,8306.0
120604,MAZAMARI,41128.0,42212.0,43191.0,43977.0,44652.0,45250.0,45804.0,46348.0,46881.0
120605,PAMPA HERMOSA,4003.0,3825.0,3654.0,3490.0,3335.0,3191.0,3057.0,2937.0,2827.0
120606,PANGOA,62274.0,63895.0,65356.0,66529.0,67539.0,68433.0,69263.0,70079.0,70876.0
120607,RIO NEGRO,32977.0,33745.0,34427.0,34984.0,35464.0,35890.0,36286.0,36675.0,37055.0
120608,RIO TAMBO,30406.0,30204.0,29909.0,29549.0,29138.0,28688.0,28215.0,27735.0,27247.0
120609,VIZCATÁN DEL ENE,5023.0,5406.0,5800.0,6077.0,6356.0,6636.0,6918.0,7200.0,7483.0
120700,TARMA,94725.0,93407.0,91849.0,90255.0,88605.0,86925.0,85236.0,83559.0,81895.0
120701,TARMA,50765.0,50739.0,50544.0,50198.0,49795.0,49358.0,48896.0,48431.0,47966.0
120702,ACOBAMBA,9959.0,9683.0,9387.0,9075.0,8762.0,8449.0,8140.0,7833.0,7527.0
120703,HUARICOLCA,1966.0,1891.0,1813.0,1730.0,1648.0,1568.0,1491.0,1416.0,1346.0
120704,HUASAHUASI,10530.0,10157.0,9768.0,9366.0,8969.0,8577.0,8189.0,7808.0,7429.0
120705,LA UNION,3689.0,3675.0,3650.0,3616.0,3579.0,3539.0,3498.0,3457.0,3416.0
120706,PALCA,5991.0,5953.0,5897.0,5834.0,5770.0,5705.0,5641.0,5578.0,5517.0
120707,PALCAMAYO,3513.0,3253.0,3006.0,2900.0,2794.0,2688.0,2584.0,2480.0,2376.0
120708,SAN PEDRO DE CAJAS,3628.0,3473.0,3314.0,3187.0,3061.0,2935.0,2810.0,2686.0,2562.0
120709,TAPO,4684.0,4583.0,4470.0,4349.0,4227.0,4106.0,3987.0,3870.0,3756.0
120800,YAULI,41382.0,40763.0,40041.0,39306.0,38549.0,37781.0,37013.0,36255.0,35505.0
120801,LA OROYA,14400.0,14067.0,13700.0,13326.0,12949.0,12570.0,12194.0,11824.0,11461.0
120802,CHACAPALPA,701.0,683.0,665.0,648.0,629.0,613.0,594.0,578.0,561.0
120803,HUAY-HUAY,2087.0,2134.0,2176.0,2212.0,2246.0,2277.0,2308.0,2339.0,2370.0
120804,MARCAPOMACOCHA,845.0,816.0,784.0,757.0,730.0,703.0,676.0,650.0,623.0
120805,MOROCOCHA,5276.0,5280.0,5270.0,5259.0,5244.0,5227.0,5208.0,5189.0,5171.0
120806,PACCHA,1681.0,1665.0,1644.0,1623.0,1604.0,1582.0,1562.0,1541.0,1521.0
120807,SANTA BARBARA DE CARHUACAYAN,1111.0,1057.0,1003.0,952.0,903.0,856.0,811.0,769.0,727.0
120808,SANTA ROSA DE SACCO,9006.0,8824.0,8618.0,8415.0,8207.0,7998.0,7788.0,7577.0,7364.0
120809,SUITUCANCHA,738.0,725.0,710.0,696.0,681.0,665.0,650.0,634.0,619.0
120810,YAULI,5537.0,5512.0,5471.0,5418.0,5356.0,5290.0,5222.0,5154.0,5088.0
120900,CHUPACA,56567.0,57161.0,57604.0,58012.0,58371.0,58694.0,58994.0,59283.0,59563.0
120901,CHUPACA,21539.0,21574.0,21538.0,21479.0,21432.0,21393.0,21361.0,21329.0,21298.0
120902,AHUAC,6741.0,6754.0,6745.0,6709.0,6677.0,6648.0,6619.0,6591.0,6563.0
120903,CHONGOS BAJO,4733.0,4761.0,4774.0,4805.0,4829.0,4845.0,4857.0,4867.0,4875.0
120904,HUACHAC,3146.0,3093.0,3030.0,2986.0,2938.0,2889.0,2837.0,2783.0,2728.0
120905,HUAMANCACA CHICO,9672.0,10259.0,10839.0,11380.0,11881.0,12354.0,12810.0,13263.0,13716.0
120906,SAN JUAN DE ISCOS,2327.0,2325.0,2314.0,2316.0,2314.0,2307.0,2297.0,2280.0,2259.0
120907,SAN JUAN DE JARPA,2756.0,2680.0,2598.0,2528.0,2455.0,2381.0,2307.0,2236.0,2164.0
120908,TRES DE DICIEMBRE,2896.0,3007.0,3114.0,3223.0,3325.0,3423.0,3518.0,3613.0,3708.0
120909,YANACANCHA,2757.0,2708.0,2652.0,2586.0,2520.0,2454.0,2388.0,2321.0,2252.0
130000,LA LIBERTAD,1938501.0,1979901.0,2016771.0,2048492.0,2077345.0,2104254.0,2130145.0,2155943.0,2181593.0
130100,TRUJILLO,1060030.0,1090514.0,1118724.0,1141386.0,1162870.0,1183543.0,1203783.0,1223977.0,1244099.0
130101,TRUJILLO,335811.0,340582.0,344374.0,347730.0,350915.0,353982.0,356985.0,359982.0,362958.0
130102,EL PORVENIR,211809.0,220624.0,229115.0,235832.0,242202.0,129189.0,131727.0,134258.0,136781.0
130103,FLORENCIA DE MORA,38506.0,38475.0,38334.0,38107.0,37879.0,62844.0,64079.0,65310.0,66537.0
130104,HUANCHACO,78375.0,82792.0,87192.0,90609.0,93851.0,96971.0,100027.0,103075.0,106117.0
130105,LA ESPERANZA,210654.0,217756.0,224427.0,229779.0,234854.0,239896.0,244607.0,249310.0,253998.0
130106,LAREDO,41158.0,42144.0,43024.0,43750.0,44440.0,54577.0,55649.0,56718.0,57784.0
130107,MOCHE,40336.0,41610.0,42798.0,43755.0,44663.0,45537.0,46392.0,47246.0,48097.0
130108,POROTO,3866.0,3900.0,3924.0,3947.0,3969.0,3990.0,4010.0,4032.0,4054.0
130109,SALAVERRY,20983.0,21866.0,22717.0,23390.0,24028.0,24643.0,25244.0,25844.0,26442.0
130110,SIMBAL,4437.0,4482.0,4515.0,4546.0,4575.0,4603.0,4631.0,4658.0,4685.0
130111,VICTOR LARCO HERRERA,74095.0,76283.0,78304.0,79941.0,81494.0,82988.0,84452.0,85912.0,87367.0
130112,ALTO TRUJILLO,,,,,,84323.0,85980.0,87632.0,89279.0
130200,ASCOPE,121850.0,122831.0,123480.0,124308.0,124944.0,125454.0,125898.0,126338.0,126770.0
130201,ASCOPE,6858.0,6865.0,6855.0,6866.0,6868.0,6863.0,6856.0,6848.0,6840.0
130202,CHICAMA,15849.0,15979.0,16065.0,16135.0,16180.0,16208.0,16227.0,16245.0,16262.0
130203,CHOCOPE,9828.0,9831.0,9807.0,9815.0,9808.0,9791.0,9768.0,9743.0,9717.0
130204,MAGDALENA DE CAO,2694.0,2685.0,2669.0,2664.0,2652.0,2638.0,2623.0,2609.0,2595.0
130205,PAIJAN,27827.0,28396.0,28894.0,29370.0,29804.0,30212.0,30586.0,30960.0,31332.0
130206,RAZURI,9204.0,9322.0,9415.0,9500.0,9572.0,9632.0,9688.0,9745.0,9801.0
130207,SANTIAGO DE CAO,19871.0,19950.0,19973.0,20061.0,20118.0,20154.0,20180.0,20204.0,20227.0
130208,CASA GRANDE,29719.0,29803.0,29802.0,29897.0,29942.0,29956.0,29970.0,29984.0,29996.0
130300,BOLIVAR,16025.0,16026.0,15982.0,15957.0,15913.0,15859.0,15797.0,15738.0,15676.0
130301,BOLIVAR,4969.0,5006.0,5031.0,5062.0,5083.0,5100.0,5116.0,5133.0,5145.0
130302,BAMBAMARCA,3205.0,3187.0,3159.0,3136.0,3109.0,3080.0,3048.0,3016.0,2986.0
130303,CONDORMARCA,2148.0,2148.0,2143.0,2140.0,2135.0,2128.0,2119.0,2110.0,2101.0
130304,LONGOTEA,2336.0,2347.0,2350.0,2353.0,2357.0,2362.0,2366.0,2372.0,2378.0
130305,UCHUMARCA,2460.0,2432.0,2396.0,2364.0,2330.0,2294.0,2257.0,2220.0,2184.0
130306,UCUNCHA,907.0,906.0,903.0,902.0,899.0,895.0,891.0,887.0,882.0
130400,CHEPEN,84346.0,85490.0,86411.0,87365.0,88152.0,88827.0,89443.0,90055.0,90659.0
130401,CHEPEN,48238.0,48644.0,48917.0,49231.0,49489.0,49711.0,49914.0,50115.0,50314.0
130402,PACANGA,23447.0,24114.0,24727.0,25318.0,25806.0,26225.0,26606.0,26986.0,27360.0
130403,PUEBLO NUEVO,12661.0,12732.0,12767.0,12816.0,12857.0,12891.0,12923.0,12954.0,12985.0
130500,JULCAN,31179.0,31125.0,30987.0,30951.0,30888.0,30809.0,30723.0,30636.0,30549.0
130501,JULCAN,12758.0,12776.0,12762.0,12788.0,12804.0,12808.0,12817.0,12821.0,12825.0
130502,CALAMARCA,5251.0,5167.0,5070.0,4990.0,4906.0,4819.0,4720.0,4625.0,4530.0
130503,CARABAMBA,6923.0,6930.0,6916.0,6926.0,6929.0,6931.0,6933.0,6935.0,6937.0
130504,HUASO,6247.0,6252.0,6239.0,6247.0,6249.0,6251.0,6253.0,6255.0,6257.0
130600,OTUZCO,85365.0,85345.0,85091.0,85076.0,84971.0,84807.0,84613.0,84419.0,84223.0
130601,OTUZCO,26502.0,26702.0,26830.0,27030.0,27201.0,27351.0,27491.0,27630.0,27767.0
130602,AGALLPAMPA,10276.0,10354.0,10403.0,10482.0,10550.0,10610.0,10666.0,10721.0,10776.0
130604,CHARAT,2643.0,2612.0,2574.0,2545.0,2512.0,2479.0,2444.0,2409.0,2375.0
130605,HUARANCHAL,4248.0,4190.0,4122.0,4065.0,4005.0,3943.0,3880.0,3820.0,3759.0
130606,LA CUESTA,667.0,666.0,662.0,661.0,658.0,655.0,653.0,651.0,646.0
130608,MACHE,2910.0,2894.0,2869.0,2853.0,2835.0,2814.0,2791.0,2770.0,2748.0
130610,PARANDAY,558.0,551.0,542.0,536.0,530.0,523.0,517.0,509.0,503.0
130611,SALPO,6506.0,6534.0,6543.0,6571.0,6591.0,6606.0,6618.0,6631.0,6643.0
130613,SINSICAP,7631.0,7597.0,7543.0,7509.0,7467.0,7422.0,7372.0,7322.0,7273.0
130614,USQUIL,23424.0,23245.0,23003.0,22824.0,22622.0,22404.0,22181.0,21956.0,21733.0
130700,PACASMAYO,109376.0,111310.0,112970.0,114581.0,115939.0,117129.0,118230.0,119322.0,120403.0
130701,SAN PEDRO DE LLOC,18747.0,19081.0,19368.0,19647.0,19882.0,20089.0,20280.0,20469.0,20658.0
130702,GUADALUPE,42788.0,43508.0,44119.0,44710.0,45202.0,45626.0,46016.0,46402.0,46782.0
130703,JEQUETEPEQUE,4384.0,4498.0,4604.0,4708.0,4803.0,4892.0,4978.0,5064.0,5150.0
130704,PACASMAYO,31002.0,31619.0,32161.0,32691.0,33150.0,33563.0,33952.0,34340.0,34726.0
130705,SAN JOSE,12455.0,12604.0,12718.0,12825.0,12902.0,12959.0,13004.0,13047.0,13087.0
130800,PATAZ,83672.0,84496.0,85092.0,85782.0,86331.0,86784.0,87189.0,87589.0,87984.0
130801,TAYABAMBA,13839.0,13871.0,13862.0,13855.0,13848.0,13841.0,13833.0,13825.0,13818.0
130802,BULDIBUYO,4160.0,4201.0,4229.0,4264.0,4292.0,4315.0,4336.0,4356.0,4377.0
130803,CHILLIA,12872.0,12978.0,13046.0,13135.0,13206.0,13264.0,13318.0,13370.0,13421.0
130804,HUANCASPATA,6170.0,6166.0,6142.0,6130.0,6122.0,6114.0,6108.0,6101.0,6095.0
130805,HUAYLILLAS,1212.0,1164.0,1116.0,1070.0,1034.0,1004.0,975.0,950.0,922.0
130806,HUAYO,3817.0,3795.0,3762.0,3736.0,3716.0,3699.0,3685.0,3670.0,3656.0
130807,ONGON,1407.0,1385.0,1360.0,1337.0,1320.0,1305.0,1292.0,1279.0,1266.0
130808,PARCOY,20312.0,20753.0,21147.0,21560.0,21889.0,22160.0,22405.0,22645.0,22884.0
130809,PATAZ,10158.0,10482.0,10782.0,11088.0,11333.0,11536.0,11716.0,11895.0,12072.0
130810,PIAS,1835.0,1872.0,1902.0,1936.0,1961.0,1984.0,2003.0,2023.0,2041.0
130811,SANTIAGO DE CHALLAS,2362.0,2330.0,2290.0,2256.0,2228.0,2206.0,2186.0,2166.0,2146.0
130812,TAURIJA,3025.0,3033.0,3032.0,3031.0,3030.0,3029.0,3027.0,3026.0,3025.0
130813,URPAY,2503.0,2466.0,2422.0,2384.0,2352.0,2327.0,2305.0,2283.0,2261.0
130900,SANCHEZ CARRION,162427.0,165747.0,168670.0,171430.0,173784.0,175861.0,177794.0,179714.0,181614.0
130901,HUAMACHUCO,74786.0,77443.0,79944.0,82085.0,84084.0,85980.0,87823.0,89656.0,91478.0
130902,CHUGAY,18956.0,19177.0,19344.0,19553.0,19702.0,19809.0,19896.0,19982.0,20064.0
130903,COCHORCO,9815.0,9948.0,10054.0,10179.0,10271.0,10339.0,10395.0,10452.0,10506.0
130904,CURGOS,8678.0,8748.0,8795.0,8865.0,8909.0,8939.0,8960.0,8981.0,9002.0
130905,MARCABAL,11845.0,11627.0,11381.0,11164.0,10927.0,10677.0,10421.0,10166.0,9912.0
130906,SANAGORAN,14533.0,14728.0,14881.0,15064.0,15197.0,15296.0,15379.0,15459.0,15538.0
130907,SARIN,9762.0,9847.0,9904.0,9986.0,10040.0,10077.0,10104.0,10130.0,10156.0
130908,SARTIMBAMBA,14052.0,14229.0,14367.0,14534.0,14654.0,14744.0,14816.0,14888.0,14958.0
131000,SANTIAGO DE CHUCO,56043.0,56032.0,55868.0,55826.0,55725.0,55584.0,55425.0,55266.0,55104.0
131001,SANTIAGO DE CHUCO,20223.0,20325.0,20368.0,20456.0,20520.0,20570.0,20610.0,20652.0,20689.0
131002,ANGASMARCA,5127.0,5067.0,4995.0,4934.0,4870.0,4803.0,4736.0,4669.0,4605.0
131003,CACHICADAN,5899.0,5851.0,5789.0,5739.0,5685.0,5625.0,5566.0,5507.0,5447.0
131004,MOLLEBAMBA,1857.0,1854.0,1846.0,1842.0,1835.0,1829.0,1821.0,1813.0,1805.0
131005,MOLLEPATA,2480.0,2464.0,2441.0,2424.0,2405.0,2384.0,2363.0,2341.0,2320.0
131006,QUIRUVILCA,13713.0,13727.0,13703.0,13708.0,13698.0,13678.0,13653.0,13627.0,13601.0
131007,SANTA CRUZ DE CHUCA,3067.0,3062.0,3049.0,3043.0,3033.0,3021.0,3007.0,2994.0,2980.0
131008,SITABAMBA,3677.0,3682.0,3677.0,3680.0,3679.0,3674.0,3669.0,3663.0,3657.0
131100,GRAN CHIMU,28507.0,28438.0,28290.0,28240.0,28168.0,28081.0,27989.0,27895.0,27802.0
131101,CASCAS,14279.0,14331.0,14344.0,14358.0,14381.0,14407.0,14434.0,14462.0,14490.0
131102,LUCMA,4984.0,4932.0,4866.0,4839.0,4800.0,4752.0,4702.0,4651.0,4601.0
131103,MARMOT,2537.0,2555.0,2566.0,2573.0,2582.0,2594.0,2607.0,2619.0,2631.0
131104,SAYAPULLO,6707.0,6620.0,6514.0,6470.0,6405.0,6328.0,6246.0,6163.0,6080.0
131200,VIRU,99681.0,102547.0,105206.0,107590.0,109660.0,111516.0,113261.0,114994.0,116710.0
131201,VIRU,56433.0,57500.0,58418.0,59275.0,60018.0,60685.0,61312.0,61934.0,62551.0
131202,CHAO,35857.0,37511.0,39125.0,40535.0,41760.0,42857.0,43889.0,44915.0,45930.0
131203,GUADALUPITO,7391.0,7536.0,7663.0,7780.0,7882.0,7974.0,8060.0,8145.0,8229.0
140000,LAMBAYEQUE,1270295.0,1292105.0,1310785.0,1325912.0,1338994.0,1350663.0,1361554.0,1372301.0,1382858.0
140100,CHICLAYO,840740.0,852801.0,862709.0,870437.0,876841.0,882306.0,887216.0,891950.0,896467.0
140101,CHICLAYO,282680.0,285907.0,288360.0,291138.0,293332.0,295113.0,296645.0,298094.0,299442.0
140102,CHONGOYAPE,19201.0,19441.0,19629.0,19821.0,19966.0,20077.0,20168.0,20252.0,20327.0
140103,ETEN,12643.0,12896.0,13118.0,13345.0,13542.0,13719.0,13887.0,14054.0,14218.0
140104,ETEN PUERTO,2396.0,2422.0,2439.0,2459.0,2471.0,2478.0,2484.0,2489.0,2493.0
140105,JOSE LEONARDO ORTIZ,164130.0,164974.0,165355.0,166266.0,167037.0,167710.0,168322.0,168913.0,169479.0
140106,LA VICTORIA,95035.0,97223.0,99183.0,100033.0,100801.0,101510.0,102183.0,102844.0,103490.0
140107,LAGUNAS,10536.0,10696.0,10829.0,10964.0,11074.0,11165.0,11246.0,11323.0,11396.0
140108,MONSEFU,34301.0,34856.0,35323.0,35797.0,36188.0,36520.0,36817.0,37104.0,37379.0
140109,NUEVA ARICA,2509.0,2526.0,2538.0,2552.0,2561.0,2567.0,2571.0,2576.0,2581.0
140110,OYOTUN,8558.0,8470.0,8359.0,8311.0,8268.0,8228.0,8191.0,8154.0,8117.0
140111,PICSI,13517.0,14127.0,14726.0,14893.0,15048.0,15194.0,15335.0,15474.0,15611.0
140112,PIMENTEL,48444.0,50505.0,52505.0,52997.0,53446.0,53863.0,54262.0,54654.0,55038.0
140113,REQUE,16780.0,17304.0,17794.0,18063.0,18318.0,18563.0,18802.0,19038.0,19272.0
140114,SANTA ROSA,13296.0,13592.0,13856.0,14126.0,14366.0,14585.0,14795.0,15006.0,15217.0
140115,SAÑA,12368.0,12450.0,12497.0,12581.0,12654.0,12720.0,12781.0,12841.0,12899.0
140116,CAYALTI,15484.0,15446.0,15365.0,15279.0,15153.0,15001.0,14832.0,14659.0,14481.0
140117,PATAPO,24212.0,24648.0,25022.0,25401.0,25723.0,26003.0,26259.0,26510.0,26753.0
140118,POMALCA,26243.0,26664.0,27016.0,27375.0,27672.0,27924.0,28148.0,28364.0,28570.0
140119,PUCALA,9023.0,9035.0,9022.0,9046.0,9062.0,9073.0,9081.0,9087.0,9092.0
140120,TUMAN,29384.0,29619.0,29773.0,29990.0,30159.0,30293.0,30407.0,30514.0,30612.0
140200,FERREÑAFE,104839.0,106175.0,107241.0,107944.0,108438.0,108778.0,109021.0,109219.0,109361.0
140201,FERREÑAFE,36691.0,37249.0,37715.0,38144.0,38489.0,38769.0,39013.0,39234.0,39435.0
140202,CAÑARIS,12316.0,12300.0,12251.0,12187.0,12096.0,11985.0,11861.0,11735.0,11602.0
140203,INCAHUASI,14897.0,15025.0,15112.0,15203.0,15266.0,15308.0,15335.0,15355.0,15365.0
140204,MANUEL ANTONIO MESONES MURO,4142.0,4167.0,4179.0,4198.0,4210.0,4220.0,4224.0,4229.0,4234.0
140205,PITIPO,21560.0,21797.0,21977.0,22136.0,22242.0,22311.0,22357.0,22394.0,22417.0
140206,PUEBLO NUEVO,15233.0,15637.0,16007.0,16076.0,16135.0,16185.0,16231.0,16272.0,16308.0
140300,LAMBAYEQUE,324716.0,333129.0,340835.0,347531.0,353715.0,359579.0,365317.0,371132.0,377030.0
140301,LAMBAYEQUE,76651.0,78343.0,79845.0,81867.0,83717.0,85467.0,87181.0,88933.0,90725.0
140302,CHOCHOPE,1505.0,1539.0,1571.0,1613.0,1650.0,1686.0,1720.0,1757.0,1792.0
140303,ILLIMO,9374.0,9436.0,9472.0,9560.0,9623.0,9666.0,9698.0,9728.0,9757.0
140304,JAYANCA,19068.0,19575.0,20042.0,20310.0,20559.0,20795.0,21026.0,21260.0,21497.0
140305,MOCHUMI,19388.0,19596.0,19750.0,20146.0,20524.0,20892.0,21256.0,21625.0,21999.0
140306,MORROPE,52797.0,54514.0,56131.0,57002.0,57818.0,58601.0,59372.0,60153.0,60944.0
140307,MOTUPE,32001.0,33008.0,33952.0,34752.0,35523.0,36277.0,37028.0,37788.0,38558.0
140308,OLMOS,51892.0,53834.0,55691.0,56552.0,57359.0,58133.0,58895.0,59666.0,60447.0
140309,PACORA,8434.0,8641.0,8829.0,9070.0,9292.0,9500.0,9706.0,9915.0,10130.0
140310,SALAS,13428.0,13522.0,13577.0,13708.0,13801.0,13866.0,13916.0,13963.0,14006.0
140311,SAN JOSE,16631.0,17206.0,17754.0,18284.0,18801.0,19310.0,19819.0,20334.0,20856.0
140312,TUCUME,23547.0,23915.0,24221.0,24667.0,25048.0,25386.0,25700.0,26010.0,26319.0
150000,LIMA,10180641.0,10416139.0,10628470.0,10814450.0,10986006.0,11147924.0,11304993.0,11461995.0,11618679.0
150100,LIMA METROPOLITANA,9256429.0,9476975.0,9674755.0,9846795.0,10004141.0,10151207.0,10292408.0,10432133.0,10570094.0
150101,LIMA,271324.0,269769.0,267379.0,267199.0,266887.0,266467.0,265991.0,265503.0,265003.0
150102,ANCON,70294.0,76357.0,82677.0,87091.0,91478.0,95841.0,100194.0,104552.0,108912.0
150103,ATE,633470.0,652900.0,670818.0,687615.0,702815.0,716859.0,730256.0,743517.0,756613.0
150104,BARRANCO,35467.0,35745.0,35915.0,36200.0,36467.0,36721.0,36968.0,37214.0,37459.0
150105,BREÑA,90920.0,92153.0,93111.0,94209.0,95187.0,96076.0,96916.0,97746.0,98563.0
150106,CARABAYLLO,361168.0,380890.0,400414.0,412234.0,423894.0,435419.0,446878.0,458341.0,469806.0
150107,CHACLACAYO,43503.0,43897.0,44157.0,44634.0,45091.0,45532.0,45963.0,46394.0,46824.0
150108,CHORRILLOS,342762.0,349855.0,355978.0,361907.0,367099.0,371746.0,376076.0,380313.0,384444.0
150109,CIENEGUILLA,36509.0,37815.0,39055.0,39633.0,40193.0,40739.0,41278.0,41816.0,42353.0
150110,COMAS,557093.0,566314.0,573884.0,581036.0,586914.0,591841.0,596186.0,600307.0,604186.0
150111,EL AGUSTINO,213968.0,218277.0,221974.0,225749.0,229426.0,233022.0,236577.0,240130.0,243679.0
150112,INDEPENDENCIA,219569.0,221551.0,222850.0,225536.0,228121.0,230622.0,233081.0,235535.0,237983.0
150113,JESUS MARIA,78791.0,80377.0,81743.0,82842.0,83904.0,84936.0,85952.0,86967.0,87980.0
150114,LA MOLINA,154950.0,157820.0,160244.0,162761.0,165020.0,167091.0,169055.0,170998.0,172914.0
150115,LA VICTORIA,188588.0,188900.0,188619.0,189152.0,189594.0,189961.0,190290.0,190612.0,190925.0
150116,LINCE,58668.0,59213.0,59578.0,60647.0,61689.0,62711.0,63721.0,64730.0,65739.0
150117,LOS OLIVOS,345159.0,349100.0,351983.0,355528.0,358910.0,362159.0,365339.0,368511.0,371673.0
150118,LURIGANCHO,260050.0,271822.0,283231.0,293377.0,302599.0,311154.0,319335.0,327438.0,335442.0
150119,LURIN,99924.0,104770.0,109506.0,111789.0,114024.0,116221.0,118398.0,120575.0,122750.0
150120,MAGDALENA DEL MAR,62406.0,63856.0,65139.0,66464.0,67761.0,69034.0,70296.0,71558.0,72819.0
150121,PUEBLO LIBRE,90244.0,92250.0,94010.0,95809.0,97568.0,99292.0,101000.0,102707.0,104412.0
150122,MIRAFLORES,104334.0,106735.0,108855.0,111202.0,113503.0,115766.0,118009.0,120252.0,122493.0
150123,PACHACAMAC,126129.0,134104.0,142133.0,147228.0,152268.0,157263.0,162235.0,167211.0,172188.0
150124,PUCUSANA,15421.0,16032.0,16615.0,17142.0,17620.0,18063.0,18487.0,18906.0,19321.0
150125,PUENTE PIEDRA,362799.0,379550.0,395819.0,404081.0,412174.0,420126.0,428008.0,435888.0,443763.0
150126,PUNTA HERMOSA,17876.0,19966.0,22230.0,22855.0,23470.0,24079.0,24683.0,25288.0,25892.0
150127,PUNTA NEGRA,7652.0,7955.0,8243.0,8531.0,8808.0,9079.0,9349.0,9625.0,9907.0
150128,RIMAC,178962.0,179892.0,180260.0,181613.0,182882.0,184082.0,185245.0,186404.0,187556.0
150129,SAN BARTOLO,8147.0,8442.0,8722.0,9003.0,9273.0,9537.0,9801.0,10071.0,10348.0
150130,SAN BORJA,122913.0,125183.0,127102.0,129095.0,130882.0,132521.0,134075.0,135613.0,137130.0
150131,SAN ISIDRO,65861.0,66878.0,67703.0,68604.0,69409.0,70144.0,70840.0,71527.0,72204.0
150132,SAN JUAN DE LURIGANCHO,1123889.0,1152258.0,1177629.0,1203125.0,1225092.0,1245145.0,1264060.0,1282635.0,1300785.0
150133,SAN JUAN DE MIRAFLORES,402989.0,408538.0,412865.0,417800.0,422197.0,426196.0,429975.0,433709.0,437390.0
150134,SAN LUIS,55410.0,55688.0,55793.0,56068.0,56302.0,56505.0,56691.0,56875.0,57055.0
150135,SAN MARTIN DE PORRES,712545.0,729268.0,744050.0,758216.0,770725.0,781994.0,792514.0,802774.0,812733.0
150136,SAN MIGUEL,164836.0,169282.0,173309.0,177164.0,180647.0,183858.0,186918.0,189947.0,192938.0
150137,SANTA ANITA,214625.0,218514.0,221776.0,224893.0,227530.0,229810.0,231875.0,233865.0,235773.0
150138,SANTA MARIA DEL MAR,1067.0,1106.0,1142.0,1180.0,1216.0,1248.0,1284.0,1314.0,1349.0
150139,SANTA ROSA,31021.0,34361.0,37940.0,40030.0,42107.0,44174.0,46236.0,48300.0,50366.0
150140,SANTIAGO DE SURCO,385178.0,397082.0,408086.0,414142.0,420016.0,425740.0,431387.0,437028.0,442660.0
150141,SURQUILLO,98159.0,99397.0,100339.0,101448.0,102434.0,103327.0,104171.0,105004.0,105824.0
150142,VILLA EL SALVADOR,415391.0,420278.0,423887.0,428276.0,432170.0,435693.0,439013.0,442292.0,445521.0
150143,VILLA MARIA DEL TRIUNFO,426398.0,432835.0,437992.0,443687.0,448775.0,453413.0,457802.0,462141.0,466419.0
150200,BARRANCA,146745.0,148962.0,151095.0,153054.0,155025.0,157077.0,159279.0,161702.0,164346.0
150201,BARRANCA,69686.0,70971.0,72221.0,73423.0,74630.0,75873.0,77186.0,78605.0,80131.0
150202,PARAMONGA,22056.0,22007.0,21938.0,21783.0,21633.0,21499.0,21389.0,21310.0,21261.0
150203,PATIVILCA,17638.0,17797.0,17941.0,18055.0,18171.0,18298.0,18443.0,18614.0,18811.0
150204,SUPE,24382.0,24930.0,25470.0,26090.0,26709.0,27339.0,27993.0,28685.0,29416.0
150205,SUPE PUERTO,12983.0,13257.0,13525.0,13703.0,13882.0,14068.0,14268.0,14488.0,14727.0
150300,CAJATAMBO,6552.0,6444.0,6332.0,6239.0,6152.0,6071.0,5987.0,5907.0,5823.0
150301,CAJATAMBO,2050.0,2004.0,1956.0,1927.0,1899.0,1871.0,1844.0,1816.0,1789.0
150302,COPA,860.0,854.0,847.0,837.0,827.0,820.0,810.0,801.0,791.0
150303,GORGOR,1687.0,1650.0,1612.0,1585.0,1559.0,1534.0,1508.0,1484.0,1458.0
150304,HUANCAPON,975.0,960.0,945.0,927.0,911.0,897.0,884.0,872.0,859.0
150305,MANAS,980.0,976.0,972.0,963.0,956.0,949.0,941.0,934.0,926.0
150400,CANTA,11762.0,11682.0,11593.0,11520.0,11449.0,11381.0,11314.0,11244.0,11174.0
150401,CANTA,2333.0,2291.0,2247.0,2234.0,2222.0,2210.0,2198.0,2186.0,2174.0
150402,ARAHUAY,601.0,596.0,591.0,583.0,574.0,566.0,558.0,549.0,541.0
150403,HUAMANTANGA,688.0,661.0,637.0,629.0,621.0,612.0,604.0,596.0,587.0
150404,HUAROS,778.0,770.0,761.0,755.0,749.0,743.0,737.0,731.0,725.0
150405,LACHAQUI,890.0,886.0,880.0,871.0,862.0,853.0,844.0,835.0,826.0
150406,SAN BUENAVENTURA,576.0,585.0,595.0,600.0,604.0,609.0,614.0,619.0,624.0
150407,SANTA ROSA DE QUIVES,5896.0,5893.0,5882.0,5848.0,5817.0,5788.0,5759.0,5728.0,5697.0
150500,CAÑETE,239410.0,244950.0,250420.0,255669.0,261008.0,266558.0,272443.0,278792.0,285623.0
150501,SAN VICENTE DE CAÑETE,56582.0,57964.0,59323.0,60905.0,62496.0,64125.0,65823.0,67627.0,69540.0
150502,ASIA,9822.0,10249.0,10686.0,10916.0,11148.0,11387.0,11638.0,11909.0,12198.0
150503,CALANGO,2359.0,2385.0,2409.0,2420.0,2431.0,2442.0,2457.0,2473.0,2493.0
150504,CERRO AZUL,8264.0,8453.0,8637.0,9031.0,9424.0,9822.0,10230.0,10654.0,11095.0
150505,CHILCA,21659.0,22605.0,23568.0,24436.0,25335.0,26276.0,27272.0,28336.0,29473.0
150506,COAYLLO,1028.0,1034.0,1039.0,1060.0,1082.0,1104.0,1128.0,1151.0,1179.0
150507,IMPERIAL,37887.0,38239.0,38559.0,38921.0,39293.0,39694.0,40142.0,40656.0,41235.0
150508,LUNAHUANA,4121.0,4103.0,4082.0,4044.0,4008.0,3975.0,3946.0,3921.0,3901.0
150509,MALA,32417.0,33062.0,33688.0,34259.0,34836.0,35438.0,36079.0,36780.0,37539.0
150510,NUEVO IMPERIAL,26279.0,27242.0,28216.0,29063.0,29934.0,30845.0,31807.0,32838.0,33939.0
150511,PACARAN,1669.0,1677.0,1684.0,1698.0,1713.0,1728.0,1746.0,1767.0,1790.0
150512,QUILMANA,15654.0,15944.0,16225.0,16418.0,16614.0,16821.0,17041.0,17285.0,17554.0
150513,SAN ANTONIO,4408.0,4513.0,4616.0,4696.0,4777.0,4861.0,4952.0,5049.0,5154.0
150514,SAN LUIS,12852.0,13012.0,13163.0,13242.0,13322.0,13406.0,13503.0,13616.0,13743.0
150515,SANTA CRUZ DE FLORES,3049.0,3118.0,3186.0,3237.0,3290.0,3344.0,3403.0,3465.0,3534.0
150516,ZUÑIGA,1360.0,1350.0,1339.0,1323.0,1305.0,1290.0,1276.0,1265.0,1256.0
150600,HUARAL,187446.0,190954.0,194375.0,197592.0,200847.0,204230.0,207832.0,211749.0,215988.0
150601,HUARAL,101299.0,103183.0,105011.0,106821.0,108647.0,110530.0,112517.0,114661.0,116965.0
150602,ATAVILLOS ALTO,692.0,675.0,657.0,649.0,641.0,634.0,627.0,622.0,617.0
150603,ATAVILLOS BAJO,895.0,865.0,835.0,818.0,802.0,785.0,770.0,756.0,742.0
150604,AUCALLAMA,20073.0,20599.0,21121.0,21647.0,22181.0,22736.0,23320.0,23943.0,24609.0
150605,CHANCAY,58385.0,59594.0,60774.0,61716.0,62668.0,63660.0,64722.0,65886.0,67153.0
150606,IHUARI,2089.0,2052.0,2015.0,1978.0,1941.0,1909.0,1880.0,1858.0,1841.0
150607,LAMPIAN,336.0,324.0,313.0,304.0,295.0,288.0,283.0,277.0,275.0
150608,PACARAOS,1091.0,1137.0,1184.0,1232.0,1283.0,1335.0,1391.0,1451.0,1515.0
150609,SAN MIGUEL DE ACOS,647.0,642.0,636.0,631.0,624.0,619.0,613.0,610.0,607.0
150610,SANTA CRUZ DE ANDAMARCA,807.0,788.0,769.0,752.0,736.0,720.0,708.0,696.0,686.0
150611,SUMBILCA,726.0,698.0,671.0,664.0,658.0,651.0,646.0,641.0,637.0
150612,VEINTISIETE DE NOVIEMBRE,406.0,397.0,389.0,380.0,371.0,363.0,355.0,348.0,341.0
150700,HUAROCHIRI,63318.0,62871.0,62381.0,61974.0,61586.0,61210.0,60836.0,60455.0,60067.0
150701,MATUCANA,4095.0,4057.0,4014.0,3981.0,3949.0,3918.0,3887.0,3856.0,3824.0
150702,ANTIOQUIA,1256.0,1246.0,1232.0,1209.0,1187.0,1165.0,1144.0,1123.0,1101.0
150703,CALLAHUANCA,777.0,718.0,666.0,649.0,632.0,615.0,599.0,583.0,567.0
150704,CARAMPOMA,334.0,322.0,312.0,308.0,303.0,299.0,295.0,291.0,286.0
150705,CHICLA,3667.0,3439.0,3222.0,3095.0,2971.0,2849.0,2728.0,2609.0,2490.0
150706,CUENCA,453.0,460.0,466.0,468.0,470.0,472.0,474.0,476.0,478.0
150707,HUACHUPAMPA,582.0,543.0,509.0,501.0,493.0,486.0,478.0,470.0,463.0
150708,HUANZA,836.0,784.0,736.0,723.0,711.0,698.0,686.0,674.0,662.0
150709,HUAROCHIRI,1307.0,1282.0,1256.0,1224.0,1194.0,1164.0,1136.0,1107.0,1078.0
150710,LAHUAYTAMBO,628.0,610.0,593.0,573.0,556.0,540.0,526.0,513.0,501.0
150711,LANGA,879.0,863.0,847.0,826.0,806.0,787.0,770.0,752.0,736.0
150712,SAN PEDRO DE LARAOS,639.0,605.0,573.0,558.0,542.0,528.0,513.0,498.0,484.0
150713,MARIATANA,1416.0,1415.0,1411.0,1399.0,1387.0,1375.0,1364.0,1352.0,1341.0
150714,RICARDO PALMA,6504.0,6573.0,6631.0,6664.0,6699.0,6733.0,6763.0,6792.0,6811.0
150715,SAN ANDRES DE TUPICOCHA,1339.0,1331.0,1321.0,1291.0,1261.0,1232.0,1203.0,1174.0,1146.0
150716,SAN ANTONIO,5736.0,5845.0,5948.0,5992.0,6032.0,6070.0,6106.0,6141.0,6175.0
150717,SAN BARTOLOME,1171.0,1125.0,1080.0,1060.0,1041.0,1023.0,1004.0,986.0,968.0
150718,SAN DAMIAN,1185.0,1159.0,1132.0,1110.0,1089.0,1068.0,1047.0,1026.0,1006.0
150719,SAN JUAN DE IRIS,683.0,659.0,635.0,629.0,623.0,617.0,612.0,606.0,600.0
150720,SAN JUAN DE TANTARANCHE,366.0,357.0,346.0,339.0,333.0,326.0,320.0,314.0,307.0
150721,SAN LORENZO DE QUINTI,1202.0,1165.0,1128.0,1111.0,1095.0,1079.0,1063.0,1047.0,1030.0
150722,SAN MATEO,4115.0,4018.0,3918.0,3870.0,3823.0,3778.0,3732.0,3687.0,3641.0
150723,SAN MATEO DE OTAO,1413.0,1379.0,1343.0,1313.0,1285.0,1256.0,1228.0,1200.0,1173.0
150724,SAN PEDRO DE CASTA,937.0,916.0,893.0,872.0,851.0,831.0,811.0,792.0,772.0
150725,SAN PEDRO DE HUANCAYRE,209.0,204.0,200.0,194.0,189.0,187.0,180.0,176.0,170.0
150726,SANGALLAYA,643.0,640.0,636.0,628.0,620.0,613.0,606.0,598.0,592.0
150727,SANTA CRUZ DE COCACHACRA,2589.0,2617.0,2642.0,2644.0,2645.0,2647.0,2649.0,2651.0,2653.0
150728,SANTA EULALIA,12916.0,13124.0,13305.0,13397.0,13490.0,13581.0,13672.0,13755.0,13839.0
150729,SANTIAGO DE ANCHUCAYA,313.0,299.0,287.0,278.0,269.0,260.0,251.0,243.0,234.0
150730,SANTIAGO DE TUNA,415.0,399.0,384.0,368.0,353.0,340.0,329.0,317.0,308.0
150731,SANTO DOMINGO DE LOS OLLEROS,3272.0,3306.0,3336.0,3350.0,3365.0,3379.0,3393.0,3406.0,3418.0
150732,SURCO,1441.0,1411.0,1379.0,1350.0,1322.0,1294.0,1267.0,1240.0,1213.0
150800,HUAURA,230957.0,235880.0,240717.0,245323.0,249997.0,254853.0,260009.0,265586.0,271597.0
150801,HUACHO,65794.0,67213.0,68599.0,70366.0,72159.0,74014.0,75963.0,78039.0,80253.0
150802,AMBAR,2151.0,2107.0,2062.0,2027.0,1991.0,1958.0,1928.0,1902.0,1880.0
150803,CALETA DE CARQUIN,7977.0,8233.0,8491.0,8802.0,9126.0,9463.0,9821.0,10206.0,10616.0
150804,CHECRAS,924.0,888.0,852.0,842.0,832.0,822.0,813.0,805.0,798.0
150805,HUALMAY,27913.0,28163.0,28388.0,28759.0,29126.0,29505.0,29905.0,30341.0,30812.0
150806,HUAURA,35129.0,35707.0,36259.0,37005.0,37758.0,38532.0,39349.0,40220.0,41153.0
150807,LEONCIO PRADO,1930.0,1933.0,1932.0,1944.0,1957.0,1971.0,1987.0,2007.0,2029.0
150808,PACCHO,1566.0,1534.0,1502.0,1478.0,1454.0,1433.0,1415.0,1401.0,1391.0
150809,SANTA LEONOR,767.0,766.0,768.0,776.0,786.0,799.0,813.0,829.0,847.0
150810,SANTA MARIA,36920.0,38124.0,39330.0,39829.0,40340.0,40879.0,41469.0,42130.0,42861.0
150811,SAYAN,23793.0,24094.0,24378.0,24788.0,25199.0,25622.0,26067.0,26547.0,27062.0
150812,VEGUETA,26093.0,27118.0,28156.0,28707.0,29269.0,29855.0,30479.0,31159.0,31895.0
150900,OYON,17478.0,17313.0,17137.0,16990.0,16852.0,16718.0,16587.0,16452.0,16317.0
150901,OYON,11957.0,11933.0,11903.0,11882.0,11863.0,11844.0,11824.0,11799.0,11774.0
150902,ANDAJES,545.0,517.0,491.0,470.0,447.0,428.0,413.0,399.0,386.0
150903,CAUJUL,568.0,547.0,524.0,505.0,486.0,469.0,451.0,434.0,415.0
150904,COCHAMARCA,1080.0,1054.0,1027.0,1003.0,982.0,960.0,938.0,916.0,895.0
150905,NAVAN,852.0,840.0,825.0,812.0,801.0,790.0,778.0,767.0,755.0
150906,PACHANGARA,2476.0,2422.0,2367.0,2318.0,2273.0,2227.0,2183.0,2137.0,2092.0
151000,YAUYOS,20544.0,20108.0,19665.0,19294.0,18949.0,18619.0,18298.0,17975.0,17650.0
151001,YAUYOS,1432.0,1353.0,1276.0,1238.0,1200.0,1165.0,1127.0,1090.0,1054.0
151002,ALIS,1481.0,1479.0,1477.0,1475.0,1474.0,1472.0,1470.0,1468.0,1466.0
151003,ALLAUCA,1153.0,1111.0,1070.0,1034.0,999.0,966.0,934.0,903.0,872.0
151004,AYAVIRI,548.0,533.0,518.0,505.0,491.0,479.0,466.0,454.0,441.0
151005,AZANGARO,435.0,423.0,411.0,400.0,389.0,380.0,371.0,359.0,350.0
151006,CACRA,524.0,523.0,522.0,522.0,522.0,520.0,518.0,516.0,514.0
151007,CARANIA,167.0,160.0,153.0,148.0,142.0,138.0,133.0,128.0,124.0
151008,CATAHUASI,1073.0,1074.0,1072.0,1067.0,1063.0,1060.0,1057.0,1055.0,1052.0
151009,CHOCOS,809.0,790.0,770.0,753.0,736.0,718.0,702.0,686.0,669.0
151010,COCHAS,224.0,219.0,213.0,209.0,205.0,201.0,196.0,191.0,187.0
151011,COLONIA,1135.0,1112.0,1088.0,1067.0,1049.0,1031.0,1008.0,990.0,969.0
151012,HONGOS,334.0,327.0,319.0,312.0,307.0,299.0,293.0,288.0,280.0
151013,HUAMPARA,151.0,145.0,137.0,131.0,127.0,120.0,114.0,109.0,104.0
151014,HUANCAYA,574.0,547.0,521.0,497.0,474.0,452.0,431.0,411.0,392.0
151015,HUANGASCAR,649.0,650.0,648.0,644.0,642.0,639.0,637.0,635.0,632.0
151016,HUANTAN,932.0,938.0,943.0,943.0,945.0,947.0,955.0,959.0,963.0
151017,HUAÑEC,444.0,442.0,441.0,441.0,441.0,440.0,439.0,438.0,437.0
151018,LARAOS,570.0,546.0,522.0,501.0,481.0,462.0,444.0,426.0,410.0
151019,LINCHA,457.0,436.0,416.0,396.0,379.0,362.0,346.0,330.0,314.0
151020,MADEAN,572.0,553.0,536.0,520.0,504.0,489.0,476.0,460.0,445.0
151021,MIRAFLORES,238.0,225.0,212.0,202.0,191.0,182.0,171.0,162.0,153.0
151022,OMAS,621.0,620.0,617.0,616.0,615.0,614.0,612.0,611.0,609.0
151023,PUTINZA,505.0,512.0,517.0,521.0,526.0,531.0,541.0,546.0,547.0
151024,QUINCHES,620.0,591.0,562.0,536.0,510.0,488.0,464.0,443.0,423.0
151025,QUINOCAY,439.0,427.0,415.0,402.0,392.0,381.0,372.0,360.0,350.0
151026,SAN JOAQUIN,170.0,163.0,156.0,151.0,146.0,140.0,136.0,131.0,127.0
151027,SAN PEDRO DE PILAS,286.0,277.0,268.0,259.0,251.0,243.0,236.0,228.0,221.0
151028,TANTA,501.0,502.0,503.0,504.0,505.0,507.0,509.0,511.0,513.0
151029,TAURIPAMPA,501.0,496.0,490.0,486.0,481.0,477.0,473.0,468.0,462.0
151030,TOMAS,542.0,512.0,484.0,460.0,436.0,414.0,395.0,375.0,357.0
151031,TUPE,512.0,501.0,490.0,481.0,472.0,463.0,453.0,445.0,435.0
151032,VIÑAC,1643.0,1634.0,1624.0,1613.0,1606.0,1602.0,1593.0,1584.0,1573.0
151033,VITIS,302.0,287.0,274.0,260.0,248.0,237.0,226.0,215.0,205.0
160000,LORETO,1000350.0,1015212.0,1027559.0,1037055.0,1044884.0,1051560.0,1057592.0,1063495.0,1069225.0
160100,MAYNAS,537282.0,544615.0,550551.0,555472.0,559603.0,563184.0,566461.0,569676.0,572808.0
160101,IQUITOS,162450.0,163209.0,163502.0,163849.0,164196.0,164543.0,164894.0,165248.0,165605.0
160102,ALTO NANAY,3155.0,3219.0,3277.0,3328.0,3372.0,3411.0,3450.0,3486.0,3521.0
160103,FERNANDO LORES,14935.0,14627.0,14284.0,13931.0,13577.0,13222.0,12865.0,12507.0,12148.0
160104,INDIANA,11768.0,11760.0,11717.0,11670.0,11604.0,11524.0,11436.0,11343.0,11246.0
160105,LAS AMAZONAS,8790.0,8680.0,8546.0,8403.0,8249.0,8085.0,7917.0,7752.0,7588.0
160106,MAZAN,13898.0,14014.0,14091.0,14128.0,14164.0,14201.0,14238.0,14275.0,14313.0
160107,NAPO,17106.0,17379.0,17605.0,17813.0,17988.0,18141.0,18280.0,18416.0,18545.0
160108,PUNCHANA,86608.0,87876.0,88908.0,89838.0,90609.0,91263.0,91846.0,92404.0,92932.0
160110,TORRES CAUSANA,5015.0,5045.0,5061.0,5065.0,5068.0,5072.0,5074.0,5078.0,5081.0
160112,BELEN,70503.0,70855.0,71005.0,71084.0,71162.0,71241.0,71321.0,71401.0,71483.0
160113,SAN JUAN BAUTISTA,143054.0,147951.0,152555.0,156363.0,159614.0,162481.0,165140.0,167766.0,170346.0
160200,ALTO AMAZONAS,141129.0,145646.0,149892.0,152671.0,155236.0,157649.0,159973.0,162276.0,164552.0
160201,YURIMAGUAS,96151.0,100176.0,104052.0,106557.0,108870.0,111046.0,113141.0,115218.0,117270.0
160202,BALSAPUERTO,16426.0,16738.0,17006.0,17190.0,17360.0,17519.0,17673.0,17826.0,17976.0
160205,JEBEROS,4570.0,4620.0,4658.0,4686.0,4712.0,4736.0,4759.0,4782.0,4805.0
160206,LAGUNAS,13594.0,13658.0,13684.0,13713.0,13739.0,13764.0,13788.0,13811.0,13835.0
160210,SANTA CRUZ,4235.0,4260.0,4273.0,4285.0,4296.0,4307.0,4317.0,4327.0,4337.0
160211,TENIENTE CESAR LOPEZ ROJAS,6153.0,6194.0,6219.0,6240.0,6259.0,6277.0,6295.0,6312.0,6329.0
160300,LORETO,69997.0,71040.0,71904.0,72698.0,73271.0,73693.0,74029.0,74349.0,74645.0
160301,NAUTA,32622.0,33114.0,33520.0,33911.0,34208.0,34442.0,34639.0,34827.0,35004.0
160302,PARINARI,6416.0,6355.0,6276.0,6182.0,6081.0,5974.0,5865.0,5756.0,5647.0
160303,TIGRE,7509.0,7549.0,7568.0,7597.0,7622.0,7644.0,7665.0,7686.0,7706.0
160304,TROMPETEROS,10126.0,10466.0,10789.0,11071.0,11281.0,11442.0,11575.0,11703.0,11823.0
160305,URARINAS,13324.0,13556.0,13751.0,13937.0,14079.0,14191.0,14285.0,14377.0,14465.0
160400,MARISCAL RAMON CASTILLA,58295.0,58842.0,59232.0,59664.0,59953.0,60144.0,60280.0,60406.0,60518.0
160401,RAMON CASTILLA,22883.0,23378.0,23811.0,24266.0,24655.0,25001.0,25319.0,25631.0,25938.0
160402,PEBAS,12808.0,12771.0,12700.0,12637.0,12538.0,12413.0,12277.0,12138.0,11996.0
160403,YAVARI,10040.0,10054.0,10041.0,10033.0,9998.0,9942.0,9876.0,6606.0,6558.0
160404,SAN PABLO,12564.0,12639.0,12680.0,12728.0,12762.0,12788.0,12808.0,12829.0,12847.0
160405,SANTA ROSA DE LORETO,,,,,,,,3202.0,3179.0
160500,REQUENA,64419.0,64527.0,64459.0,64326.0,64100.0,63812.0,63490.0,63162.0,62828.0
160501,REQUENA,27624.0,27856.0,28008.0,28131.0,28209.0,28254.0,28280.0,28300.0,28313.0
160502,ALTO TAPICHE,1673.0,1654.0,1631.0,1605.0,1579.0,1551.0,1522.0,1493.0,1465.0
160503,CAPELO,2607.0,2514.0,2417.0,2322.0,2224.0,2131.0,2039.0,1950.0,1865.0
160504,EMILIO SAN MARTIN,6851.0,6865.0,6859.0,6844.0,6821.0,6788.0,6753.0,6714.0,6676.0
160505,MAQUIA,8523.0,8608.0,8669.0,8720.0,8758.0,8784.0,8807.0,8825.0,8844.0
160506,PUINAHUA,4709.0,4670.0,4617.0,4561.0,4498.0,4430.0,4362.0,4293.0,4224.0
160507,SAQUENA,3426.0,3344.0,3256.0,3167.0,3074.0,2982.0,2890.0,2800.0,2713.0
160508,SOPLIN,680.0,688.0,695.0,702.0,706.0,711.0,714.0,719.0,722.0
160509,TAPICHE,964.0,959.0,952.0,944.0,934.0,924.0,912.0,903.0,891.0
160510,JENARO HERRERA,5084.0,5095.0,5092.0,5082.0,5065.0,5044.0,5018.0,4992.0,4964.0
160511,YAQUERANA,2278.0,2274.0,2263.0,2248.0,2232.0,2213.0,2193.0,2173.0,2151.0
160600,UCAYALI,62145.0,62395.0,62477.0,62694.0,62821.0,62887.0,62920.0,62946.0,62964.0
160601,CONTAMANA,27376.0,27856.0,28258.0,28648.0,28991.0,29298.0,29587.0,29867.0,30142.0
160602,INAHUAYA,1793.0,1768.0,1739.0,1718.0,1698.0,1673.0,1649.0,1624.0,1597.0
160603,PADRE MARQUEZ,3766.0,3637.0,3503.0,3372.0,3239.0,3109.0,2981.0,2858.0,2739.0
160604,PAMPA HERMOSA,6353.0,6286.0,6200.0,6144.0,6078.0,6007.0,5933.0,5860.0,5786.0
160605,SARAYACU,15226.0,15251.0,15234.0,15288.0,15320.0,15340.0,15351.0,15360.0,15368.0
160606,VARGAS GUERRA,7631.0,7597.0,7543.0,7524.0,7495.0,7460.0,7419.0,7377.0,7332.0
160700,DATEM DEL MARAÑON,57886.0,58949.0,59870.0,60389.0,60822.0,61196.0,61536.0,61870.0,62195.0
160701,BARRANCA,15214.0,15600.0,15950.0,16155.0,16355.0,16551.0,16745.0,16939.0,17132.0
160702,CAHUAPANAS,7749.0,7857.0,7942.0,8002.0,8052.0,8093.0,8131.0,8168.0,8202.0
160703,MANSERICHE,9378.0,9428.0,9451.0,9482.0,9506.0,9526.0,9543.0,9561.0,9577.0
160704,MORONA,4811.0,4690.0,4557.0,4457.0,4355.0,4252.0,4147.0,4042.0,3938.0
160705,PASTAZA,6164.0,6176.0,6170.0,6151.0,6129.0,6106.0,6082.0,6058.0,6033.0
160706,ANDOAS,14570.0,15198.0,15800.0,16142.0,16425.0,16668.0,16888.0,17102.0,17313.0
160800,PUTUMAYO,9197.0,9198.0,9174.0,9141.0,9078.0,8995.0,8903.0,8810.0,8715.0
160801,PUTUMAYO,4297.0,4346.0,4384.0,4422.0,4452.0,4475.0,4495.0,4513.0,4527.0
160802,ROSA PANDURO,612.0,615.0,615.0,612.0,608.0,603.0,595.0,586.0,578.0
160803,TENIENTE MANUEL CLAVERO,2797.0,2710.0,2616.0,2518.0,2408.0,2291.0,2173.0,2057.0,1942.0
160804,YAGUAS,1491.0,1527.0,1559.0,1589.0,1610.0,1626.0,1640.0,1654.0,1668.0
170000,MADRE DE DIOS,161324.0,167674.0,173811.0,179688.0,185478.0,191259.0,197096.0,203069.0,209165.0
170100,TAMBOPATA,128119.0,134228.0,140214.0,145923.0,151561.0,157201.0,162903.0,168745.0,174711.0
170101,TAMBOPATA,92732.0,96463.0,100011.0,103413.0,106751.0,110067.0,113397.0,116785.0,120218.0
170102,INAMBARI,13742.0,14442.0,15132.0,15810.0,16494.0,17189.0,17903.0,18646.0,19416.0
170103,LAS PIEDRAS,15412.0,16939.0,18553.0,20064.0,21575.0,23105.0,24671.0,26294.0,27972.0
170104,LABERINTO,6233.0,6384.0,6518.0,6636.0,6741.0,6840.0,6932.0,7020.0,7105.0
170200,MANU,21016.0,21096.0,21118.0,21163.0,21200.0,21230.0,21255.0,21277.0,21296.0
170201,MANU,2425.0,2403.0,2373.0,2334.0,2302.0,2278.0,2258.0,2242.0,2228.0
170202,FITZCARRALD,1504.0,1528.0,1547.0,1557.0,1570.0,1584.0,1598.0,1613.0,1628.0
170203,MADRE DE DIOS,7012.0,6790.0,6553.0,6453.0,6363.0,6283.0,6210.0,6141.0,6076.0
170204,HUEPETUHE,10075.0,10375.0,10645.0,10819.0,10965.0,11085.0,11189.0,11281.0,11364.0
170300,TAHUAMANU,12189.0,12350.0,12479.0,12602.0,12717.0,12828.0,12938.0,13047.0,13158.0
170301,IÑAPARI,2833.0,3030.0,3227.0,3311.0,3393.0,3472.0,3553.0,3632.0,3714.0
170302,IBERIA,5995.0,5900.0,5784.0,5741.0,5696.0,5650.0,5602.0,5554.0,5504.0
170303,TAHUAMANU,3361.0,3420.0,3468.0,3550.0,3628.0,3706.0,3783.0,3861.0,3940.0
180000,MOQUEGUA,186371.0,189781.0,192740.0,195185.0,197337.0,199286.0,201129.0,202946.0,204742.0
180100,MARISCAL NIETO,91355.0,93569.0,95551.0,96788.0,97917.0,98975.0,99998.0,101018.0,102038.0
180101,MOQUEGUA,70388.0,72538.0,74486.0,47073.0,47754.0,48398.0,49022.0,49643.0,50264.0
180102,CARUMAS,2453.0,2322.0,2197.0,2177.0,2152.0,2125.0,2096.0,2065.0,2034.0
180103,CUCHUMBAYA,794.0,756.0,723.0,703.0,685.0,670.0,658.0,648.0,638.0
180104,SAMEGUA,9229.0,9528.0,9804.0,9960.0,10104.0,10240.0,10372.0,10503.0,10634.0
180105,SAN CRISTOBAL,1752.0,1668.0,1588.0,1533.0,1481.0,1432.0,1387.0,1349.0,1311.0
180106,TORATA,6739.0,6757.0,6753.0,6750.0,6736.0,6714.0,6688.0,6658.0,6628.0
180107,SAN ANTONIO,,,,28592.0,29005.0,29396.0,29775.0,30152.0,30529.0
180200,GENERAL SANCHEZ CERRO,15828.0,15175.0,14503.0,14036.0,13614.0,13220.0,12844.0,12472.0,12103.0
180201,OMATE,3272.0,3198.0,3117.0,3056.0,3002.0,2954.0,2908.0,2861.0,2816.0
180202,CHOJATA,716.0,644.0,576.0,548.0,520.0,493.0,466.0,438.0,411.0
180203,COALAQUE,1024.0,996.0,965.0,945.0,926.0,908.0,891.0,873.0,854.0
180204,ICHUÑA,3199.0,3111.0,3014.0,2950.0,2893.0,2840.0,2787.0,2732.0,2676.0
180205,LA CAPILLA,656.0,600.0,547.0,504.0,467.0,432.0,401.0,374.0,348.0
180206,LLOQUE,584.0,538.0,493.0,460.0,431.0,403.0,377.0,352.0,326.0
180207,MATALAQUE,471.0,436.0,402.0,378.0,355.0,336.0,315.0,295.0,275.0
180208,PUQUINA,2615.0,2568.0,2512.0,2472.0,2436.0,2402.0,2371.0,2339.0,2308.0
180209,QUINISTAQUILLAS,547.0,513.0,480.0,453.0,430.0,407.0,386.0,365.0,345.0
180210,UBINAS,1822.0,1697.0,1574.0,1485.0,1404.0,1328.0,1256.0,1186.0,1117.0
180211,YUNGA,922.0,874.0,823.0,785.0,750.0,717.0,686.0,657.0,627.0
180300,ILO,79188.0,81037.0,82686.0,84361.0,85806.0,87091.0,88287.0,89456.0,90601.0
180301,ILO,70065.0,70640.0,70753.0,71354.0,71753.0,72017.0,72506.0,72975.0,73420.0
180302,EL ALGARROBAL,4414.0,5690.0,7257.0,8355.0,9437.0,10505.0,11262.0,12014.0,12766.0
180303,PACOCHA,4709.0,4707.0,4676.0,4652.0,4616.0,4569.0,4519.0,4467.0,4415.0
190000,PASCO,271704.0,272157.0,271904.0,270842.0,269296.0,267425.0,265392.0,263354.0,261297.0
190100,PASCO,128446.0,126971.0,125164.0,123349.0,121446.0,119495.0,117530.0,115583.0,113654.0
190101,CHAUPIMARCA,27258.0,27139.0,26924.0,26714.0,26481.0,26234.0,25831.0,25420.0,25018.0
190102,HUACHON,4625.0,4621.0,4601.0,4581.0,4557.0,4529.0,4500.0,4471.0,4442.0
190103,HUARIACA,7125.0,7037.0,6925.0,6817.0,6703.0,6589.0,6474.0,6360.0,6250.0
190104,HUAYLLAY,9688.0,9585.0,9451.0,9320.0,9182.0,9041.0,8900.0,8762.0,8626.0
190105,NINACACA,4111.0,4132.0,4137.0,4140.0,4144.0,4148.0,4152.0,4157.0,4162.0
190106,PALLANCHACRA,1763.0,1655.0,1551.0,1446.0,1344.0,1242.0,1147.0,1048.0,959.0
190107,PAUCARTAMBO,11189.0,10520.0,9858.0,9193.0,8528.0,7863.0,7199.0,6536.0,5872.0
190108,SAN FRANCISCO DE ASIS DE YARUSYACAN,4512.0,4155.0,3818.0,3477.0,3144.0,2817.0,2650.0,2503.0,2356.0
190109,SIMON BOLIVAR,12940.0,12846.0,12708.0,12573.0,12428.0,12279.0,12126.0,11977.0,11829.0
190110,TICLACAYAN,3301.0,3069.0,2847.0,2624.0,2404.0,2190.0,1980.0,1778.0,1581.0
190111,TINYAHUARCO,7090.0,7196.0,7278.0,7355.0,7421.0,7480.0,7532.0,7582.0,7627.0
190112,VICCO,3617.0,3714.0,3802.0,3884.0,3959.0,4029.0,4094.0,4156.0,4215.0
190113,YANACANCHA,31227.0,31302.0,31264.0,31225.0,31151.0,31054.0,30945.0,30833.0,30717.0
190200,DANIEL ALCIDES CARRIÓN,46193.0,46248.0,46179.0,45859.0,45421.0,44905.0,44354.0,43807.0,43259.0
190201,YANAHUANCA,11908.0,11718.0,11495.0,11210.0,10898.0,10572.0,10243.0,9922.0,9598.0
190202,CHACAYAN,2054.0,1935.0,1820.0,1702.0,1588.0,1479.0,1378.0,1285.0,1199.0
190203,GOYLLARISQUIZGA,1572.0,1509.0,1445.0,1375.0,1305.0,1238.0,1172.0,1109.0,1050.0
190204,PAUCAR,1845.0,1815.0,1779.0,1734.0,1685.0,1634.0,1583.0,1532.0,1483.0
190205,SAN PEDRO DE PILLAO,1425.0,1403.0,1377.0,1345.0,1308.0,1270.0,1233.0,1195.0,1159.0
190206,SANTA ANA DE TUSI,22929.0,23495.0,23986.0,24326.0,24580.0,24764.0,24901.0,25017.0,25114.0
190207,TAPUC,2395.0,2288.0,2180.0,2065.0,1952.0,1840.0,1733.0,1633.0,1539.0
190208,VILCABAMBA,2065.0,2085.0,2097.0,2102.0,2105.0,2108.0,2111.0,2114.0,2117.0
190300,OXAPAMPA,97065.0,98938.0,100561.0,101634.0,102429.0,103025.0,103508.0,103964.0,104384.0
190301,OXAPAMPA,16703.0,17006.0,17255.0,17466.0,17643.0,17794.0,17930.0,18061.0,18188.0
190302,CHONTABAMBA,5803.0,6110.0,6412.0,6615.0,6773.0,6899.0,7007.0,7111.0,7208.0
190303,HUANCABAMBA,6921.0,6986.0,7028.0,7078.0,7123.0,7163.0,7202.0,7240.0,7277.0
190304,PALCAZU,8211.0,8156.0,8076.0,7987.0,7902.0,7818.0,7735.0,7650.0,7565.0
190305,POZUZO,4990.0,4789.0,4580.0,4377.0,4174.0,3977.0,3784.0,3600.0,3423.0
190306,PUERTO BERMUDEZ,20091.0,20825.0,21511.0,22000.0,22387.0,22704.0,22977.0,23240.0,23487.0
190307,VILLA RICA,18711.0,18692.0,18610.0,18534.0,18466.0,18402.0,18341.0,18278.0,18213.0
190308,CONSTITUCIÓN,15635.0,16374.0,17089.0,17577.0,17961.0,18268.0,18532.0,18784.0,19023.0
200000,PIURA,1974368.0,2013517.0,2047954.0,2077039.0,2103099.0,2127093.0,2149978.0,2172710.0,2195231.0
200100,PIURA,850972.0,873854.0,894847.0,912742.0,929063.0,944326.0,959055.0,973775.0,988466.0
200101,PIURA,169213.0,173672.0,177748.0,181371.0,184732.0,187926.0,191048.0,194198.0,197373.0
200104,CASTILLA,172060.0,178066.0,183759.0,188678.0,193225.0,197533.0,201735.0,205967.0,210227.0
200105,CATACAOS,78209.0,79681.0,80950.0,81972.0,82839.0,83594.0,84277.0,84928.0,85543.0
200107,CURA MORI,19471.0,19794.0,20065.0,20273.0,20441.0,20580.0,20698.0,20806.0,20903.0
200108,EL TALLAN,5544.0,5594.0,5628.0,5634.0,5643.0,5651.0,5660.0,5670.0,5681.0
200109,LA ARENA,40018.0,40706.0,41286.0,41736.0,42102.0,42406.0,42668.0,42909.0,43124.0
200110,LA UNION,42785.0,43624.0,44355.0,44954.0,45471.0,45930.0,46354.0,46764.0,47158.0
200111,LAS LOMAS,28769.0,29047.0,29241.0,29290.0,29345.0,29406.0,29470.0,29538.0,29609.0
200114,TAMBO GRANDE,118814.0,121568.0,124028.0,126126.0,128004.0,129729.0,131366.0,132980.0,134568.0
200115,VEINTISÉIS DE OCTUBRE,176089.0,182102.0,187787.0,192708.0,197261.0,201571.0,205779.0,210015.0,214280.0
200200,AYABACA,128906.0,128500.0,127737.0,127146.0,126550.0,125948.0,125333.0,124703.0,124055.0
200201,AYABACA,33649.0,33313.0,32889.0,32525.0,32156.0,31788.0,31416.0,31040.0,30661.0
200202,FRIAS,21551.0,21490.0,21370.0,21287.0,21201.0,21109.0,21013.0,20914.0,20812.0
200203,JILILI,2708.0,2695.0,2675.0,2659.0,2642.0,2626.0,2608.0,2591.0,2574.0
200204,LAGUNAS,5919.0,5876.0,5816.0,5768.0,5719.0,5670.0,5619.0,5567.0,5514.0
200205,MONTERO,6713.0,6680.0,6628.0,6587.0,6547.0,6504.0,6459.0,6416.0,6370.0
200206,PACAIPAMPA,23418.0,23373.0,23262.0,23194.0,23119.0,23040.0,22957.0,22870.0,22778.0
200207,PAIMAS,10227.0,10319.0,10382.0,10463.0,10542.0,10620.0,10695.0,10768.0,10840.0
200208,SAPILLICA,11039.0,11068.0,11065.0,11022.0,10994.0,10978.0,10967.0,10957.0,10946.0
200209,SICCHEZ,1723.0,1685.0,1642.0,1604.0,1567.0,1528.0,1491.0,1455.0,1419.0
200210,SUYO,11959.0,12001.0,12008.0,12037.0,12063.0,12085.0,12108.0,12125.0,12141.0
200300,HUANCABAMBA,118992.0,118927.0,118533.0,118232.0,117899.0,117542.0,117165.0,116770.0,116355.0
200301,HUANCABAMBA,29452.0,29490.0,29446.0,29424.0,29395.0,29359.0,29316.0,29268.0,29214.0
200302,CANCHAQUE,7798.0,7723.0,7628.0,7539.0,7449.0,7357.0,7266.0,7175.0,7083.0
200303,EL CARMEN DE LA FRONTERA,11892.0,11860.0,11797.0,11743.0,11685.0,11625.0,11563.0,11500.0,11435.0
200304,HUARMACA,37658.0,37627.0,37489.0,37380.0,37259.0,37131.0,36992.0,36849.0,36699.0
200305,LALAQUIZ,4302.0,4247.0,4181.0,4119.0,4057.0,3996.0,3936.0,3873.0,3811.0
200306,SAN MIGUEL DE EL FAIQUE,9315.0,9369.0,9395.0,9429.0,9461.0,9490.0,9517.0,9543.0,9567.0
200307,SONDOR,7547.0,7496.0,7425.0,7361.0,7295.0,7227.0,7160.0,7091.0,7022.0
200308,SONDORILLO,11028.0,11115.0,11172.0,11237.0,11298.0,11357.0,11415.0,11471.0,11524.0
200400,MORROPON,170314.0,171985.0,173193.0,174154.0,174921.0,175547.0,176085.0,176585.0,177039.0
200401,CHULUCANAS,87221.0,88596.0,89735.0,90461.0,91141.0,91788.0,92419.0,93041.0,93656.0
200402,BUENOS AIRES,9935.0,10086.0,10211.0,10351.0,10468.0,10570.0,10661.0,10747.0,10831.0
200403,CHALACO,8008.0,7888.0,7746.0,7615.0,7478.0,7337.0,7193.0,7048.0,6900.0
200404,LA MATANZA,14639.0,14863.0,15047.0,15254.0,15428.0,15578.0,15713.0,15843.0,15965.0
200405,MORROPON,15736.0,15915.0,16052.0,16229.0,16377.0,16503.0,16616.0,16724.0,16826.0
200406,SALITRAL,8966.0,9039.0,9086.0,9158.0,9215.0,9258.0,9292.0,9321.0,9344.0
200407,SAN JUAN DE BIGOTE,6730.0,6730.0,6710.0,6710.0,6697.0,6676.0,6649.0,6619.0,6587.0
200408,SANTA CATALINA DE MOSSA,3874.0,3849.0,3813.0,3788.0,3755.0,3716.0,3675.0,3633.0,3585.0
200409,SANTO DOMINGO,6284.0,6164.0,6029.0,5892.0,5750.0,5606.0,5458.0,5309.0,5159.0
200410,YAMANGO,8921.0,8855.0,8764.0,8696.0,8612.0,8515.0,8409.0,8300.0,8186.0
200500,PAITA,140578.0,144581.0,148289.0,151501.0,154470.0,157282.0,160026.0,162788.0,165570.0
200501,PAITA,96202.0,99150.0,101905.0,104513.0,106929.0,109218.0,111455.0,113706.0,115977.0
200502,AMOTAPE,2480.0,2507.0,2526.0,2547.0,2565.0,2582.0,2596.0,2611.0,2627.0
200503,ARENAL,1218.0,1235.0,1249.0,1263.0,1270.0,1276.0,1281.0,1287.0,1290.0
200504,COLAN,16057.0,16522.0,16953.0,17172.0,17379.0,17579.0,17775.0,17972.0,18169.0
200505,LA HUACA,13534.0,13868.0,14170.0,14345.0,14510.0,14668.0,14824.0,14980.0,15136.0
200506,TAMARINDO,5150.0,5246.0,5330.0,5409.0,5479.0,5544.0,5605.0,5666.0,5729.0
200507,VICHAYAL,5937.0,6053.0,6156.0,6252.0,6338.0,6415.0,6490.0,6566.0,6642.0
200600,SULLANA,331023.0,336678.0,341490.0,345276.0,348478.0,351262.0,353793.0,356232.0,358559.0
200601,SULLANA,183056.0,186434.0,189351.0,191400.0,193254.0,194970.0,196599.0,198198.0,199760.0
200602,BELLAVISTA,38301.0,38655.0,38905.0,39181.0,39384.0,39535.0,39653.0,39761.0,39854.0
200603,IGNACIO ESCUDERO,20941.0,21335.0,21676.0,21975.0,22210.0,22399.0,22562.0,22714.0,22854.0
200604,LANCONES,13210.0,13266.0,13286.0,13333.0,13363.0,13379.0,13388.0,13395.0,13398.0
200605,MARCAVELICA,31067.0,31705.0,32265.0,32747.0,33129.0,33438.0,33705.0,33956.0,34188.0
200606,MIGUEL CHECA,9675.0,9952.0,10210.0,10419.0,10587.0,10727.0,10849.0,10965.0,11072.0
200607,QUERECOTILLO,27408.0,27805.0,28130.0,28433.0,28667.0,28852.0,29007.0,29150.0,29281.0
200608,SALITRAL,7365.0,7526.0,7667.0,7788.0,7884.0,7962.0,8030.0,8093.0,8152.0
200700,TALARA,149424.0,152037.0,154268.0,156024.0,157511.0,158807.0,159985.0,161121.0,162208.0
200701,PARIÑAS,101707.0,103472.0,104973.0,106157.0,107159.0,108033.0,108828.0,109593.0,110326.0
200702,EL ALTO,8617.0,8803.0,8969.0,9097.0,9205.0,9299.0,9384.0,9467.0,9546.0
200703,LA BREA,13031.0,13129.0,13192.0,13250.0,13300.0,13343.0,13382.0,13420.0,13456.0
200704,LOBITOS,1396.0,1392.0,1384.0,1380.0,1376.0,1373.0,1370.0,1367.0,1365.0
200705,LOS ORGANOS,11244.0,11453.0,11634.0,11775.0,11895.0,11999.0,12094.0,12186.0,12273.0
200706,MANCORA,13429.0,13788.0,14116.0,14365.0,14576.0,14760.0,14927.0,15088.0,15242.0
200800,SECHURA,84159.0,86955.0,89597.0,91964.0,94207.0,96379.0,98536.0,100736.0,102979.0
200801,SECHURA,47345.0,49156.0,50892.0,52436.0,53899.0,55316.0,56721.0,58157.0,59620.0
200802,BELLAVISTA DE LA UNION,4970.0,5096.0,5210.0,5314.0,5413.0,5509.0,5605.0,5702.0,5801.0
200803,BERNAL,7356.0,7524.0,7674.0,7812.0,7944.0,8071.0,8197.0,8325.0,8457.0
200804,CRISTO NOS VALGA,4641.0,4798.0,4948.0,5082.0,5209.0,5331.0,5453.0,5577.0,5703.0
200805,VICE,16763.0,17264.0,17732.0,18154.0,18553.0,18940.0,19325.0,19717.0,20117.0
200806,RINCONADA LLICUAR,3084.0,3117.0,3141.0,3166.0,3189.0,3212.0,3235.0,3258.0,3281.0
210000,PUNO,1236836.0,1239022.0,1237997.0,1233277.0,1226353.0,1217951.0,1208802.0,1199636.0,1190370.0
210100,PUNO,229668.0,230273.0,230219.0,227448.0,224425.0,221257.0,218046.0,214887.0,211768.0
210101,PUNO,141077.0,142691.0,143867.0,143434.0,142897.0,142282.0,141629.0,140967.0,140289.0
210102,ACORA,24212.0,23858.0,23439.0,22703.0,21929.0,21138.0,20348.0,19579.0,18830.0
210103,AMANTANI,3550.0,3494.0,3430.0,3318.0,3202.0,3083.0,2966.0,2851.0,2740.0
210104,ATUNCOLLA,4830.0,4791.0,4739.0,4623.0,4496.0,4364.0,4231.0,4100.0,3972.0
210105,CAPACHICA,7717.0,7448.0,7167.0,6801.0,6433.0,6074.0,5727.0,5398.0,5085.0
210106,CHUCUITO,7463.0,7433.0,7380.0,7226.0,7055.0,6873.0,6689.0,6506.0,6326.0
210107,COATA,6975.0,6947.0,6898.0,6754.0,6595.0,6426.0,6253.0,6083.0,5914.0
210108,HUATA,3220.0,3058.0,2904.0,2720.0,2537.0,2357.0,2181.0,2008.0,1840.0
210109,MAÑAZO,5363.0,5362.0,5345.0,5254.0,5149.0,5037.0,4921.0,4805.0,4689.0
210110,PAUCARCOLLA,4444.0,4413.0,4368.0,4263.0,4149.0,4031.0,3910.0,3792.0,3675.0
210111,PICHACANI,5958.0,6000.0,6026.0,6018.0,6006.0,5990.0,5972.0,5954.0,5934.0
210112,PLATERIA,7487.0,7426.0,7346.0,7165.0,6967.0,6762.0,6553.0,6350.0,6149.0
210113,SAN ANTONIO,2676.0,2690.0,2697.0,2665.0,2627.0,2584.0,2538.0,2491.0,2445.0
210114,TIQUILLACA,1683.0,1654.0,1620.0,1567.0,1509.0,1450.0,1392.0,1336.0,1281.0
210115,VILQUE,3013.0,3008.0,2993.0,2937.0,2874.0,2806.0,2736.0,2667.0,2599.0
210200,AZANGARO,115562.0,114007.0,112149.0,110782.0,109293.0,107733.0,106153.0,104598.0,103064.0
210201,AZANGARO,31139.0,31427.0,31615.0,31851.0,32095.0,32345.0,32616.0,32909.0,33228.0
210202,ACHAYA,2952.0,2870.0,2782.0,2717.0,2647.0,2576.0,2504.0,2434.0,2365.0
210203,ARAPA,7350.0,7252.0,7130.0,7064.0,6983.0,6891.0,6795.0,6702.0,6610.0
210204,ASILLO,15165.0,14984.0,14758.0,14510.0,14258.0,14001.0,13743.0,13486.0,13230.0
210205,CAMINACA,3103.0,3046.0,2980.0,2937.0,2888.0,2836.0,2782.0,2730.0,2680.0
210206,CHUPA,6609.0,6177.0,5756.0,5409.0,5054.0,4692.0,4324.0,3948.0,3565.0
210207,JOSE DOMINGO CHOQUEHUANCA,4844.0,4814.0,4767.0,4756.0,4733.0,4705.0,4672.0,4641.0,4608.0
210208,MUÑANI,6995.0,6943.0,6867.0,6844.0,6804.0,6754.0,6700.0,6647.0,6595.0
210209,POTONI,4009.0,3824.0,3637.0,3471.0,3301.0,3128.0,2952.0,2773.0,2591.0
210210,SAMAN,9925.0,9588.0,9231.0,8875.0,8511.0,8140.0,7763.0,7381.0,6993.0
210211,SAN ANTON,7632.0,7503.0,7352.0,7258.0,7149.0,7030.0,6909.0,6791.0,6674.0
210212,SAN JOSE,5092.0,5015.0,4923.0,4870.0,4805.0,4735.0,4662.0,4590.0,4519.0
210213,SAN JUAN DE SALINAS,3043.0,2962.0,2875.0,2813.0,2743.0,2672.0,2600.0,2531.0,2464.0
210214,SANTIAGO DE PUPUJA,4704.0,4613.0,4509.0,4440.0,4361.0,4278.0,4194.0,4111.0,4030.0
210215,TIRAPATA,3000.0,2989.0,2967.0,2967.0,2961.0,2950.0,2937.0,2924.0,2912.0
210300,CARABAYA,77927.0,78511.0,78873.0,79376.0,79766.0,80078.0,80346.0,80604.0,80848.0
210301,MACUSANI,13848.0,14035.0,14173.0,14357.0,14529.0,14695.0,14863.0,15035.0,15205.0
210302,AJOYANI,2397.0,2441.0,2477.0,2522.0,2562.0,2600.0,2635.0,2668.0,2701.0
210303,AYAPATA,9587.0,9626.0,9627.0,9591.0,9574.0,9569.0,9564.0,9559.0,9552.0
210304,COASA,6690.0,6310.0,5932.0,5573.0,5224.0,4879.0,4635.0,4387.0,4138.0
210305,CORANI,4569.0,4659.0,4735.0,4827.0,4909.0,4983.0,5054.0,5125.0,5195.0
210306,CRUCERO,9887.0,10008.0,10095.0,10214.0,10326.0,10437.0,10546.0,10655.0,10762.0
210307,ITUATA,8174.0,8385.0,8569.0,8786.0,8973.0,9139.0,9296.0,9451.0,9604.0
210308,OLLACHEA,6299.0,6432.0,6544.0,6679.0,6798.0,6907.0,7009.0,7112.0,7214.0
210309,SAN GABAN,7341.0,7743.0,8135.0,8564.0,8916.0,9214.0,9385.0,9552.0,9717.0
210310,USICAYOS,9135.0,8872.0,8586.0,8263.0,7955.0,7655.0,7359.0,7060.0,6760.0
210400,CHUCUITO,93178.0,90742.0,88112.0,86734.0,85265.0,83747.0,82219.0,80717.0,79237.0
210401,JULI,20995.0,20740.0,20420.0,20375.0,20291.0,20184.0,20060.0,19931.0,19793.0
210402,DESAGUADERO,14082.0,13621.0,13132.0,12831.0,12516.0,12195.0,11872.0,11554.0,11242.0
210403,HUACULLANI,9444.0,9044.0,8634.0,8350.0,8064.0,7779.0,7497.0,7223.0,6957.0
210404,KELLUYO,7565.0,6975.0,6411.0,5973.0,5557.0,5163.0,4798.0,4458.0,4140.0
210405,PISACOMA,8676.0,8404.0,8114.0,7939.0,7756.0,7567.0,7377.0,7190.0,7007.0
210406,POMATA,14587.0,14314.0,13999.0,13874.0,13729.0,13568.0,13400.0,13228.0,13054.0
210407,ZEPITA,17829.0,17644.0,17402.0,17392.0,17352.0,17291.0,17215.0,17133.0,17044.0
210500,EL COLLAO,68320.0,67392.0,66287.0,65355.0,64354.0,63313.0,62262.0,61229.0,60210.0
210501,ILAVE,49591.0,49234.0,48729.0,48331.0,47866.0,47358.0,46825.0,46289.0,45751.0
210502,CAPAZO,1197.0,1152.0,1107.0,1066.0,1025.0,985.0,946.0,909.0,873.0
210503,PILCUYO,11279.0,11059.0,10812.0,10595.0,10369.0,10136.0,9905.0,9679.0,9457.0
210504,SANTA ROSA,3605.0,3412.0,3220.0,3048.0,2882.0,2723.0,2573.0,2432.0,2297.0
210505,CONDURIRI,2648.0,2535.0,2419.0,2315.0,2212.0,2111.0,2013.0,1920.0,1832.0
210600,HUANCANE,60419.0,59769.0,58957.0,58213.0,57406.0,56562.0,55707.0,54867.0,54037.0
210601,HUANCANE,19341.0,19222.0,19050.0,18895.0,18718.0,18527.0,18328.0,18129.0,17932.0
210602,COJATA,4056.0,4037.0,4007.0,3982.0,3951.0,3916.0,3881.0,3845.0,3811.0
210603,HUATASANI,3279.0,3213.0,3140.0,3071.0,3000.0,2927.0,2855.0,2785.0,2716.0
210604,INCHUPALLA,2731.0,2668.0,2598.0,2533.0,2466.0,2398.0,2331.0,2266.0,2203.0
210605,PUSI,5294.0,5201.0,5097.0,4998.0,4895.0,4790.0,4686.0,4583.0,4482.0
210606,ROSASPATA,4253.0,4151.0,4039.0,3934.0,3825.0,3717.0,3610.0,3507.0,3405.0
210607,TARACO,13694.0,13636.0,13536.0,13451.0,13349.0,13235.0,13115.0,12998.0,12879.0
210608,VILQUE CHICO,7771.0,7641.0,7490.0,7349.0,7202.0,7052.0,6901.0,6754.0,6609.0
210700,LAMPA,43322.0,42996.0,42549.0,41971.0,41348.0,40700.0,40044.0,39400.0,38764.0
210701,LAMPA,11752.0,11786.0,11783.0,11749.0,11708.0,11661.0,11610.0,11560.0,11507.0
210702,CABANILLA,5911.0,5943.0,5955.0,5977.0,5992.0,6004.0,6014.0,6023.0,6032.0
210703,CALAPUJA,1716.0,1739.0,1755.0,1776.0,1797.0,1817.0,1838.0,1858.0,1877.0
210704,NICASIO,2476.0,2451.0,2419.0,2365.0,2306.0,2245.0,2183.0,2123.0,2064.0
210705,OCUVIRI,2425.0,2404.0,2376.0,2328.0,2276.0,2222.0,2166.0,2112.0,2060.0
210706,PALCA,1892.0,1810.0,1725.0,1635.0,1545.0,1455.0,1365.0,1276.0,1189.0
210707,PARATIA,2823.0,2666.0,2510.0,2358.0,2205.0,2052.0,1901.0,1752.0,1605.0
210708,PUCARA,5550.0,5505.0,5442.0,5336.0,5219.0,5098.0,4975.0,4855.0,4738.0
210709,SANTA LUCIA,7503.0,7486.0,7445.0,7367.0,7279.0,7185.0,7090.0,6997.0,6906.0
210710,VILAVILA,1274.0,1206.0,1139.0,1080.0,1021.0,961.0,902.0,844.0,786.0
210800,MELGAR,70348.0,70119.0,69693.0,69142.0,68510.0,67829.0,67128.0,66437.0,65754.0
210801,AYAVIRI,25418.0,25708.0,25921.0,26084.0,26215.0,26329.0,26440.0,26562.0,26700.0
210802,ANTAUTA,5635.0,5711.0,5770.0,5818.0,5859.0,5897.0,5934.0,5974.0,6019.0
210803,CUPI,2109.0,2073.0,2031.0,1985.0,1936.0,1886.0,1833.0,1780.0,1726.0
210804,LLALLI,2698.0,2608.0,2513.0,2416.0,2317.0,2217.0,2118.0,2019.0,1918.0
210805,MACARI,7377.0,7334.0,7268.0,7186.0,7094.0,6993.0,6888.0,6780.0,6668.0
210806,NUÑOA,8765.0,8581.0,8374.0,8152.0,7921.0,7683.0,7439.0,7192.0,6940.0
210807,ORURILLO,7983.0,7790.0,7579.0,7358.0,7130.0,6899.0,6665.0,6431.0,6194.0
210808,SANTA ROSA,6445.0,6408.0,6353.0,6287.0,6213.0,6134.0,6053.0,5972.0,5892.0
210809,UMACHIRI,3918.0,3906.0,3884.0,3856.0,3825.0,3791.0,3758.0,3727.0,3697.0
210900,MOHO,20321.0,19776.0,19190.0,18826.0,18445.0,18053.0,17661.0,17273.0,16893.0
210901,MOHO,11723.0,11334.0,10927.0,10662.0,10383.0,10100.0,9818.0,9538.0,9266.0
210902,CONIMA,3304.0,3289.0,3263.0,3252.0,3242.0,3231.0,3220.0,3208.0,3196.0
210903,HUAYRAPATA,2697.0,2594.0,2488.0,2415.0,2341.0,2266.0,2191.0,2118.0,2048.0
210904,TILALI,2597.0,2559.0,2512.0,2497.0,2479.0,2456.0,2432.0,2409.0,2383.0
211000,SAN ANTONIO DE PUTINA,36799.0,35803.0,34734.0,34000.0,33233.0,32450.0,31668.0,30899.0,30143.0
211001,PUTINA,14824.0,14367.0,13882.0,13547.0,13197.0,12840.0,12483.0,12133.0,11788.0
211002,ANANEA,12692.0,12129.0,11551.0,11145.0,10722.0,10289.0,9857.0,9432.0,9014.0
211003,PEDRO VILCA APAZA,2005.0,1963.0,1916.0,1884.0,1852.0,1818.0,1784.0,1751.0,1718.0
211004,QUILCAPUNCU,5495.0,5528.0,5541.0,5557.0,5574.0,5592.0,5609.0,5626.0,5643.0
211005,SINA,1783.0,1816.0,1844.0,1867.0,1888.0,1911.0,1935.0,1957.0,1980.0
211100,SAN ROMAN,325549.0,335193.0,344030.0,349156.0,353070.0,356090.0,358549.0,360808.0,362824.0
211101,JULIACA,240615.0,246970.0,252671.0,256093.0,258728.0,260785.0,262477.0,264040.0,265445.0
211102,CABANA,5314.0,5412.0,5495.0,5547.0,5587.0,5618.0,5644.0,5668.0,5690.0
211103,CABANILLAS,4652.0,4606.0,4546.0,4412.0,4279.0,4145.0,4011.0,3877.0,3743.0
211104,CARACOTO,7247.0,7374.0,7479.0,7545.0,7597.0,7637.0,7671.0,7702.0,7730.0
211105,SAN MIGUEL,67721.0,70831.0,73839.0,75559.0,76879.0,77905.0,78746.0,79521.0,80216.0
211200,SANDIA,56902.0,56575.0,56088.0,55552.0,54952.0,54314.0,53662.0,53021.0,52387.0
211201,SANDIA,11498.0,11490.0,11446.0,11374.0,11289.0,11199.0,11105.0,11013.0,10922.0
211202,CUYOCUYO,5619.0,5636.0,5633.0,5623.0,5611.0,5597.0,5581.0,5566.0,5551.0
211203,LIMBANI,3358.0,3319.0,3269.0,3199.0,3122.0,3039.0,2955.0,2872.0,2790.0
211204,PATAMBUCO,4244.0,4236.0,4212.0,4177.0,4136.0,4093.0,4049.0,4005.0,3962.0
211205,PHARA,5956.0,6061.0,6145.0,6220.0,6290.0,6357.0,6421.0,6485.0,6548.0
211206,QUIACA,2308.0,2312.0,2308.0,2300.0,2291.0,2281.0,2270.0,2259.0,2249.0
211207,SAN JUAN DEL ORO,3869.0,3543.0,3235.0,3022.0,2808.0,2595.0,2383.0,2173.0,1965.0
211208,YANAHUAYA,2176.0,2155.0,2127.0,2089.0,2045.0,1996.0,1949.0,1902.0,1855.0
211209,ALTO INAMBARI,7530.0,7517.0,7480.0,7422.0,7356.0,7284.0,7210.0,7138.0,7067.0
211210,SAN PEDRO DE PUTINA PUNCO,10344.0,10306.0,10233.0,10126.0,10004.0,9873.0,9739.0,9608.0,9478.0
211300,YUNGUYO,38521.0,37866.0,37116.0,36722.0,36286.0,35825.0,35357.0,34896.0,34441.0
211301,YUNGUYO,25447.0,25159.0,24795.0,24651.0,24474.0,24268.0,24046.0,23823.0,23593.0
211302,ANAPIA,1826.0,1787.0,1743.0,1717.0,1687.0,1657.0,1627.0,1596.0,1567.0
211303,COPANI,5023.0,4985.0,4930.0,4922.0,4904.0,4883.0,4859.0,4834.0,4809.0
211304,CUTURAPI,1385.0,1366.0,1344.0,1335.0,1323.0,1310.0,1297.0,1283.0,1271.0
211305,OLLARAYA,2839.0,2710.0,2579.0,2476.0,2373.0,2272.0,2176.0,2082.0,1993.0
211306,TINICACHI,957.0,917.0,876.0,846.0,815.0,784.0,754.0,725.0,697.0
211307,UNICACHI,1044.0,942.0,849.0,775.0,710.0,651.0,598.0,553.0,511.0
220000,SAN MARTÍN,866861.0,884283.0,899648.0,912674.0,924384.0,935194.0,945523.0,955789.0,965964.0
220100,MOYOBAMBA,130133.0,132050.0,133631.0,134873.0,135911.0,136807.0,137621.0,138412.0,139175.0
220101,MOYOBAMBA,81678.0,83623.0,85365.0,86774.0,88059.0,89255.0,90399.0,91526.0,92634.0
220102,CALZADA,4653.0,4729.0,4792.0,4848.0,4889.0,4919.0,4943.0,4964.0,4984.0
220103,HABANA,1681.0,1681.0,1677.0,1673.0,1664.0,1655.0,1645.0,1635.0,1623.0
220104,JEPELACIO,16313.0,16165.0,15972.0,15771.0,15547.0,15308.0,15060.0,14811.0,14561.0
220105,SORITOR,22922.0,22947.0,22909.0,22876.0,22810.0,22721.0,22619.0,22515.0,22407.0
220106,YANTALO,2886.0,2905.0,2916.0,2931.0,2942.0,2949.0,2955.0,2961.0,2966.0
220200,BELLAVISTA,58698.0,59867.0,60893.0,61772.0,62564.0,63294.0,63992.0,64684.0,65367.0
220201,BELLAVISTA,17819.0,18244.0,18627.0,18949.0,19240.0,19507.0,19763.0,20018.0,20270.0
220202,ALTO BIAVO,8877.0,9243.0,9595.0,9880.0,10136.0,10372.0,10596.0,10818.0,11038.0
220203,BAJO BIAVO,14445.0,14762.0,15041.0,15279.0,15494.0,15691.0,15881.0,16068.0,16253.0
220204,HUALLAGA,2741.0,2741.0,2735.0,2734.0,2733.0,2732.0,2730.0,2728.0,2726.0
220205,SAN PABLO,8672.0,8668.0,8638.0,8627.0,8617.0,8609.0,8602.0,8595.0,8587.0
220206,SAN RAFAEL,6144.0,6209.0,6257.0,6303.0,6344.0,6383.0,6420.0,6457.0,6493.0
220300,EL DORADO,41211.0,42145.0,42983.0,43696.0,44342.0,44942.0,45518.0,46092.0,46661.0
220301,SAN JOSE DE SISA,16290.0,16664.0,16998.0,17282.0,17540.0,17781.0,18011.0,18239.0,18467.0
220302,AGUA BLANCA,2383.0,2375.0,2359.0,2350.0,2342.0,2335.0,2328.0,2322.0,2315.0
220303,SAN MARTIN,12378.0,12750.0,13096.0,13384.0,13645.0,13885.0,14118.0,14349.0,14577.0
220304,SANTA ROSA,7049.0,7185.0,7305.0,7409.0,7502.0,7589.0,7673.0,7756.0,7839.0
220305,SHATOJA,3111.0,3171.0,3225.0,3271.0,3313.0,3352.0,3388.0,3426.0,3463.0
220400,HUALLAGA,29027.0,29597.0,30097.0,30525.0,30906.0,31259.0,31594.0,31927.0,32255.0
220401,SAPOSOA,14328.0,14585.0,14798.0,15009.0,15204.0,15388.0,15567.0,15747.0,15922.0
220402,ALTO SAPOSOA,4822.0,5098.0,5374.0,5601.0,5805.0,5996.0,6178.0,6359.0,6538.0
220403,EL ESLABON,2105.0,2051.0,1992.0,1931.0,1871.0,1811.0,1751.0,1690.0,1629.0
220404,PISCOYACU,4510.0,4619.0,4716.0,4806.0,4888.0,4965.0,5039.0,5112.0,5186.0
220405,SACANCHE,2449.0,2425.0,2395.0,2350.0,2306.0,2261.0,2218.0,2173.0,2128.0
220406,TINGO DE SAPOSOA,813.0,819.0,822.0,828.0,832.0,838.0,841.0,846.0,852.0
220500,LAMAS,86767.0,87816.0,88637.0,89224.0,89673.0,90024.0,90316.0,90590.0,90842.0
220501,LAMAS,15067.0,15288.0,15474.0,15640.0,15773.0,15886.0,15985.0,16081.0,16171.0
220502,ALONSO DE ALVARADO,14535.0,14532.0,14486.0,14425.0,14365.0,14303.0,14242.0,14179.0,14117.0
220503,BARRANQUITA,7038.0,7245.0,7435.0,7602.0,7771.0,7939.0,8109.0,8280.0,8451.0
220504,CAYNARACHI,10470.0,10787.0,11081.0,11297.0,11466.0,11602.0,11718.0,11828.0,11932.0
220505,CUÑUMBUQUI,3277.0,3191.0,3100.0,2998.0,2895.0,2792.0,2689.0,2584.0,2479.0
220506,PINTO RECODO,9151.0,9156.0,9134.0,9085.0,9036.0,8987.0,8937.0,8887.0,8837.0
220507,RUMISAPA,3599.0,3725.0,3842.0,3926.0,3992.0,4044.0,4090.0,4132.0,4171.0
220508,SAN ROQUE DE CUMBAZA,1679.0,1700.0,1715.0,1732.0,1744.0,1756.0,1765.0,1774.0,1783.0
220509,SHANAO,1999.0,1963.0,1920.0,1863.0,1806.0,1748.0,1690.0,1632.0,1574.0
220510,TABALOSOS,14248.0,14440.0,14593.0,14737.0,14855.0,14955.0,15042.0,15127.0,15208.0
220511,ZAPATERO,5704.0,5789.0,5857.0,5919.0,5970.0,6012.0,6049.0,6086.0,6119.0
220600,MARISCAL CACERES,68880.0,71100.0,73193.0,75144.0,77023.0,78860.0,80687.0,82537.0,84409.0
220601,JUANJUI,32828.0,33472.0,34024.0,34568.0,35093.0,35607.0,36119.0,36637.0,37162.0
220602,CAMPANILLA,15259.0,16221.0,17190.0,18060.0,18897.0,19714.0,20526.0,21348.0,22180.0
220603,HUICUNGO,8801.0,9113.0,9409.0,9684.0,9948.0,10207.0,10464.0,10724.0,10988.0
220604,PACHIZA,6295.0,6529.0,6752.0,6958.0,7158.0,7351.0,7545.0,7741.0,7938.0
220605,PAJARILLO,5697.0,5765.0,5818.0,5874.0,5927.0,5981.0,6033.0,6087.0,6141.0
220700,PICOTA,42832.0,43491.0,44039.0,44476.0,44848.0,45173.0,45472.0,45764.0,46048.0
220701,PICOTA,10846.0,11162.0,11450.0,11680.0,11895.0,12098.0,12294.0,12487.0,12678.0
220702,BUENOS AIRES,3040.0,3035.0,3019.0,3019.0,3014.0,3008.0,3001.0,2993.0,2986.0
220703,CASPISAPA,2138.0,2165.0,2186.0,2208.0,2224.0,2236.0,2245.0,2254.0,2262.0
220704,PILLUANA,882.0,882.0,881.0,880.0,878.0,876.0,871.0,867.0,863.0
220705,PUCACACA,2989.0,3008.0,3019.0,3034.0,3044.0,3051.0,3057.0,3062.0,3067.0
220706,SAN CRISTOBAL,1211.0,1207.0,1199.0,1198.0,1195.0,1191.0,1187.0,1184.0,1180.0
220707,SAN HILARION,3901.0,3867.0,3823.0,3774.0,3720.0,3662.0,3602.0,3541.0,3480.0
220708,SHAMBOYACU,9808.0,10134.0,10440.0,10670.0,10885.0,11088.0,11286.0,11481.0,11674.0
220709,TINGO DE PONASA,3895.0,3897.0,3888.0,3878.0,3862.0,3842.0,3819.0,3797.0,3773.0
220710,TRES UNIDOS,4122.0,4134.0,4134.0,4135.0,4131.0,4121.0,4110.0,4098.0,4085.0
220800,RIOJA,126568.0,129260.0,131651.0,133698.0,135554.0,137279.0,138934.0,140582.0,142218.0
220801,RIOJA,25911.0,26323.0,26660.0,26962.0,27203.0,27401.0,27577.0,27752.0,27922.0
220802,AWAJUN,7870.0,7925.0,7955.0,7990.0,8012.0,8026.0,8036.0,8045.0,8054.0
220803,ELIAS SOPLIN VARGAS,18547.0,19703.0,20862.0,21880.0,22871.0,23842.0,24800.0,25754.0,26704.0
220804,NUEVA CAJAMARCA,44888.0,45934.0,46862.0,47584.0,48250.0,48877.0,49483.0,50086.0,50687.0
220805,PARDO MIGUEL,17177.0,17206.0,17183.0,17168.0,17133.0,17085.0,17030.0,16976.0,16922.0
220806,POSIC,1964.0,2031.0,2094.0,2147.0,2191.0,2229.0,2265.0,2302.0,2338.0
220807,SAN FERNANDO,3698.0,3694.0,3678.0,3671.0,3660.0,3647.0,3633.0,3619.0,3605.0
220808,YORONGOS,2654.0,2617.0,2573.0,2541.0,2510.0,2479.0,2448.0,2417.0,2387.0
220809,YURACYACU,3859.0,3827.0,3784.0,3755.0,3724.0,3693.0,3662.0,3631.0,3599.0
220900,SAN MARTIN,207197.0,212857.0,218074.0,222442.0,226393.0,230062.0,233581.0,237081.0,240557.0
220901,TARAPOTO,80445.0,81787.0,82900.0,83892.0,84794.0,85634.0,86442.0,87244.0,88042.0
220902,ALBERTO LEVEAU,901.0,910.0,915.0,923.0,927.0,933.0,936.0,944.0,946.0
220903,CACATACHI,3639.0,3714.0,3778.0,3834.0,3885.0,3932.0,3977.0,4022.0,4067.0
220904,CHAZUTA,10235.0,10422.0,10580.0,10719.0,10845.0,10963.0,11077.0,11189.0,11301.0
220905,CHIPURANA,2314.0,2364.0,2407.0,2445.0,2478.0,2510.0,2540.0,2570.0,2600.0
220906,EL PORVENIR,2468.0,2514.0,2551.0,2585.0,2615.0,2643.0,2670.0,2697.0,2724.0
220907,HUIMBAYOC,5337.0,5446.0,5542.0,5624.0,5700.0,5769.0,5836.0,5902.0,5969.0
220908,JUAN GUERRA,3987.0,4072.0,4147.0,4212.0,4270.0,4324.0,4376.0,4428.0,4480.0
220909,LA BANDA DE SHILCAYO,45450.0,47438.0,49359.0,50923.0,52334.0,53642.0,54896.0,56142.0,57380.0
220910,MORALES,39372.0,41348.0,43287.0,44851.0,46263.0,47571.0,48825.0,50071.0,51309.0
220911,PAPAPLAYA,2104.0,2068.0,2028.0,1998.0,1972.0,1948.0,1924.0,1901.0,1878.0
220912,SAN ANTONIO,1688.0,1714.0,1734.0,1752.0,1770.0,1785.0,1800.0,1816.0,1831.0
220913,SAUCE,7279.0,7050.0,6810.0,6625.0,6459.0,6307.0,6162.0,6017.0,5873.0
220914,SHAPAJA,1978.0,2010.0,2036.0,2059.0,2081.0,2101.0,2120.0,2138.0,2157.0
221000,TOCACHE,75548.0,76100.0,76450.0,76824.0,77170.0,77494.0,77808.0,78120.0,78432.0
221001,TOCACHE,29831.0,30203.0,30496.0,30566.0,30856.0,31137.0,31412.0,31688.0,31964.0
221002,NUEVO PROGRESO,12269.0,12414.0,12525.0,12641.0,12753.0,12859.0,12965.0,13071.0,13177.0
221003,POLVORA,10986.0,11056.0,11095.0,11138.0,11175.0,11209.0,11241.0,11272.0,11303.0
221004,SHUNTE,1334.0,1355.0,1374.0,1392.0,1410.0,1429.0,1447.0,1464.0,1481.0
221005,UCHIZA,21128.0,21072.0,20960.0,14838.0,14758.0,14674.0,14589.0,14503.0,14417.0
221006,SANTA LUCIA,,,,6249.0,6218.0,6186.0,6154.0,6122.0,6090.0
230000,TACNA,354644.0,363205.0,370974.0,377842.0,384222.0,390279.0,396180.0,402089.0,407996.0
230100,TACNA,329914.0,338421.0,346192.0,352781.0,358935.0,364799.0,370526.0,376260.0,381995.0
230101,TACNA,101639.0,103125.0,104314.0,105248.0,106071.0,106816.0,107519.0,108210.0,108892.0
230102,ALTO DE LA ALIANZA,35272.0,35319.0,35258.0,35035.0,34733.0,34376.0,33984.0,33577.0,33156.0
230103,CALANA,3278.0,3355.0,3424.0,3478.0,3526.0,3568.0,3607.0,3645.0,3682.0
230104,CIUDAD NUEVA,33044.0,32991.0,32834.0,32530.0,32153.0,31726.0,31269.0,30801.0,30321.0
230105,INCLAN,2865.0,2779.0,2688.0,2586.0,2484.0,2382.0,2282.0,2185.0,2091.0
230106,PACHIA,2218.0,2251.0,2277.0,2291.0,2304.0,2316.0,2328.0,2339.0,2351.0
230107,PALCA,2065.0,2150.0,2232.0,2309.0,2384.0,2461.0,2540.0,2623.0,2708.0
230108,POCOLLAY,19008.0,19240.0,19415.0,19447.0,19471.0,19491.0,19507.0,19522.0,19535.0
230109,SAMA,3435.0,3564.0,3686.0,3794.0,3897.0,3995.0,4093.0,4190.0,4287.0
230110,CORONEL GREGORIO ALBARRACIN LANCHIPA,120575.0,127017.0,133338.0,139270.0,145066.0,150781.0,156475.0,162215.0,167992.0
230111,LA YARADA LOS PALOS,6515.0,6630.0,6726.0,6793.0,6846.0,6887.0,6922.0,6953.0,6980.0
230200,CANDARAVE,6378.0,6242.0,6093.0,6083.0,6062.0,6037.0,6007.0,5978.0,5948.0
230201,CANDARAVE,2473.0,2420.0,2359.0,2353.0,2343.0,2331.0,2318.0,2306.0,2293.0
230202,CAIRANI,1022.0,997.0,970.0,965.0,959.0,952.0,944.0,936.0,928.0
230203,CAMILACA,1200.0,1161.0,1120.0,1105.0,1088.0,1071.0,1052.0,1034.0,1016.0
230204,CURIBAYA,420.0,449.0,479.0,517.0,554.0,590.0,626.0,661.0,695.0
230205,HUANUARA,524.0,503.0,480.0,470.0,457.0,445.0,433.0,420.0,409.0
230206,QUILAHUANI,739.0,712.0,685.0,673.0,661.0,648.0,634.0,621.0,607.0
230300,JORGE BASADRE,12013.0,12295.0,12549.0,12849.0,13115.0,13359.0,13592.0,13825.0,14058.0
230301,LOCUMBA,2567.0,2620.0,2669.0,2732.0,2784.0,2831.0,2875.0,2918.0,2961.0
230302,ILABAYA,6225.0,6452.0,6663.0,6909.0,7133.0,7342.0,7544.0,7747.0,7950.0
230303,ITE,3221.0,3223.0,3217.0,3208.0,3198.0,3186.0,3173.0,3160.0,3147.0
230400,TARATA,6339.0,6247.0,6140.0,6129.0,6110.0,6084.0,6055.0,6026.0,5995.0
230401,TARATA,3593.0,3593.0,3585.0,3583.0,3578.0,3572.0,3563.0,3556.0,3549.0
230402,HÉROES ALBARRACÍN,326.0,310.0,295.0,294.0,292.0,289.0,287.0,283.0,279.0
230403,ESTIQUE,250.0,234.0,219.0,218.0,218.0,212.0,209.0,207.0,202.0
230404,ESTIQUE-PAMPA,333.0,332.0,325.0,322.0,319.0,317.0,314.0,311.0,309.0
230405,SITAJARA,363.0,348.0,334.0,333.0,332.0,330.0,327.0,324.0,321.0
230406,SUSAPAYA,532.0,510.0,488.0,488.0,484.0,482.0,477.0,473.0,468.0
230407,TARUCACHI,329.0,322.0,312.0,309.0,306.0,302.0,300.0,296.0,293.0
230408,TICACO,613.0,598.0,582.0,582.0,581.0,580.0,578.0,576.0,574.0
240000,TUMBES,241321.0,246699.0,251521.0,255712.0,259556.0,263164.0,266653.0,270134.0,273604.0
240100,TUMBES,165555.0,168659.0,171356.0,173641.0,175684.0,177554.0,179326.0,181067.0,182773.0
240101,TUMBES,109787.0,111761.0,113458.0,115148.0,116717.0,118196.0,119620.0,121016.0,122386.0
240102,CORRALES,24746.0,25242.0,25679.0,25929.0,26120.0,26269.0,26396.0,26518.0,26634.0
240103,LA CRUZ,10167.0,10434.0,10679.0,10849.0,10995.0,11126.0,11251.0,11376.0,11502.0
240104,PAMPAS DE HOSPITAL,7326.0,7460.0,7578.0,7643.0,7691.0,7728.0,7760.0,7792.0,7824.0
240105,SAN JACINTO,8816.0,8936.0,9035.0,9078.0,9112.0,9140.0,9164.0,9188.0,9211.0
240106,SAN JUAN DE LA VIRGEN,4713.0,4826.0,4927.0,4994.0,5049.0,5095.0,5135.0,5177.0,5216.0
240200,CONTRALMIRANTE VILLAR,22692.0,23431.0,24127.0,24759.0,25361.0,25946.0,26527.0,27118.0,27719.0
240201,ZORRITOS,13115.0,13476.0,13807.0,14099.0,14369.0,14626.0,14875.0,15127.0,15378.0
240202,CASITAS,2609.0,2658.0,2700.0,2737.0,2772.0,2805.0,2837.0,2867.0,2898.0
240203,CANOAS DE PUNTA SAL,6968.0,7297.0,7620.0,7923.0,8220.0,8515.0,8815.0,9124.0,9443.0
240300,ZARUMILLA,53074.0,54609.0,56038.0,57312.0,58511.0,59664.0,60800.0,61949.0,63112.0
240301,ZARUMILLA,24067.0,24756.0,25390.0,26050.0,26665.0,27251.0,27829.0,28414.0,29008.0
240302,AGUAS VERDES,18615.0,18931.0,19195.0,19512.0,19806.0,20084.0,20356.0,20632.0,20911.0
240303,MATAPALO,3677.0,3991.0,4320.0,4505.0,4686.0,4868.0,5049.0,5231.0,5414.0
240304,PAPAYAL,6715.0,6931.0,7133.0,7245.0,7354.0,7461.0,7566.0,7672.0,7779.0
250000,UCAYALI,558767.0,574509.0,589110.0,602400.0,615024.0,627233.0,639279.0,651416.0,663630.0
250100,CORONEL PORTILLO,425956.0,437302.0,447733.0,457311.0,466369.0,475099.0,483691.0,492341.0,501037.0
250101,CALLERIA,165393.0,168924.0,172052.0,174981.0,177751.0,180420.0,183046.0,185692.0,188351.0
250102,CAMPOVERDE,18426.0,19029.0,19598.0,20113.0,20601.0,21071.0,21533.0,21999.0,22467.0
250103,IPARIA,12052.0,12217.0,12350.0,12481.0,12605.0,12724.0,12842.0,12960.0,13079.0
250104,MASISEA,11880.0,11937.0,11961.0,11997.0,12030.0,12063.0,12095.0,12127.0,12159.0
250105,YARINACOCHA,112352.0,115625.0,118666.0,121443.0,124069.0,126600.0,129092.0,131600.0,134121.0
250106,NUEVA REQUENA,5624.0,5690.0,5742.0,5794.0,5843.0,5891.0,5937.0,5984.0,6032.0
250107,MANANTAY,100229.0,103880.0,107364.0,110502.0,113470.0,116330.0,119146.0,121979.0,124828.0
250200,ATALAYA,57633.0,59396.0,61049.0,62480.0,63844.0,65165.0,66472.0,67789.0,69115.0
250201,RAIMONDI,37423.0,38611.0,39732.0,40699.0,41621.0,42514.0,43398.0,44287.0,45184.0
250202,SEPAHUA,7963.0,8123.0,8264.0,8390.0,8510.0,8627.0,8742.0,8858.0,8975.0
250203,TAHUANIA,9969.0,10303.0,10618.0,10890.0,11149.0,11400.0,11648.0,11899.0,12150.0
250204,YURUA,2278.0,2359.0,2435.0,2501.0,2564.0,2624.0,2684.0,2745.0,2806.0
250300,PADRE ABAD,71835.0,74494.0,77044.0,79328.0,81541.0,83712.0,85876.0,88064.0,90276.0
250301,PADRE ABAD,35675.0,36918.0,38100.0,29520.0,30297.0,31059.0,31818.0,32586.0,33363.0
250302,IRAZOLA,11230.0,11656.0,12065.0,12431.0,12786.0,13133.0,13480.0,13832.0,14188.0
250303,CURIMANA,9377.0,9803.0,10219.0,10588.0,10946.0,11297.0,11647.0,12000.0,12356.0
250304,NESHUYA,9650.0,10080.0,10501.0,10874.0,11236.0,11590.0,11944.0,12301.0,12661.0
250305,ALEXANDER VON HUMBOLDT,5903.0,6037.0,6159.0,6272.0,6380.0,6487.0,6593.0,6701.0,6811.0
250306,HUIPOCA,,,,4434.0,4550.0,4665.0,4779.0,4894.0,5010.0
250307,BOQUERON,,,,5209.0,5346.0,5481.0,5615.0,5750.0,5887.0
250400,PURÚS,3343.0,3317.0,3284.0,3281.0,3270.0,3257.0,3240.0,3222.0,3202.0
250401,PURÚS,3343.0,3317.0,3284.0,3281.0,3270.0,3257.0,3240.0,3222.0,3202.0
