experiment,target,horizon,role,scope,model,n,MAE,RMSE,MSE,ACC,CRPS,RPS,cov50,cov90,width50,width90,brier_frost,frost_rate,murphy_r,murphy_cond_bias,murphy_uncond_bias,msss_sample,MSSS_clim,CRPSS_clim,RPSS_clim,BSS_frost_clim,MSSS_damp,CRPSS_damp,RPSS_damp,BSS_frost_damp
loso,TT_mean,W1,blind,pooled,Chronos,506.0,0.6796660277641163,0.8498252503751805,0.7222029561752383,0.6870847914838815,0.6165155193096856,0.37217990293846775,0.08102766798418973,0.21936758893280633,0.20676801879127665,0.48797632052751555,,,0.6870847914838815,0.00027771481998949946,0.012816220421033262,0.45899157544742614,0.487867527769124,0.12601599768859573,0.20556506248036632,,0.3302465686467172,-0.008893935458079927,0.05721913263269851,
loso,TT_mean,W1,blind,pooled,Clim,506.0,0.9387503872885911,1.187513277436896,1.410187784088918,,0.7054082428044472,0.4684838057355322,0.3774703557312253,0.7727272727272727,1.1728527593455875,2.8505723945454675,,,0.0,0.0,0.056383755937038,-0.056383755937038,0.0,0.0,0.0,,-0.30777380398435117,-0.15436201668438176,-0.18673137703488996,
loso,TT_mean,W1,blind,pooled,Damp,506.0,0.8225594492387366,1.0384178795562584,1.078311692582116,0.4917417050571791,0.6110806078240146,0.3947681967473241,0.40711462450592883,0.8142292490118577,1.1157794067075129,2.7210106623035197,,,0.4917417050571791,0.02490304641038882,0.024679389324626808,0.1922274687575261,0.23534177167845616,0.13372063048968663,0.1573493215469266,,0.0,0.0,0.0,
loso,TT_mean,W1,blind,pooled,Ensemble,506.0,0.6563237115614733,0.8417611640543334,0.7085618573101065,0.7226267080233201,0.5061337952034356,0.31923483558712806,0.33201581027667987,0.7252964426877471,0.7069285411431985,1.7959280857357367,,,0.7226267080233201,0.047518442005280326,0.005460677616671107,0.4692102395266692,0.4975407776859391,0.2824952070431851,0.3185787178151853,,0.3428969914873219,0.1717397202216614,0.19133598345193437,
loso,TT_mean,W1,blind,pooled,GBM_L,506.0,0.7534761250668642,0.9508989711049124,0.9042088532483811,0.6078280777132613,0.558459252620917,0.3635930439999139,0.4189723320158103,0.7786561264822134,0.9874249378016922,2.2862529255934056,,,0.6078280777132613,0.029256321118930468,0.017549252980479695,0.3226493979571883,0.3588025201675077,0.20831765390111467,0.2238941035986015,,0.16145873269428213,0.08611197038386809,0.07897078083867082,
loso,TT_mean,W1,blind,pooled,GBM_L@elev,506.0,0.7544235755483545,0.9519017347157094,0.9061169125547767,0.599176166512191,0.5577420134053568,0.36346381246886933,0.4209486166007905,0.7747035573122529,1.000197822406652,2.3196417700254113,,,0.599176166512191,0.02189836397363658,0.01589366016602885,0.32122005437657936,0.357449466816795,0.209334425710739,0.2241699541818285,,0.1596892449668269,0.0872856931405338,0.07929814138115965,
loso,TT_mean,W1,blind,pooled,GBM_L@none,506.0,0.7370646216331923,0.9286557809067442,0.8624015594115148,0.6259884247834696,0.5545348030069042,0.3614206823273823,0.3893280632411067,0.7747035573122529,0.9400923997304746,2.254215173543189,,,0.6259884247834696,0.025120656938633648,0.01277325091891487,0.3539676001053411,0.38844913483016186,0.21388102752772642,0.2285311084340641,,0.2002297987269197,0.0925341175830523,0.08447365997237677,
loso,TT_mean,W1,blind,pooled,GBM_LG,506.0,0.7163894185445865,0.92559456082713,0.8567252910327677,0.6033244801308406,0.5434331937993427,0.3571021415541362,0.36363636363636365,0.7806324110671937,0.8270308577920971,2.088613836757272,,,0.6033244801308406,0.005355052172285171,0.00042563475307738635,0.3582197413997865,0.3924743210094722,0.2296188776603325,0.23774923021410266,,0.20549383176838165,0.11070129400040407,0.09541309432607725,
loso,TT_mean,W1,blind,pooled,GBM_LG@elev,506.0,0.7194833779197148,0.9251054540145638,0.8558201010474923,0.6038787127008871,0.5435081852993286,0.35687188664268105,0.36363636363636365,0.7766798418972332,0.8262165738945559,2.1143035223984707,,,0.6038787127008871,0.005448621838540553,0.0003230508384997272,0.3588978269762403,0.39311621423496224,0.2295125682986957,0.23824071979951889,,0.2063332829136325,0.11057857451131259,0.09599636043857651,
loso,TT_mean,W1,blind,pooled,GBM_LG@none,506.0,0.7186305800186524,0.9256798913958024,0.8568832613345445,0.6044586672397524,0.5462884373108388,0.35902470014203225,0.35968379446640314,0.7687747035573123,0.8033207979814543,2.069502025863254,,,0.6044586672397524,0.006405548707547764,0.0008633272009653949,0.3581014044927445,0.39236230025340046,0.225571230725921,0.23364544142917865,,0.20534733395808846,0.10602884412237046,0.09054299941028399,
loso,TT_mean,W1,blind,pooled,LSTM_LG,506.0,0.688281258280617,0.8789808384720577,0.7726073144010415,0.6896558435117492,0.5147826680508747,0.3382845105423383,0.46047430830039526,0.8557312252964426,1.0079381600272632,2.6038899847523496,,,0.6896558435117492,0.04576896813088766,0.008622975679886643,0.4212332386791281,0.4521245162393738,0.2702344021324651,0.2779163198368778,,0.2835027944925992,0.1575863127387489,0.14308063990559694,
loso,TT_mean,W1,blind,pooled,LSTM_LG@elev,506.0,0.6963177335664452,0.8856907070174447,0.784448028497061,0.6760785628565842,0.5257415412635338,0.33840208890265255,0.45454545454545453,0.83399209486166,1.0293455127324806,2.7152283956175265,,,0.6760785628565842,0.04054407735098984,0.0041748875415101375,0.41236325826172426,0.4437279649221537,0.2546988972323656,0.27766534347681004,,0.2725220046361285,0.13965271597206008,0.1427827983842106,
loso,TT_mean,W1,blind,pooled,LSTM_LG@none,506.0,0.7160990564025286,0.909836148306669,0.8278018167655151,0.6513154824351708,0.5374177879488616,0.35737285447154743,0.4051383399209486,0.8181818181818182,0.977061881407683,2.597086331472095,,,0.6513154824351708,0.0400512541180048,0.004274039662060456,0.379886563879694,0.4129846917512946,0.23814643019723802,0.23717138117407843,,0.23231675733454393,0.12054517674428833,0.094727342739091,
loso,TT_mean,W2,blind,pooled,Chronos,497.0,0.6609942508505124,0.8202419900630097,0.6727969222625264,0.6405654056743525,0.5854890178729083,0.43078888513892305,0.10865191146881288,0.289738430583501,0.2549651433426561,0.6062465575535921,,,0.6405654056743525,0.0030929434155286904,0.05168194715465592,0.3555491483765632,0.39750121262974736,0.08702906237030661,0.11023835579456476,,0.23960274681914817,-0.027862744582322296,-0.013792401834588741,
loso,TT_mean,W2,blind,pooled,Clim,497.0,0.8462714771254307,1.0567296897237473,1.116677637143647,,0.6413008275958794,0.4841621213326421,0.34004024144869216,0.716297786720322,0.9440533825040393,2.361421367088598,,,0.0,0.0,0.06963012230496514,-0.06963012230496514,0.0,0.0,0.0,,-0.2620726698883231,-0.12584388200890317,-0.13939773470445993,
loso,TT_mean,W2,blind,pooled,Damp,497.0,0.7543672787779677,0.9406362866008408,0.8847966236702189,0.4668180332766968,0.5696178998206857,0.4249281059508384,0.36016096579476864,0.7464788732394366,0.9248161874330553,2.255315604095824,,,0.4668180332766968,0.02509835352282423,0.04033937022852838,0.1524813524409706,0.20765259888839294,0.11177738229953638,0.12234334899798394,,0.0,0.0,0.0,
loso,TT_mean,W2,blind,pooled,Ensemble,497.0,0.5962962549366766,0.7555456089028847,0.5708491671324308,0.734128269364416,0.4649613494436248,0.3159151186338983,0.32595573440643866,0.6438631790744467,0.6003126521001596,1.4898819787475435,,,0.734128269364416,0.06868524008658801,0.017057403392584068,0.45320167240082054,0.488796812845104,0.27497154309517924,0.34750137461321606,,0.3548244287320004,0.1837311475113519,0.2565445443365242,
loso,TT_mean,W2,blind,pooled,GBM_L,497.0,0.7384436108032436,0.9138469022797238,0.835116160806247,0.49822952274947707,0.5485171837064632,0.40670600965824094,0.33400402414486924,0.6659959758551308,0.7998549423339799,1.7539088290992333,,,0.49822952274947707,0.010203887946333376,0.03796007589497697,0.20006869349786136,0.25214212855341767,0.14468037447767723,0.15997970155369745,,0.05614901948641349,0.03704363244354669,0.04288277484451841,
loso,TT_mean,W2,blind,pooled,GBM_L@elev,497.0,0.7207865048434124,0.8900836651403218,0.7922489309496284,0.5353737733989437,0.5433329529897034,0.40352634548071226,0.34808853118712274,0.6720321931589537,0.8121778387568821,1.7725113374087524,,,0.5353737733989437,0.012020340648968746,0.033474882033410557,0.24112985456104416,0.2905303154667589,0.1527643040372172,0.166547055829114,,0.10459770103630595,0.04614487508074572,0.050365603428929706,
loso,TT_mean,W2,blind,pooled,GBM_L@none,497.0,0.7103366332846871,0.8762017755338848,0.7677295514487322,0.5523520361242686,0.5353690455197496,0.3940322963426502,0.3501006036217304,0.6639839034205232,0.7826771132469508,1.7452678396460088,,,0.5523520361242686,0.010466396114580591,0.030010184503893114,0.2646161911921517,0.3124877530345196,0.16518266859758912,0.1861562914957332,,0.13230958289135597,0.06012601484559654,0.0727083221267616,
loso,TT_mean,W2,blind,pooled,GBM_LG,497.0,0.6456884531512908,0.8265561157632884,0.6831950125056946,0.5966023389862288,0.4959670494650837,0.35440229784782734,0.3319919517102616,0.6579476861167002,0.6259390279795657,1.5502375530612564,,,0.5966023389862288,0.005067828513365046,0.005277375133529895,0.34558914723694417,0.38818958150425487,0.22662340648401424,0.26800903616262794,,0.22785079166358257,0.1292986937011409,0.16597115397956386,
loso,TT_mean,W2,blind,pooled,GBM_LG@elev,497.0,0.6345584978507423,0.8128696816603443,0.6607571193625896,0.6146147251185818,0.49268901693770367,0.3510953286153805,0.323943661971831,0.6579476861167002,0.6221097718659084,1.5602693825024132,,,0.6146147251185818,0.006206269758840191,0.004463296527759333,0.3670816940459904,0.4082830197506757,0.23173494288989838,0.274839329336626,,0.2532101709184791,0.13505348569137143,0.17375357454938478,
loso,TT_mean,W2,blind,pooled,GBM_LG@none,497.0,0.6269567390288397,0.7987061573099785,0.6379315257248721,0.6366719099644175,0.4927185496085348,0.3438155743717449,0.3158953722334004,0.6539235412474849,0.6105564374691763,1.5360138302180815,,,0.6366719099644175,0.011107175395641218,0.00529833866908436,0.3889456068730137,0.4287236490589721,0.23168889169276863,0.2898751074838266,,0.2790077305237981,0.1350016392328237,0.1908853061098239,
loso,TT_mean,W2,blind,pooled,LSTM_LG,497.0,0.5947473647705791,0.7472585040784233,0.558395271917523,0.7351746210036527,0.4450501875612633,0.3169644184864838,0.45875251509054327,0.806841046277666,0.8594805382536931,2.157811596030201,,,0.7351746210036527,0.06437549895264871,0.010975360438598349,0.4651308639766173,0.4999494452617106,0.3060196269671507,0.345334125655992,,0.36889986130231,0.21868644278671012,0.2540751857841226,
loso,TT_mean,W2,blind,pooled,LSTM_LG@elev,497.0,0.5984414564914762,0.7578324638492557,0.5743100432638335,0.7157093574555109,0.4568826656012932,0.31567536603162805,0.4647887323943662,0.778672032193159,0.8248609131655583,2.2213998388056786,,,0.7157093574555109,0.05585493322319413,0.006498342300188719,0.44988660882599746,0.4856975512352313,0.2875688819643918,0.3479965653596757,,0.3509129353573459,0.1979137844068476,0.2571087635512871,
loso,TT_mean,W2,blind,pooled,LSTM_LG@none,497.0,0.6118072275314254,0.7666071079157741,0.5876864579069874,0.7069907087730845,0.4599432315480118,0.3253870480223472,0.40643863179074446,0.7706237424547284,0.786160536515161,2.092142382992705,,,0.7069907087730845,0.05826917070839942,0.004492926459535715,0.4370737651235332,0.47371879013335294,0.2827964478507603,0.3279378256053389,,0.3357948683515438,0.19254076865772518,0.23425388091416932,
loso,TT_mean,W3_4,blind,pooled,Chronos,478.0,0.6068808695449461,0.7739792409294012,0.599043865389652,0.6435442665254294,0.5389247510813737,0.44700863193376866,0.13389121338912133,0.30962343096234307,0.24251960567043,0.578421656516729,,,0.6435442665254294,0.016334817870932328,0.09511649816198925,0.30269790694483134,0.3569646102373075,0.10490199568313652,0.09876912101800339,,0.15034805716313504,-0.047471848271917416,-0.0998299053123679,
loso,TT_mean,W3_4,blind,pooled,Clim,478.0,0.7829079982804298,0.9651879136950188,0.931587708742943,,0.6020846303781894,0.49599790947986183,0.28870292887029286,0.6861924686192469,0.7463709912242392,1.9254751842089144,,,0.0,0.0,0.08439147231461455,-0.08439147231461455,0.0,0.0,0.0,,-0.3213144351983843,-0.17023146428680191,-0.22036420517981248,
loso,TT_mean,W3_4,blind,pooled,Damp,478.0,0.6678602444215609,0.8396702866682653,0.7050461903135667,0.513901107308983,0.514500463158483,0.40643433114033356,0.3389121338912134,0.7133891213389121,0.7380940931771443,1.7999632232365828,,,0.513901107308983,0.03157985400119523,0.05320595361735638,0.1793085404748472,0.2431778739707341,0.1454681996527496,0.18057249159265798,,0.0,0.0,0.0,
loso,TT_mean,W3_4,blind,pooled,Ensemble,478.0,0.5274307887881416,0.6624466744169732,0.4388355964461073,0.7880302390347748,0.4153058294356451,0.29761856840164586,0.25523012552301255,0.5941422594142259,0.44342199907831176,1.1334255512583082,,,0.7880302390347748,0.10230457233272007,0.029502732682071788,0.4891843526184125,0.5289379708130122,0.31022017756078946,0.3999600346829092,,0.37757894096139033,0.19279794835147246,0.26773270464968624,
loso,TT_mean,W3_4,blind,pooled,GBM_L,478.0,0.6461834866899575,0.8096746551256861,0.6555730471528989,0.5484467043797803,0.4951139582277333,0.3954902241702247,0.26778242677824265,0.5920502092050209,0.5233772708792074,1.2869508249747608,,,0.5484467043797803,0.017847599715739404,0.046049667126141995,0.2368965207031607,0.2962841383582553,0.1776671696191019,0.2026373163851366,,0.07017007373469364,0.03768024777225132,0.026927122370305034,
loso,TT_mean,W3_4,blind,pooled,GBM_L@elev,478.0,0.6342812084234113,0.7921841712107696,0.6275557611168938,0.5761012380550077,0.4921455875750241,0.3954173584779516,0.2824267782426778,0.5962343096234309,0.5353996134952668,1.288409215875187,,,0.5761012380550077,0.02129428203970876,0.04108900967152611,0.2695093447772778,0.3263589083161057,0.182597324788226,0.20278422364196258,,0.10990830141527219,0.0434496704749765,0.027106402728016565,
loso,TT_mean,W3_4,blind,pooled,GBM_L@none,478.0,0.6234312805951795,0.782251496350228,0.6119174035421706,0.5935314435714947,0.4869353827958635,0.3931593157936413,0.27405857740585776,0.5962343096234309,0.5214972836267993,1.280228215301488,,,0.5935314435714947,0.023674536442553528,0.04089225260746107,0.2877127854580478,0.34314568794829436,0.19125093346096,0.2073367482416697,,0.13208891566377723,0.05357639562343497,0.03266214079269969,
loso,TT_mean,W3_4,blind,pooled,GBM_LG,478.0,0.5540514097247599,0.6945104036083585,0.48234470072024505,0.6955581870359041,0.43449808104260373,0.3185607774104254,0.2384937238493724,0.5774058577405857,0.4182205347866357,1.0894455618174441,,,0.6955581870359041,0.033427194035366294,0.011835334188406432,0.438538663328901,0.4822337218563062,0.27834384217766683,0.3577376611435913,,0.3158679426297957,0.15549525771998352,0.2162060313245714,
loso,TT_mean,W3_4,blind,pooled,GBM_LG@elev,478.0,0.5466903372922063,0.6836749711118901,0.4674114661248438,0.703409427979742,0.4287203331980615,0.31664755869587413,0.23430962343096234,0.5857740585774058,0.4213326575483379,1.0898242806532517,,,0.703409427979742,0.02967288259836033,0.009190617606614755,0.4559213231658128,0.4982635969343616,0.28794008090064005,0.36159497319669565,,0.3370484479648571,0.16672507821241422,0.22091335688238867,
loso,TT_mean,W3_4,blind,pooled,GBM_LG@none,478.0,0.5385588055171705,0.6725108746249383,0.45227087648879943,0.73029886189742,0.4218487588426594,0.3126451076289395,0.23430962343096234,0.5920502092050209,0.42534096925908726,1.0874643578861083,,,0.73029886189742,0.04495418815665042,0.01483689005815332,0.47354534947386323,0.5145160544259644,0.2993530517832981,0.3696644650038927,,0.35852305465596,0.18008089584028975,0.23076107583788374,
loso,TT_mean,W3_4,blind,pooled,LSTM_LG,478.0,0.5043992475824531,0.6285484859419852,0.3950731991799619,0.7946270967909744,0.3780799537678501,0.27717420475055266,0.3702928870292887,0.7761506276150628,0.6298959388000166,1.6252863017616161,,,0.7946270967909744,0.07745828382951016,0.013849057817623467,0.5401248813073191,0.5759141136446916,0.372048488382164,0.44117868351256373,,0.4396491965948295,0.26515138305834896,0.31803446826727344,
loso,TT_mean,W3_4,blind,pooled,LSTM_LG@elev,478.0,0.504183829769098,0.6345813230408693,0.4026934555523002,0.7750355617915073,0.3866872073376344,0.27355494314724627,0.37656903765690375,0.7824267782426778,0.5802995193999058,1.5771844175071397,,,0.7750355617915073,0.06095073259558793,0.008474677795666435,0.531254711650223,0.5677342543562722,0.35775273470318725,0.44847561266111957,,0.42884103043914934,0.24842204229751663,0.3269393794079042,
loso,TT_mean,W3_4,blind,pooled,LSTM_LG@none,478.0,0.5094703482121857,0.6431302314283723,0.4136164945771118,0.7774119843626849,0.3850621733403856,0.2929666122778276,0.3493723849372385,0.7405857740585774,0.5855617960837034,1.734432982288644,,,0.7774119843626849,0.07804033472540468,0.007789038607061295,0.5185400200982614,0.5560090685017369,0.3604517472925437,0.4093390180110781,,0.41334837311416806,0.25158051175208773,0.27917848018436187,
temporal,TT_max,W1,blind,pooled,Clim,506.0,1.2615477804374382,1.5673642410463666,2.456630664110853,,0.9299611714138332,0.4783519654291327,0.35968379446640314,0.7450592885375494,1.5900584272425182,3.958339082019308,,,0.0,0.0,0.22201385501839982,-0.22201385501839982,0.0,0.0,0.0,,-0.17011326634245671,-0.06808647168676796,-0.05278075418747252,
temporal,TT_max,W1,blind,pooled,Damp,506.0,1.171934198775069,1.4489586191373913,2.099481079972536,0.3255744349650252,0.8706796650510876,0.45436997544500213,0.38735177865612647,0.8043478260869565,1.6147542910248947,3.937842566788713,,,0.3255744349650252,1.702600572775254e-10,0.1503538960594889,-0.04435518352695354,0.14538187988774565,0.06374621670775671,0.05013461157751531,,0.0,0.0,0.0,
temporal,TT_max,W1,blind,pooled,GBM_LG,506.0,1.0131467473030513,1.2911867091106888,1.6671631177840902,0.4743204832330158,0.752573430319999,0.3646521483883377,0.34782608695652173,0.7569169960474308,1.1652166546283638,2.984561722276891,,,0.4743204832330158,0.002082566969108985,0.052202490458168584,0.17069486338712403,0.32136191974649186,0.19074747048218055,0.23769070738278286,,0.20591657925019324,0.13564832104372015,0.19745544799432746,
temporal,TT_max,W1,blind,pooled,Pers,506.0,1.2538200821193446,1.5449584184907508,2.386896514865442,0.33800074285586995,,,,,,,,,0.33800074285586995,0.22870604611184753,0.07286411077522413,-0.18732565471595175,0.028386094118323935,,,,-0.13689832103496036,,,
temporal,TT_max,W1,blind,pooled,Ridge_LG,506.0,0.9753713955314665,1.2364735380490546,1.528866810295547,0.5514939195092107,0.7297182782973415,0.3657056064135092,0.4288537549407115,0.8280632411067194,1.409927818781778,3.4383396977223777,,,0.5514939195092107,0.00736810133801403,0.057289167165154184,0.23948827475246354,0.37765703545473683,0.2153239288604487,0.23548844189354956,,0.2717882409706943,0.1618981037595213,0.19513694527165137,
temporal,TT_max,W1,dev,pooled,Clim,760.0,1.0172252416097565,1.3190985852018884,1.7400210774816234,,0.7627171220479928,0.4552516655601051,0.45394736842105265,0.8486842105263158,1.6065224608141804,3.992700122192679,,,0.0,0.0,0.0057722727009999475,-0.0057722727009999475,0.0,0.0,0.0,,-0.03593342314317671,-0.014824576525021005,-0.02632807996815556,
temporal,TT_max,W1,dev,pooled,Damp,760.0,1.0035749411991872,1.2960188908871044,1.6796649655362401,0.19729057597135427,0.7515753359656516,0.4435732339840399,0.47368421052631576,0.8671052631578947,1.5992864370150346,3.9001216737243927,,,0.19729057597135427,0.009742385226468218,6.623553825204135e-05,0.02911495060238845,0.03468700047745288,0.014608018831967606,0.025652693794534498,,0.0,0.0,0.0,
temporal,TT_max,W1,dev,pooled,GBM_LG,760.0,0.9652994522654242,1.2472984786688261,1.5557534948895684,0.34820070105491896,0.7313215577919018,0.44375268483775787,0.3592105263157895,0.7407894736842106,1.1014053568584383,2.7437752751599263,,,0.34820070105491896,0.012169560226379588,0.00833553244434397,0.10073863554441348,0.10589962672104525,0.041162789386175014,0.02525851433887627,,0.07377153967554029,0.026948433782392645,-0.0004045574438884536,
temporal,TT_max,W1,dev,pooled,Pers,760.0,1.1359974454991404,1.451880862767925,2.107958039671734,0.19636014153600076,,,,,,,,,0.19636014153600076,0.24489379839921604,0.012111820863578362,-0.21844831407875617,-0.21145546278245964,,,,-0.25498720454573487,,,
temporal,TT_max,W1,dev,pooled,Ridge_LG,760.0,0.9442076042836182,1.2075844287121955,1.4582601524681595,0.4033029477166809,0.7095474701122839,0.42668740480534584,0.4513157894736842,0.8421052631578947,1.4278198184290674,3.4819722665953456,,,0.4033029477166809,0.00024139788798561502,0.00531983604785022,0.15709203370112804,0.16192960456620642,0.06971084088546697,0.06274389072166509,,0.13181486642331453,0.05591969805577601,0.038067736925942786,
temporal,TT_max,W2,blind,pooled,Clim,497.0,1.113591406475501,1.3687576964459371,1.873497631579988,,0.8236599304757609,0.4780525465536298,0.3501006036217304,0.7122736418511066,1.312603235582315,3.3510619761462017,,,0.0,0.0,0.310074502805326,-0.310074502805326,0.0,0.0,0.0,,-0.1585366264616035,-0.06483934727721974,-0.033627944021823675,
temporal,TT_max,W2,blind,pooled,Damp,497.0,1.0460062137852835,1.2716619889366108,1.6171242141062165,0.31923836362362795,0.7735062876685095,0.462499634726919,0.34004024144869216,0.7806841046277666,1.3482885246948508,3.288022192829264,,,0.31923836362362795,0.000861571732850115,0.23185267075418833,-0.13080110967794675,0.1368421358811981,0.06089120151599681,0.03253389598870371,,0.0,0.0,0.0,
temporal,TT_max,W2,blind,pooled,GBM_LG,497.0,0.9117120719262376,1.1462456239688938,1.313879030467839,0.44423726168099703,0.6916080566376817,0.3754546581495262,0.28772635814889336,0.6639839034205232,0.8750681525065603,2.318362981351335,,,0.44423726168099703,0.017502171952603948,0.09859642410194736,0.08124814861127932,0.29870259330950033,0.16032329478721108,0.21461634111929928,,0.18752126830651727,0.10587920529732742,0.18820550340280406,
temporal,TT_max,W2,blind,pooled,Pers,497.0,1.144066837548633,1.3980727786775453,1.9546074944791525,0.3495797056126961,,,,,,,,,0.3495797056126961,0.38863360218894555,0.10036429720860887,-0.3667919288212952,-0.043293282858736015,,,,-0.20869348033321145,,,
temporal,TT_max,W2,blind,pooled,Ridge_LG,497.0,0.894883574308348,1.1237644091388435,1.262846447247174,0.49291294819033177,0.6654973785669982,0.3714204230587778,0.36619718309859156,0.7746478873239436,1.1540002780053502,2.814218511183642,,,0.49291294819033177,0.002074018857245772,0.123955621058965,0.1169335345774739,0.3259417967973782,0.19202409399399245,0.2230552357969493,,0.2190788832228645,0.13963546363284263,0.1969281807582801,
temporal,TT_max,W2,dev,pooled,Clim,749.0,0.8190697453643234,1.0733195093008245,1.1520147690457627,,0.6183855283755536,0.4455505438294674,0.4753004005340454,0.8451268357810414,1.3361623082508258,3.3326362559021283,,,0.0,0.0,0.008552255858628417,-0.008552255858628417,0.0,0.0,0.0,,-0.02298262609559787,-0.0016769249868739955,-0.011663597930168912,
temporal,TT_max,W2,dev,pooled,Damp,749.0,0.8279260762013242,1.0611942655264597,1.1261332691862422,0.18393553303804513,0.6173502782682719,0.4404137351003332,0.47930574098798395,0.8664886515353805,1.341059927587016,3.270394075940143,,,0.18393553303804513,0.018047075065193267,0.0016790319191031578,0.014106173329693368,0.022466291713394204,0.001674117617210591,0.011529126830333913,,0.0,0.0,0.0,
temporal,TT_max,W2,dev,pooled,GBM_LG,749.0,0.838773426514581,1.0725839890621445,1.1504364135924625,0.25570854295169926,0.6272554521405923,0.46571896630123016,0.2923898531375167,0.7343124165554072,0.8194682260383872,2.1738601196681278,,,0.25570854295169926,0.05440009718328313,0.01815721766147749,-0.007170455906279603,0.0013700826549364331,-0.014343679400679488,-0.04526629526342174,,-0.021581055343282918,-0.016044657661943962,-0.05745786106133144,
temporal,TT_max,W2,dev,pooled,Pers,749.0,1.0097716573777418,1.286048636330951,1.6539210950086982,0.1695516756854217,,,,,,,,,0.1695516756854217,0.46103896691055923,0.015664069846349427,-0.44795526602917424,-0.43567698908814734,,,,-0.468672616522414,,,
temporal,TT_max,W2,dev,pooled,Ridge_LG,749.0,0.7939253919627932,1.0156165530605326,1.0314769828505574,0.33651237491119124,0.5973361288261229,0.4323843889831612,0.41388518024032045,0.7983978638184246,1.1144813745074096,2.7178451983818332,,,0.33651237491119124,0.007510424887380924,0.00875541495145052,0.09697473862953869,0.10463215354005329,0.03403928226575048,0.02955030586012586,,0.08405424910684378,0.032419438601843265,0.018231370816223058,
temporal,TT_max,W3_4,blind,pooled,Clim,478.0,0.9771916901698582,1.193472766541532,1.424377244476298,,0.7294683571830313,0.496150599552488,0.28870292887029286,0.6715481171548117,1.0285227849750727,2.805975489069608,,,0.0,0.0,0.4490411619666339,-0.4490411619666339,0.0,0.0,0.0,,-0.19793033551213113,-0.09130704152433622,-0.08239426693879448,
temporal,TT_max,W3_4,blind,pooled,Damp,478.0,0.8906537355267133,1.0904273402874038,1.1890317844462617,0.37817784471475474,0.6684354901294423,0.45838250876521275,0.3577405857740586,0.7426778242677824,1.1007346831768032,2.68432164215099,,,0.37817784471475474,0.0002391679540500408,0.35239987318003696,-0.20962055890098985,0.16522691649470023,0.08366760045532062,0.07612223147838748,,0.0,0.0,0.0,
temporal,TT_max,W3_4,blind,pooled,GBM_LG,478.0,0.8065096059870995,1.0024204268470922,1.0048467121603064,0.470005181906345,0.6127527301653161,0.3913630058309912,0.27615062761506276,0.5815899581589958,0.7156457420626641,1.7447477059082876,,,0.470005181906345,0.014242156280729341,0.2289089300814632,-0.02224621534337609,0.29453610968788035,0.16000094571398948,0.21120118330202942,,0.1549034051867093,0.0833031171838936,0.1462086830380116,
temporal,TT_max,W3_4,blind,pooled,Pers,478.0,1.0160191058252592,1.2439355528701814,1.5473756596944441,0.41600545045821785,,,,,,,,,0.41600545045821785,0.5938068772554028,0.15342302358393492,-0.574169366028393,-0.08635241520119141,,,,-0.301374513226377,,,
temporal,TT_max,W3_4,blind,pooled,Ridge_LG,478.0,0.7645821206204216,0.9472291442524182,0.8972430517211686,0.5419847465573983,0.5701444695784899,0.37992176627751806,0.3117154811715481,0.7301255230125523,0.9116052426091441,2.2230985533877083,,,0.5419847465573983,0.0003395999265886368,0.20618720073599955,0.08722066483829899,0.37008046484830026,0.2184109646918727,0.23426119686201063,,0.24540027991007873,0.14704638219002775,0.17116870951086605,
temporal,TT_max,W3_4,dev,pooled,Clim,719.0,0.6439561121130689,0.8619252528536104,0.7429151415067602,,0.4957228274265571,0.45064954812873803,0.4673157162726008,0.8164116828929068,1.0475321045526964,2.7275710816939474,,,0.0,0.0,0.016571896666227284,-0.016571896666227284,0.0,0.0,0.0,,-0.03902621452011967,-0.002495949082541138,0.004954837610582019,
temporal,TT_max,W3_4,dev,pooled,Damp,719.0,0.6551265439457669,0.8455832129406468,0.7150109700070271,0.23014330105958172,0.4944886090365054,0.452893562184239,0.49235048678720444,0.8567454798331016,1.093145258304674,2.6658135877150757,,,0.23014330105958172,0.026889469941525062,0.004465543831935018,0.02161092524914119,0.03756037525785061,0.00248973483117354,-0.004979510275376686,,0.0,0.0,0.0,
temporal,TT_max,W3_4,dev,pooled,GBM_LG,719.0,0.6705117311509897,0.8640045449342084,0.7465038536669686,0.27504998856998547,0.4978836133074001,0.4671280459518007,0.2851182197496523,0.7009735744089013,0.6353046615369269,1.6787201944529486,,,0.27504998856998547,0.07545920957014488,0.021675816735411038,-0.021482530093206775,-0.004830581529042366,-0.004358858945552768,-0.03656610306498109,,-0.04404531536017142,-0.0068656875180801435,-0.031430086351660336,
temporal,TT_max,W3_4,dev,pooled,Pers,719.0,0.9002791038803764,1.135801794383163,1.2900457161240133,0.16162534397292858,,,,,,,,,0.16162534397292858,0.7763302592303608,0.015033429478272515,-0.7652409368942658,-0.7364644278316601,,,,-0.8042320610987754,,,
temporal,TT_max,W3_4,dev,pooled,Ridge_LG,719.0,0.6540220123712306,0.8320169833366287,0.6922522605605838,0.3171364754609088,0.503635564769097,0.47309779868345353,0.3616133518776078,0.7232267037552156,0.8036749456144139,1.959892863138552,,,0.3171364754609088,0.030512196485945657,0.017310420864353058,0.052752926717468895,0.06819470773394576,-0.015962019307477204,-0.04981309899883146,,0.03182987450698793,-0.01849780877746432,-0.0446114455718305,
temporal,TT_mean,W1,blind,pooled,CFS_BC,506.0,0.5518241326849378,0.7113727905817265,0.5060512471800329,0.7880282676437808,0.4129767246680003,0.27013372178846734,0.45849802371541504,0.8517786561264822,0.8224824162995249,2.005757957939107,,,0.7880282676437808,3.231683493199477e-05,4.356045470113019e-05,0.6209126733160251,0.6411461984781139,0.41455642334691944,0.42338727938663734,,0.5307003989094776,0.3241861721998326,0.3157155920506699,
temporal,TT_mean,W1,blind,pooled,Chronos,506.0,0.6796660277641163,0.8498252503751805,0.7222029561752383,0.6870847914838815,0.6165155193096856,0.37217990293846775,0.08102766798418973,0.21936758893280633,0.20676801879127665,0.48797632052751555,,,0.6870847914838815,0.00027771481998949946,0.012816220421033262,0.45899157544742614,0.487867527769124,0.12601599768859573,0.20556506248036632,,0.3302465686467172,-0.008893935458079927,0.05721913263269851,
temporal,TT_mean,W1,blind,pooled,Chronos@abs,506.0,0.6717314237682752,0.8454288215367928,0.7147498922850901,0.6888127811612208,0.5144847739630477,0.3251284621294026,0.4031620553359684,0.7391304347826086,0.8505982637448891,2.0276002133638293,,,0.6888127811612208,0.009506527565494785,0.0003817904369868929,0.46457472948857415,0.49315268480582575,0.2706567023974048,0.30599850379258653,,0.33715835856925924,0.158073800124231,0.17640664874150236,
temporal,TT_mean,W1,blind,pooled,ChronosBolt,506.0,0.7485124789450877,0.9596710435204341,0.9209685117715989,0.5857575517110999,0.5554752157420274,0.3532717980988978,0.5059288537549407,0.8952569169960475,1.2338864011726831,3.0535963203363403,,,0.5857575517110999,0.03184388518982819,0.0011734300882014488,0.3100945941085523,0.3469178203336868,0.21254788073689146,0.24592527260520447,,0.145916233583394,0.09099518356504788,0.10511586037156517,
temporal,TT_mean,W1,blind,pooled,Clim,506.0,0.9387503872885911,1.187513277436896,1.410187784088918,,0.7054082428044472,0.4684838057355322,0.3774703557312253,0.7727272727272727,1.1728527593455875,2.8505723945454675,,,0.0,0.0,0.056383755937038,-0.056383755937038,0.0,0.0,0.0,,-0.30777380398435117,-0.15436201668438176,-0.18673137703488996,
temporal,TT_mean,W1,blind,pooled,Damp,506.0,0.8225594492387366,1.0384178795562584,1.078311692582116,0.4917417050571791,0.6110806078240146,0.3947681967473241,0.40711462450592883,0.8142292490118577,1.1157794067075129,2.7210106623035197,,,0.4917417050571791,0.02490304641038882,0.024679389324626808,0.1922274687575261,0.23534177167845616,0.13372063048968663,0.1573493215469266,,0.0,0.0,0.0,
temporal,TT_mean,W1,blind,pooled,Ensemble,506.0,0.6510938031081732,0.839654710712506,0.705020033221702,0.727317269200002,0.4974446285624851,0.3097467888990624,0.36561264822134387,0.7529644268774703,0.7428291879240635,1.888533700447995,,,0.727317269200002,0.05156060798103957,0.005566351786847611,0.47186345030866095,0.5000523751684635,0.29481313319387126,0.33883138519003553,,0.3461815928811204,0.18595906629433678,0.21537045929431997,
temporal,TT_mean,W1,blind,pooled,GBM_L,506.0,0.7543466699236363,0.9690384153909751,0.9390354505034522,0.5960731893882907,0.5491397591814896,0.3454919141324805,0.38735177865612647,0.7766798418972332,0.9524876338748346,2.210631329229473,,,0.5960731893882907,0.030481758598022206,0.028260993058723264,0.29656049545078356,0.3341060948771897,0.22152914318337258,0.26253178892694307,,0.1291613946475476,0.1013628117951394,0.12482333435381432,
temporal,TT_mean,W1,blind,pooled,GBM_LG,506.0,0.708481707385555,0.9180020891328683,0.8427278356523107,0.6170792157200299,0.5353505006757698,0.3449425845874647,0.3359683794466403,0.7687747035573123,0.7919401489099497,2.040230867677937,,,0.6170792157200299,0.01010500988262596,0.001976393391990518,0.3687053551990307,0.4024002723887068,0.24107705553962555,0.2637043578360292,,0.21847473096176684,0.12392817932467315,0.1262148586699624,
temporal,TT_mean,W1,blind,pooled,GBM_LG@EC,506.0,0.677229489555353,0.8827182325726989,0.7791914781162693,0.6565432438844047,0.52443683580359,0.33528788118119,0.37549407114624506,0.717391304347826,0.8122045508914245,1.9290931088431893,,,0.6565432438844047,0.008431338943666704,0.00631670694013721,0.4163009852064529,0.4474555184012726,0.25654847224549104,0.2843127615590063,,0.27739680142907086,0.14178779511422046,0.1506714979986219,
temporal,TT_mean,W1,blind,pooled,LSTM_LG,506.0,0.6873579259154203,0.8777754617574702,0.7704897612635401,0.69253311142846,0.5129185731022999,0.3371218533259657,0.4150197628458498,0.8379446640316206,0.9535834892273773,2.528131327610242,,,0.69253311142846,0.047618781593007066,0.009163812947563786,0.42281951588421285,0.45362612699036287,0.27287697821176315,0.28039806456772765,,0.28546656169652396,0.16063680219088938,0.14602580424748746,
temporal,TT_mean,W1,blind,pooled,Pers,506.0,0.872199691962248,1.117188578036348,1.248110318894877,0.533334130000333,,,,,,,,,0.533334130000333,0.21932489718191664,9.053461753404939e-05,0.06502986242376144,0.1149332500414153,,,,-0.15746711037340488,,,
temporal,TT_mean,W1,blind,pooled,Ridge_L,506.0,0.7128801077079282,0.917819932879999,0.8423934291918459,0.6682579527750128,0.539718684470247,0.3312402078654905,0.41304347826086957,0.8023715415019763,0.9630835753608514,2.348636891389785,,,0.6682579527750128,0.05993005959077707,0.017682769911474272,0.36895586194479985,0.40263740850932683,0.23488463598820275,0.2929527044260699,,0.2187848513682924,0.11677988540313688,0.16092478929475518,
temporal,TT_mean,W1,blind,pooled,Ridge_LG,506.0,0.6563055591974022,0.8484601883232346,0.7198846911694986,0.7088728029332447,0.49572703828319126,0.313885856472239,0.4209486166007905,0.8122529644268774,0.9279246314305035,2.2628960534296114,,,0.7088728029332447,0.03916134110053911,0.002611102004563141,0.4607282076333326,0.48951146840731186,0.2972480214969415,0.3299963571218226,,0.33239647114864457,0.18876980886627015,0.2048856542687879,
temporal,TT_mean,W1,blind,pooled,Ridge_LG@EC,506.0,0.647067625347546,0.837513906245287,0.7014295431542393,0.7180081291826208,0.48799540778023187,0.3101055879137463,0.43478260869565216,0.8241106719367589,0.9295702058101563,2.2669090558257223,,,0.7180081291826208,0.02815150661261845,0.012831049767023144,0.4745531171926855,0.5025984829336663,0.3082085263986438,0.33806551236734395,,0.3495113259185736,0.20142219940847828,0.2144615739848138,
temporal,TT_mean,W1,dev,pooled,Chronos,760.0,0.6438254329710714,0.8272848660623628,0.6844002496158217,0.4601760826063606,0.5874388890286657,0.5170692398323176,0.08552631578947369,0.22105263157894736,0.1852475076972807,0.4336622115971452,,,0.4601760826063606,0.011076518927598667,0.020499549096113928,0.18018595897922343,0.23654114788175906,-0.0564025203880949,-0.1078039846486687,,0.1345607837960232,-0.12227687355838723,-0.17267383161957972,
temporal,TT_mean,W1,dev,pooled,Chronos@abs,760.0,0.669048115537823,0.8622374705126095,0.7434534555559831,0.44044862681992947,0.5133894463994556,0.42251286755476897,0.3868421052631579,0.7486842105263158,0.8546413886049788,2.047158839276819,,,0.44044862681992947,0.06744305511268323,0.017103310365191093,0.10944862738968718,0.17066640156732482,0.07676199985022036,0.0947799594609462,,0.059886701938406284,0.019191419594733916,0.04177285141791687,
temporal,TT_mean,W1,dev,pooled,ChronosBolt,760.0,0.7249859612438078,0.9102308529939309,0.828520205742059,0.2804918408477723,0.534085929310378,0.4330303267240102,0.4605263157894737,0.9,1.199863552106054,2.9490905543995414,,,0.2804918408477723,0.061234151722856886,0.009890746958984169,0.007550774100330969,0.07577315235102688,0.039543121225382505,0.07224664616649545,,-0.04768208057940071,-0.020348325847265647,0.01792005145848341,
temporal,TT_mean,W1,dev,pooled,Clim,760.0,0.769161556074385,0.9468087484596859,0.8964468061597968,,0.5560748651118854,0.46675156164590076,0.4118421052631579,0.8578947368421053,1.1558704930841672,2.8509267749988165,,,0.0,0.0,0.07381562050944344,-0.07381562050944344,0.0,0.0,0.0,,-0.13357676553593967,-0.06235724726034508,-0.058557152591831585,
temporal,TT_mean,W1,dev,pooled,Damp,760.0,0.7158140964860169,0.8892764558417698,0.7908126149144993,0.28187013038847414,0.5234349052975508,0.4409318481322238,0.4513157894736842,0.8671052631578947,1.1121619189817085,2.7121888265414564,,,0.28187013038847414,0.004970210635650095,0.021761461386985065,0.05271909838258025,0.11783654146509115,0.05869706016611154,0.05531789421899125,,0.0,0.0,0.0,
temporal,TT_mean,W1,dev,pooled,Ensemble,760.0,0.6332523158996518,0.7946828690720968,0.6315208623966594,0.5034316834809983,0.48297986254233943,0.39734655068583713,0.3368421052631579,0.718421052631579,0.7141344079449563,1.797820242786095,,,0.5034316834809983,0.009825472353408221,9.005269151624123e-05,0.2435279348875876,0.29552890583438907,0.13144813253668441,0.14869797267591678,,0.2014279356621822,0.07728762897884,0.09884814996016489,
temporal,TT_mean,W1,dev,pooled,GBM_L,760.0,0.6834296253395128,0.8639800351046654,0.7464615010594589,0.35894050023745006,0.5075704497853523,0.4212252905447891,0.3815789473684211,0.756578947368421,0.8431280058860774,2.0437226367238535,,,0.35894050023745006,0.007936448238548867,0.015056417252492937,0.10584541721966909,0.16731088121429716,0.08722641207092474,0.09753855121678201,,0.05608296202993113,0.030308363755718992,0.04469297845213771,
temporal,TT_mean,W1,dev,pooled,GBM_LG,760.0,0.6700311209119121,0.8336213279645397,0.6949245184373626,0.41191453861914573,0.5045723242433087,0.42221374356693847,0.31973684210526315,0.725,0.7494040992583835,1.8965439006198117,,,0.41191453861914573,0.00022708602914906772,0.0018671175186429907,0.16757938357803165,0.2248011664916475,0.09261799822262085,0.09542082285040265,,0.12125261366436846,0.03603615437820196,0.042451241942660256,
temporal,TT_mean,W1,dev,pooled,GBM_LG@EC,760.0,0.6607533007856147,0.8290201553458868,0.6872744179697182,0.4245605332893842,0.49307599553583276,0.40658997901465366,0.3631578947368421,0.7605263157894737,0.7969108833233508,1.9613507382782458,,,0.4245605332893842,0.0010923923002210628,0.002416139556337418,0.17674311457040784,0.23333496951830557,0.11329206466358988,0.12889422891077218,,0.13092633449704827,0.05799939869210713,0.07788475534947514,
temporal,TT_mean,W1,dev,pooled,LSTM_LG,760.0,0.6560937216899584,0.8135336177856195,0.6618369472673584,0.4716367068525245,0.49072507536025295,0.4081777637918305,0.38552631578947366,0.8223684210526315,0.8879476445687224,2.3290251238761766,,,0.4716367068525245,0.009710028906117144,0.005517572147140489,0.20721358219743652,0.2617108536506044,0.11751976910246387,0.1254924518035293,,0.16309257745096217,0.06249073114201975,0.07428377986108015,
temporal,TT_mean,W1,dev,pooled,Pers,760.0,0.8698883622243786,1.1060859430913683,1.2234261135043216,0.26364006829183906,,,,,,,,,0.26364006829183906,0.5349812229224092,1.5131816795265279e-05,-0.4654902691302789,-0.3647503734719526,,,,-0.5470493141243016,,,
temporal,TT_mean,W1,dev,pooled,Ridge_L,760.0,0.664108539698664,0.8451698349856598,0.7143120499696873,0.40626621492262505,0.4975187893797772,0.4089524125839152,0.44342105263157894,0.8460526315789474,0.9919212734259549,2.418962336939083,,,0.40626621492262505,0.0025620885326324847,0.01813426728446028,0.1443558815704638,0.20317408120437075,0.10530250404381503,0.12383279202788111,,0.09673665227644734,0.04951163106526357,0.07252693513469877,
temporal,TT_mean,W1,dev,pooled,Ridge_LG,760.0,0.6450334993721442,0.8098339916553426,0.6558310940404255,0.4648138269556798,0.4798546607716169,0.39475111028341975,0.4263157894736842,0.825,0.9426554646343032,2.2988196006569535,,,0.4648138269556798,0.00014087145288407284,0.0015032831414385215,0.21440773913486205,0.26841047395787154,0.13706824228592418,0.15425861910046235,,0.170687111369193,0.08325819330134332,0.10473441200590183,
temporal,TT_mean,W1,dev,pooled,Ridge_LG@EC,760.0,0.6404790510499261,0.8060975855242121,0.6497933173879644,0.47719401215599216,0.47631688750222273,0.390625778841772,0.4355263157894737,0.8407894736842105,0.9383521548313624,2.2883252755362298,,,0.47719401215599216,3.85021267222602e-06,0.006070139234659653,0.22164013579020134,0.2751457053301888,0.14343028720353146,0.16309700718662246,,0.1783220131633605,0.09001695782695929,0.11409035093188902,
temporal,TT_mean,W2,blind,pooled,CFS_BC,497.0,0.6088685495780728,0.753920024553191,0.568395403422284,0.7018359923491163,0.45048215965335536,0.32844477188059285,0.38832997987927564,0.8048289738430584,0.8105612087556177,1.97668614263269,,,0.7018359923491163,0.02597125399823268,0.01105045125680276,0.4555520549016334,0.49099419159482394,0.29754938670182074,0.3216223297754929,,0.35759768039741524,0.20915027460484292,0.22705801927210745,
temporal,TT_mean,W2,blind,pooled,Chronos,497.0,0.6609942508505124,0.8202419900630097,0.6727969222625264,0.6405654056743525,0.5854890178729083,0.43078888513892305,0.10865191146881288,0.289738430583501,0.2549651433426561,0.6062465575535921,,,0.6405654056743525,0.0030929434155286904,0.05168194715465592,0.3555491483765632,0.39750121262974736,0.08702906237030661,0.11023835579456476,,0.23960274681914817,-0.027862744582322296,-0.013792401834588741,
temporal,TT_mean,W2,blind,pooled,Chronos@abs,497.0,0.6371765531604139,0.7886690073912773,0.6219988032195427,0.6592472244377723,0.47681824313823873,0.3403105898856036,0.44466800804828976,0.8410462776659959,0.9796929511472637,2.3783866289053157,,,0.6592472244377723,0.02884000467376011,0.0015598413851410893,0.4042070568700053,0.4429916185923135,0.2564827260152712,0.2971143860884684,,0.2970149449266277,0.16291562591635556,0.1991337237528472,
temporal,TT_mean,W2,blind,pooled,ChronosBolt,497.0,0.6620868446776681,0.84821257987217,0.7194645806534025,0.6166502972437726,0.49911290899606087,0.3430766526352775,0.5774647887323944,0.9537223340040242,1.3568944508880676,3.345318344008119,,,0.6166502972437726,0.06576585492979979,0.00364405690912067,0.31084767725191265,0.35570969031517197,0.22171797147503336,0.29140129407280146,,0.1868588086728945,0.12377593970768763,0.19262423965203812,
temporal,TT_mean,W2,blind,pooled,Clim,497.0,0.8462714771254307,1.0567296897237473,1.116677637143647,,0.6413008275958794,0.4841621213326421,0.34004024144869216,0.716297786720322,0.9440533825040393,2.361421367088598,,,0.0,0.0,0.06963012230496514,-0.06963012230496514,0.0,0.0,0.0,,-0.2620726698883231,-0.12584388200890317,-0.13939773470445993,
temporal,TT_mean,W2,blind,pooled,Damp,497.0,0.7543672787779677,0.9406362866008408,0.8847966236702189,0.4668180332766968,0.5696178998206857,0.4249281059508384,0.36016096579476864,0.7464788732394366,0.9248161874330553,2.255315604095824,,,0.4668180332766968,0.02509835352282423,0.04033937022852838,0.1524813524409706,0.20765259888839294,0.11177738229953638,0.12234334899798394,,0.0,0.0,0.0,
temporal,TT_mean,W2,blind,pooled,Ensemble,497.0,0.5811936411648646,0.7424142230849158,0.5511788786387791,0.7486121487288778,0.45019017874851364,0.30125650110346464,0.3561368209255533,0.6861167002012073,0.6244564284632091,1.5452657831013483,,,0.7486121487288778,0.07340460676871825,0.014972324037175038,0.4720432184185742,0.5064118235154764,0.2980046814594094,0.3777776330906166,,0.37705585227886873,0.20966286542218493,0.2910412446610011,
temporal,TT_mean,W2,blind,pooled,GBM_L,497.0,0.7366747446337686,0.9241580126392257,0.8540680323252833,0.5019853498428737,0.5419571718217365,0.38518695231393874,0.33400402414486924,0.6539235412474849,0.7799152825991287,1.7038463464243192,,,0.5019853498428737,0.018220169020483998,0.051853826102159446,0.18191529633422882,0.23517047004728575,0.1549096017021594,0.20442567614805773,,0.03472955312314663,0.04856014533190889,0.09352441761406449,
temporal,TT_mean,W2,blind,pooled,GBM_LG,497.0,0.6328708534478072,0.8126789873046331,0.6604471364064839,0.6228100000117739,0.4894039803656207,0.33936618628850257,0.32796780684104626,0.6559356136820925,0.5977550591359577,1.5436629746302049,,,0.6228100000117739,0.011025061520804322,0.00948861769724448,0.367378616896617,0.4085606137006169,0.23685740091696494,0.29906497981625024,,0.25356051465602625,0.14082057372199175,0.20135622582761048,
temporal,TT_mean,W2,blind,pooled,GBM_LG@EC,497.0,0.6175229125499924,0.7950640224898113,0.6321267998576792,0.6357937483507806,0.4848968362982871,0.33976427502549594,0.2977867203219316,0.647887323943662,0.5597260872642262,1.4433816973685647,,,0.6357937483507806,0.000645202501446349,0.009082718104819903,0.3945057698356695,0.43392185996076893,0.24388552854971746,0.29824275783841836,,0.28556825043527156,0.14873314821930383,0.20041938796864467,
temporal,TT_mean,W2,blind,pooled,LSTM_LG,497.0,0.5942175632476264,0.7489469125958143,0.5609214778868022,0.7368514037325055,0.4433495411527134,0.3130590648209649,0.45271629778672035,0.7987927565392354,0.8415968530357888,2.069926461343554,,,0.7368514037325055,0.06781443170334708,0.012424468147817138,0.4627110913313996,0.4976871934844286,0.3086714969404444,0.3534003363185889,,0.36604473516179614,0.22167203437202598,0.2632658079407345,
temporal,TT_mean,W2,blind,pooled,Pers,497.0,0.8171075878598991,1.0495278427511403,1.1015086927098623,0.5453219115909942,,,,,,,,,0.5453219115909942,0.3521850138636574,0.00029124451699840006,-0.05510027111939973,0.01358399589033188,,,,-0.24492867992725986,,,
temporal,TT_mean,W2,blind,pooled,Ridge_L,497.0,0.6517400296130227,0.832707834772745,0.6934023380919132,0.6504243906528799,0.5023763069438458,0.34509786195937037,0.39235412474849096,0.7082494969818913,0.7835586466263772,1.91083597635297,,,0.6504243906528799,0.06198365793887859,0.025256356500201714,0.33581187351708985,0.3790487827216018,0.2166292552168323,0.28722664009836496,,0.2163144393390477,0.11804683964111262,0.18786764837039027,
temporal,TT_mean,W2,blind,pooled,Ridge_LG,497.0,0.5685880639880221,0.7311930609512197,0.5346432923832141,0.7333472382885035,0.43382392103504663,0.2959975848259465,0.4164989939637827,0.7867203219315896,0.733936203187785,1.7898235281268515,,,0.7333472382885035,0.04494390230094972,0.004972137106614081,0.48788213249781126,0.5212196657302284,0.32352508781039013,0.3886395242750056,,0.3957444252381256,0.2383948587788176,0.3034172588711004,
temporal,TT_mean,W2,blind,pooled,Ridge_LG@EC,497.0,0.5536286320881258,0.7100619260118269,0.5041879387716253,0.750322336838504,0.4207829301798912,0.29110767856135333,0.41448692152917505,0.806841046277666,0.7329627422882847,1.787449584432468,,,0.750322336838504,0.02990451463817707,0.016024743895708734,0.5170543506249077,0.5484928487855376,0.3438603038182093,0.3987392533722217,,0.4301651641930926,0.2612891373105505,0.3149248673255971,
temporal,TT_mean,W2,dev,pooled,Chronos,749.0,0.5396262551863683,0.6905265990197497,0.4768269839537822,0.38822938931269607,0.4788543939210207,0.5186844098431252,0.12416555407209613,0.2817089452603471,0.2107793210013017,0.5003971155016387,,,0.38822938931269607,0.003989696668037363,0.03900086136556864,0.10773150069250294,0.19391695846385548,-0.07061479227502376,-0.13016327992054677,,0.09417918718723828,-0.12139492378153971,-0.17426713456891263,
temporal,TT_mean,W2,dev,pooled,Chronos@abs,749.0,0.5734943953162371,0.7303295772586694,0.5333812914188268,0.35846546369661686,0.43662380220084096,0.4289082101418566,0.5006675567423231,0.8611481975967957,0.9633172364304143,2.337260920295275,,,0.35846546369661686,0.10045138547736025,0.026142562632681283,0.0019035405531890107,0.09831106847124516,0.02380367136678363,0.0654503965033787,,-0.01325615200282515,-0.022498115514784756,0.028980232761020464,
temporal,TT_mean,W2,dev,pooled,ChronosBolt,749.0,0.5919067672435646,0.7464371620804202,0.5571684369346716,0.2930152056307648,0.44820254249544533,0.41893102302734636,0.6141522029372497,0.9559412550066756,1.3022890557275117,3.1771158461430833,,,0.2930152056307648,0.1111700131236772,0.017296352697006804,-0.042608455089844635,0.058098548517186877,-0.0020838860884351273,0.08718972450270346,,-0.05844422275124228,-0.04961354090293679,0.051567923275098626,
temporal,TT_mean,W2,dev,pooled,Clim,749.0,0.6119133584622237,0.7691136514347161,0.591535808823242,,0.4472704817607365,0.458946436376512,0.4552736982643525,0.8491321762349799,0.9419297237227597,2.344871368033663,,,0.0,0.0,0.10691883258964181,-0.10691883258964181,0.0,0.0,0.0,,-0.12373138515176785,-0.04743081440021002,-0.03902432102684017,
temporal,TT_mean,W2,dev,pooled,Damp,749.0,0.5747763727897672,0.7255364983557854,0.5264032104463745,0.2628316759893087,0.42701673047193756,0.44170904096157004,0.4606141522029373,0.8731642189586115,0.9179287710989369,2.238519512352062,,,0.2628316759893087,0.008533863376460409,0.04558526406582729,0.01496136246106125,0.11010761716427186,0.04528300461293022,0.03755862133070509,,0.0,0.0,0.0,
temporal,TT_mean,W2,dev,pooled,Ensemble,749.0,0.5180535044968079,0.6501256882000979,0.4226634104576509,0.4756673688146993,0.3929420486606589,0.3918050649800755,0.32843791722296395,0.7156208277703605,0.5835979283464175,1.4187859168080375,,,0.4756673688146993,0.016900689616794883,0.00027298635685035414,0.2090857697814539,0.28548127745898166,0.12146661878111631,0.14629456963765342,,0.19707288620210983,0.07979706503213457,0.11297929486083647,
temporal,TT_mean,W2,dev,pooled,GBM_L,749.0,0.5664850173476856,0.7197797829957772,0.518082936009448,0.2789105359173229,0.42741300205466154,0.43760539235127377,0.3431241655540721,0.753004005340454,0.6762052284140956,1.6569179556408662,,,0.2789105359173229,0.0295311591049439,0.01772914714663311,0.030530780794111256,0.12417316368372644,0.04439702711411564,0.046500075681446984,,0.015805896073223247,-0.0009280001331235521,0.00929038853577202,
temporal,TT_mean,W2,dev,pooled,GBM_LG,749.0,0.5703699393174705,0.7133689148465372,0.508895208669326,0.2717506384664852,0.42584919961978335,0.44126135270355177,0.31108144192256343,0.7129506008010681,0.5758771019582242,1.4937702701315718,,,0.2717506384664852,0.019075011495870264,0.007049966713331326,0.04772343129774073,0.1397051521163447,0.04789335092408875,0.03853409084639159,,0.03325967894877058,0.002734157162563422,0.0010135365512184968,
temporal,TT_mean,W2,dev,pooled,GBM_LG@EC,749.0,0.5515357412092864,0.703688872455012,0.4951780292170061,0.3328266834555519,0.40933610878730875,0.41940352148327514,0.3377837116154873,0.7570093457943925,0.6078741335218059,1.5652058419126165,,,0.3328266834555519,0.017782516474387392,0.019599208631358174,0.07339187611427658,0.1628942460777193,0.08481304830154301,0.08616019595976665,,0.05931799162640061,0.04140498585403973,0.05049821807979593,
temporal,TT_mean,W2,dev,pooled,LSTM_LG,749.0,0.5199733104439666,0.654444118629098,0.4282971044082169,0.4651475162279338,0.39207379745116583,0.3929007368721012,0.4325767690253672,0.8037383177570093,0.7706920272547587,1.791780808669464,,,0.4651475162279338,0.008846920650146965,0.008971642182173853,0.19854364902069513,0.275957434833506,0.123407840580675,0.14390720630899068,,0.18637064533661662,0.08183036056257786,0.11049876629922839,
temporal,TT_mean,W2,dev,pooled,Pers,749.0,0.8142819349729363,1.0164521440975665,1.03317496124054,0.24414960819681594,,,,,,,,,0.24414960819681594,0.9928732005260357,7.748960420643447e-05,-0.9333416589475834,-0.7465974938962068,,,,-0.9627064211185907,,,
temporal,TT_mean,W2,dev,pooled,Ridge_L,749.0,0.5535565293132612,0.7074186729620545,0.5004411788553943,0.3291590551722976,0.4176904419020784,0.42261904779026555,0.3991989319092123,0.8104138851802403,0.7676669537175724,1.8720814827792722,,,0.3291590551722976,0.012749746471291984,0.0320527960659816,0.06354314106464606,0.1539968140712643,0.0661345674818794,0.07915387441083443,,0.04931966803349319,0.021840569477340588,0.04321847958952085,
temporal,TT_mean,W2,dev,pooled,Ridge_LG,749.0,0.5193923299154869,0.6525289295883712,0.4257940039497454,0.45428493620016025,0.39031449601130114,0.3873086342759575,0.38985313751668893,0.7957276368491322,0.708304583937232,1.7273166303891865,,,0.45428493620016025,0.0005153870331625352,0.0026318089453334576,0.20322760727988767,0.2801889630371003,0.12734125785636685,0.15609185827032768,,0.19112574638615032,0.0859503430230315,0.12315891603030482,
temporal,TT_mean,W2,dev,pooled,Ridge_LG@EC,749.0,0.5101459142622321,0.6482028677383604,0.4201669577442344,0.4809742687901012,0.38589884321654905,0.3835024215179461,0.4032042723631509,0.7957276368491322,0.7000484700770494,1.7071827457631572,,,0.4809742687901012,0.0012268264637481483,0.016352132410439483,0.2137572883639849,0.28970156755161824,0.1372137018803259,0.16438522859925386,,0.20181535863365063,0.09629104510716746,0.13177592950534156,
temporal,TT_mean,W3_4,blind,pooled,CFS_BC,478.0,0.6136257354562702,0.7829962274077067,0.6130830921347011,0.646919258720116,0.4710927054087329,0.3497939081917894,0.3598326359832636,0.7280334728033473,0.6851519580860745,1.6708551637026643,,,0.646919258720116,0.084575874124945,0.0475727584960844,0.28635589468195505,0.341894395577656,0.21756397416618345,0.29476737400242714,,0.1304355649917991,0.08436874377774672,0.1393593469076,
temporal,TT_mean,W3_4,blind,pooled,Chronos,478.0,0.6068808695449461,0.7739792409294012,0.599043865389652,0.6435442665254294,0.5389247510813737,0.44700863193376866,0.13389121338912133,0.30962343096234307,0.24251960567043,0.578421656516729,,,0.6435442665254294,0.016334817870932328,0.09511649816198925,0.30269790694483134,0.3569646102373075,0.10490199568313652,0.09876912101800339,,0.15034805716313504,-0.047471848271917416,-0.0998299053123679,
temporal,TT_mean,W3_4,blind,pooled,Chronos@abs,478.0,0.5408958953699232,0.6967333754410342,0.4854373964534572,0.6986208350244067,0.4091746694552519,0.3126357676167544,0.48535564853556484,0.8619246861924686,0.8794421966299775,2.1487788168983704,,,0.6986208350244067,0.04329902179927314,0.009833361450481954,0.43493868788044426,0.4789139102012283,0.3204033971133996,0.36968329575298786,,0.3114814275678014,0.20471467227967732,0.23078405621003617,
temporal,TT_mean,W3_4,blind,pooled,ChronosBolt,478.0,0.6479264677431646,0.8351762859689604,0.6975194286449068,0.6651604033605474,0.4911805314299773,0.3294747290405727,0.5983263598326359,0.9518828451882845,1.3760867539060664,3.489450039164852,,,0.6651604033605474,0.18903705503687823,0.06533142721139179,0.18806987995049607,0.2512573726567099,0.18420018275262973,0.33573363366373266,,0.010675558242946304,0.04532538529770447,0.18935310381835901,
temporal,TT_mean,W3_4,blind,pooled,Clim,478.0,0.7829079982804298,0.9651879136950188,0.931587708742943,,0.6020846303781894,0.49599790947986183,0.28870292887029286,0.6861924686192469,0.7463709912242392,1.9254751842089144,,,0.0,0.0,0.08439147231461455,-0.08439147231461455,0.0,0.0,0.0,,-0.3213144351983843,-0.17023146428680191,-0.22036420517981248,
temporal,TT_mean,W3_4,blind,pooled,Damp,478.0,0.6678602444215609,0.8396702866682653,0.7050461903135667,0.513901107308983,0.514500463158483,0.40643433114033356,0.3389121338912134,0.7133891213389121,0.7380940931771443,1.7999632232365828,,,0.513901107308983,0.03157985400119523,0.05320595361735638,0.1793085404748472,0.2431778739707341,0.1454681996527496,0.18057249159265798,,0.0,0.0,0.0,
temporal,TT_mean,W3_4,blind,pooled,Ensemble,478.0,0.5088090728197444,0.6455388206571732,0.416720368975454,0.7947821411194573,0.394193275619579,0.2651004613902536,0.27405857740585776,0.6297071129707112,0.46326335091531634,1.1687329228194128,,,0.7947821411194573,0.09076063234405325,0.025990987095325192,0.5149270324030505,0.5526772572624813,0.3452859353477048,0.465521010626322,,0.40894600282838334,0.23383300143278074,0.347740972947682,
temporal,TT_mean,W3_4,blind,pooled,GBM_L,478.0,0.6608143669291345,0.8310939418557817,0.6907171401893815,0.5376961727161763,0.4992880105726669,0.37280227237858726,0.2405857740585774,0.5836820083682008,0.49867908141391937,1.2821594531424267,,,0.5376961727161763,0.023885512706993222,0.06924374702211857,0.1959879144245123,0.25855919554647755,0.17073450245848742,0.2483793474663355,,0.02032356223045817,0.02956742252947231,0.08274905977402247,
temporal,TT_mean,W3_4,blind,pooled,GBM_LG,478.0,0.548443711067218,0.7039910890900899,0.4956034535182509,0.6891564669261893,0.42822151883806014,0.28772965475218526,0.2510460251046025,0.5711297071129707,0.4185767118666548,1.0849062806056788,,,0.6891564669261893,0.03466151024577862,0.01716998333307423,0.4231051423273349,0.4680012962096681,0.2887685597138063,0.41989744462044465,,0.297062433175005,0.16769459018707644,0.29206360608145077,
temporal,TT_mean,W3_4,blind,pooled,GBM_LG@EC,478.0,0.5178822893235464,0.6688928560771857,0.44741765291109475,0.7124679439301518,0.4265089427168993,0.29919546818440007,0.23221757322175732,0.5167364016736402,0.3970703869068307,0.9407323931084398,,,0.7124679439301518,0.002614624119023398,0.025801323493116257,0.47919462351591824,0.519725680457048,0.29161297067325087,0.3967807878501799,,0.36540660873281594,0.17102320938918059,0.26385286561559207,
temporal,TT_mean,W3_4,blind,pooled,LSTM_LG,478.0,0.5010351514740239,0.6298361509862691,0.3966935770891984,0.7938532583550569,0.37453573657948985,0.26671088220911154,0.35564853556485354,0.7510460251046025,0.6002142939026853,1.5597458853382447,,,0.7938532583550569,0.07789521540843931,0.014069059636907721,0.5382387207555936,0.5741747412871248,0.37793506480271466,0.4622741807746664,,0.4373509387905914,0.2720400400026062,0.3437786580164123,
temporal,TT_mean,W3_4,blind,pooled,Pers,478.0,0.7647827966316362,0.9665563242041926,0.9342311278591202,0.6002021409023699,,,,,,,,,0.6002021409023699,0.447657650178661,5.343827082188639e-05,-0.08746847850569461,-0.0028375418560901977,,,,-0.32506372021331575,,,
temporal,TT_mean,W3_4,blind,pooled,Ridge_L,478.0,0.5766423665818827,0.7391044164905944,0.546275338475902,0.6912387156097723,0.45166074254726357,0.3273856114489378,0.3472803347280335,0.6841004184100419,0.6221278330332531,1.5171605218942852,,,0.6912387156097723,0.07347444329714908,0.04021472209726274,0.3641217965634359,0.4136082589442599,0.24983844503128994,0.3399455820443734,,0.22519212786193754,0.12213734507730212,0.194493214856158,
temporal,TT_mean,W3_4,blind,pooled,Ridge_LG,478.0,0.47718019633854797,0.6117507843117128,0.37423902210599574,0.7797641038076689,0.3699819782865949,0.2625075814499962,0.33263598326359833,0.7238493723849372,0.5498603881815199,1.3409245322381824,,,0.7797641038076689,0.03167668160962625,0.011978989696671681,0.5643763862806792,0.5982782741831332,0.3854983840823225,0.470748613184116,,0.46919928474536643,0.28089087419805026,0.3541205519881202,
temporal,TT_mean,W3_4,blind,pooled,Ridge_LG@EC,478.0,0.47717960390057906,0.6098600957351888,0.3719293363701337,0.7925035274258275,0.37035433145144325,0.2631602672324711,0.3577405857740586,0.7112970711297071,0.5482199173524063,1.3369239756851736,,,0.7925035274258275,0.025430557762447036,0.035566364778308636,0.5670649184416237,0.6007575745369116,0.38487994417194904,0.46943270888290767,,0.4724752200920064,0.2801671563561605,0.35251466948148347,
temporal,TT_mean,W3_4,dev,pooled,Chronos,719.0,0.42042140617577906,0.536921334124927,0.2882845190384915,0.45835993276510323,0.3697664989429906,0.4977615805085343,0.13908205841446453,0.3031988873435327,0.17710999271319908,0.4256054854886541,,,0.45835993276510323,2.6158409177112414e-06,0.07055545020413392,0.13953576191937833,0.2647848035407856,-0.024824397571834744,-0.08522825742349593,,0.1050993873905931,-0.09234280116562554,-0.1340913454140531,
temporal,TT_mean,W3_4,dev,pooled,Chronos@abs,719.0,0.48618369941820605,0.6252095137473068,0.39088693608014385,0.3313796705854096,0.3705803252480134,0.4329903344333489,0.502086230876217,0.866481223922114,0.8174166544180924,2.0132974000284967,,,0.3313796705854096,0.2424067589590366,0.03411502788706312,-0.1667093007688051,0.0031167248868754216,-0.027079953592072492,0.05598711407526269,,-0.2134018147274468,-0.09474695975822955,0.013482337413186163,
temporal,TT_mean,W3_4,dev,pooled,ChronosBolt,719.0,0.5846809063471458,0.7428223916159737,0.5517851054860751,0.15932134628829533,0.4404245386064887,0.44281257968485,0.5897079276773296,0.9554937413073713,1.2335913846157853,3.093807082410615,,,0.15932134628829533,0.6676088046226675,0.004728516619114245,-0.6469540298586668,-0.407223655596459,-0.22065631619817738,0.03457248804610491,,-0.7128662703608581,-0.30107669455924313,-0.00889649568373807,
temporal,TT_mean,W3_4,dev,pooled,Clim,719.0,0.49675704437266305,0.6261861001800743,0.39210903205872993,,0.3608096175492074,0.4586699407277684,0.42559109874826145,0.8108484005563282,0.7392256789525244,1.840612253760818,,,0.0,0.0,0.17035698149957304,-0.17035698149957304,0.0,0.0,0.0,,-0.21719547816644025,-0.06588290028395627,-0.045025631848700565,
temporal,TT_mean,W3_4,dev,pooled,Damp,719.0,0.4562823752608125,0.5675750001676817,0.32214138081534394,0.35185147282121687,0.3385077455066462,0.4389078379985372,0.4520166898470097,0.8678720445062587,0.7215155472557212,1.7595337261993558,,,0.35185147282121687,0.006596773045773202,0.07872201658225621,0.038480669298430095,0.1784392745967306,0.061810636296355526,0.043085672232792915,,0.0,0.0,0.0,
temporal,TT_mean,W3_4,dev,pooled,Ensemble,719.0,0.39503566382609673,0.4887031166444119,0.23883073621796166,0.566489614032418,0.30191982184697796,0.38274592948566727,0.29207232267037553,0.7037552155771906,0.394907266173393,1.0135291609117132,,,0.566489614032418,0.03230048766169726,0.0014658507261831064,0.2871441444187176,0.39090733267733124,0.16321570390012674,0.16553081966006544,,0.2586151595505116,0.10808592756099844,0.12795831755699294,
temporal,TT_mean,W3_4,dev,pooled,GBM_L,719.0,0.4564792454984923,0.5756551347324894,0.3313788341438806,0.3099008539832969,0.3419984655855908,0.44313907288564447,0.3198887343532684,0.7162726008344924,0.4942639184676696,1.2433173022821242,,,0.3099008539832969,0.05600640608836288,0.029123177672006922,0.010908955539206913,0.15488089523465287,0.052135949400104575,0.03386066202088844,,-0.0286751528324507,-0.010312083328315236,-0.00964037212550628,
temporal,TT_mean,W3_4,dev,pooled,GBM_LG,719.0,0.43577055854078167,0.53659141877056,0.28793035069820255,0.4058407172860884,0.3315649651562562,0.4305619712153514,0.24617524339360222,0.6648122392211405,0.3784474444329537,1.0233498257582865,,,0.4058407172860884,0.0016422187194661255,0.02247159459057825,0.14059287449724234,0.2656880429750559,0.08105286270248258,0.06128147283386021,,0.10619880634568857,0.0205099600896832,0.019015078020123255,
temporal,TT_mean,W3_4,dev,pooled,GBM_LG@EC,719.0,0.4166053419165883,0.5245591493356565,0.2751623011517476,0.4739335731559716,0.3156578075773767,0.4010754736789592,0.30180806675938804,0.7065368567454798,0.40115637909248164,1.0481687781942484,,,0.4739335731559716,0.013259038565287689,0.0326513719093172,0.17870262128978182,0.2982505409094124,0.12514026172174553,0.12556843589406463,,0.14583373158919133,0.06750196482231119,0.08619660221174741,
temporal,TT_mean,W3_4,dev,pooled,LSTM_LG,719.0,0.4012557379304579,0.4993485145763583,0.24934893900961555,0.5377610390265501,0.3010898169249892,0.388043916196969,0.3796940194714882,0.8205841446453408,0.5251938985616632,1.3807316630954372,,,0.5377610390265501,0.01402664138455091,0.019410611197834902,0.255749682512529,0.36408264379824795,0.16551609968122205,0.1539800589913034,,0.22596426954366988,0.11053788008795307,0.11588747659078658,
temporal,TT_mean,W3_4,dev,pooled,Pers,719.0,0.7442040873061451,0.921793363540108,0.8497030050665857,0.27181425113016827,,,,,,,,,0.27181425113016827,1.6083299273234932,0.0017247948839509144,-1.53617173508999,-1.1670069689680536,,,,-1.6376710837830784,,,
temporal,TT_mean,W3_4,dev,pooled,Ridge_L,719.0,0.4591234107819684,0.5797519234364082,0.3361122927282149,0.3082678867148019,0.35579654994367677,0.46155167320261314,0.32962447844228093,0.7023643949930459,0.5190088310828332,1.2656879619004058,,,0.3082678867148019,0.048117169559298636,0.050131270652915595,-0.0032193502326043136,0.14280910346928166,0.013893941185885827,-0.00628280211751453,,-0.04336888318262733,-0.05107358595636957,-0.051591321101336574,
temporal,TT_mean,W3_4,dev,pooled,Ridge_LG,719.0,0.40560916143120385,0.5001194645154046,0.250119478787175,0.5106481606526739,0.3127312849790494,0.400227195661185,0.3157162726008345,0.7051460361613352,0.4593108304141474,1.120104618668585,,,0.5106481606526739,7.007762634622394e-05,0.007241671203206161,0.2534497951484067,0.3621175276836974,0.13325125005461091,0.12741786604514072,,0.223572339094967,0.07614732859071516,0.08812930412393571,
temporal,TT_mean,W3_4,dev,pooled,Ridge_LG@EC,719.0,0.3935553467477462,0.4946498267286009,0.24467845108263492,0.5418114159133242,0.30524282951009357,0.3844645771516382,0.3463143254520167,0.7065368567454798,0.4496446164155277,1.0965319741151567,,,0.5418114159133242,0.0021080400148017165,0.021761535317764914,0.2696900350814345,0.37599384079990505,0.15400583946888713,0.16178379480981264,,0.2404625246736366,0.0982692905498066,0.12404258054530459,
temporal,TT_min,W1,blind,pooled,Clim,506.0,1.2063192297108396,1.6331774243634254,2.667268499450352,,0.8870596367734931,0.4659882935629541,0.38537549407114624,0.7964426877470355,1.557817905526283,3.9372239272139735,0.029483295796535886,0.15810276679841898,0.0,0.0,0.00012979409489801238,-0.00012979409489801238,0.0,0.0,0.0,0.0,-0.2373493798251003,-0.09880321925001345,-0.11120260310197105,0.024692605918320454
temporal,TT_min,W1,blind,pooled,Damp,506.0,1.0855324031646119,1.4682066793507296,2.1556308532900963,0.4893569188265469,0.807296175723761,0.41935493335070245,0.466403162055336,0.857707509881423,1.60061372380664,3.9033584797544942,0.030229747026881183,0.15810276679841898,0.4893569188265469,0.044490677089113057,0.003263588011716999,0.19171592890258157,0.19182082578701387,0.08991893864076173,0.10007410241079717,-0.025317767575801398,0.0,0.0,0.0,0.0
temporal,TT_min,W1,blind,pooled,GBM_LG,506.0,1.0428668610778293,1.4389985763638438,2.070716902777169,0.4856236265683142,0.7781268525701317,0.3886418079484045,0.3715415019762846,0.7648221343873518,1.2020745341998726,2.869132848158722,0.028874758285556974,0.15810276679841898,0.4856236265683142,0.010392639560541038,0.0018820595882923763,0.22355560753252807,0.22365637235100833,0.12280209772545081,0.1659837525598703,0.020640077526556944,0.039391693797351524,0.03613212106136676,0.07323897481519026,0.0448230261443906
temporal,TT_min,W1,blind,pooled,Pers,506.0,1.0963045081297276,1.4960487031642673,2.2381617222394863,0.4922048419629153,,,,,,,,,0.4922048419629153,0.04685487539966294,0.03464091086927068,0.16076982018280483,0.16087873316814283,,,,-0.03828617911245091,,,
temporal,TT_min,W1,blind,pooled,Ridge_LG,506.0,0.9298094102046013,1.3276332769566463,1.7626101180826432,0.6109818084319828,0.7054579973509628,0.34062722702208725,0.4624505928853755,0.8517786561264822,1.3685193612416435,3.337358398194069,0.025523424739939113,0.15810276679841898,0.6109818084319828,0.025905872043743356,0.008308323402613288,0.3390845747884595,0.3391703465752073,0.2047231458789749,0.26902192237996825,0.13430896884540422,0.18232283816479677,0.12614723249679427,0.187735257338146,0.15568513632472913
temporal,TT_min,W1,dev,pooled,Clim,760.0,1.0195160614586078,1.3457074742484665,1.810928606248187,,0.7452244977719553,0.46211906031733746,0.4473684210526316,0.8460526315789474,1.487058279406167,3.8666150685476266,0.022287172718858033,0.16710526315789473,0.0,0.0,0.042133884467432575,-0.042133884467432575,0.0,0.0,0.0,0.0,-0.07363718439292999,-0.030753202907026767,-0.03974419224952053,-0.031120689571407567
temporal,TT_min,W1,dev,pooled,Damp,760.0,0.9745955187684802,1.298739030222818,1.6867230686241053,0.21522907648109244,0.722990232453514,0.44445457234776925,0.46842105263157896,0.8789473684210526,1.5765268914965154,3.844618797750177,0.02161451413424926,0.16710526315789473,0.21522907648109244,0.0023964684769975275,0.014584492959904846,0.02934259392600156,0.06858665614731552,0.02983566077727784,0.03822497162838945,0.030181422879161923,0.0,0.0,0.0,0.0
temporal,TT_min,W1,dev,pooled,GBM_LG,760.0,0.9353462266952761,1.221478722083648,1.4920102685031018,0.3807065379902977,0.6812909871214418,0.40828326387148134,0.35789473684210527,0.7868421052631579,1.118675991017157,2.6921138584508877,0.023418065875066858,0.16710526315789473,0.3807065379902977,0.0003615866963972457,0.003182041446998768,0.14139383992516197,0.17610762602387076,0.08579094063823667,0.1164976757480789,-0.05074188505085386,0.11543851136146177,0.05767608393624235,0.08138358952011226,-0.08344169707519722
temporal,TT_min,W1,dev,pooled,Pers,760.0,1.1143086794243515,1.4377784388126382,2.0672068391145073,0.20766782085177404,,,,,,,,,0.20766782085177404,0.2323540448430173,0.000386028207530797,-0.1896141492332236,-0.14151757942422027,,,,-0.22557571990805259,,,
temporal,TT_min,W1,dev,pooled,Ridge_LG,760.0,0.8810775493444182,1.1636388052922118,1.3540552691818861,0.4740907460376393,0.6500436207694753,0.3962362087520112,0.4263157894736842,0.8578947368421053,1.2768157361463404,3.1137241026010747,0.020513213560404094,0.16710526315789473,0.4740907460376393,0.0031721440033416533,0.0008071795490584863,0.22078271192612525,0.2522867745807129,0.12772107906684282,0.14256683444323726,0.07959552253807967,0.19722727792748052,0.10089570841986306,0.10848884587023433,0.050951900514853654
temporal,TT_min,W2,blind,pooled,Clim,497.0,1.0685110480945166,1.4219321165853114,2.0218909441767834,,0.7906928138673934,0.4828204197380478,0.3762575452716298,0.7464788732394366,1.2392600083826344,3.2484749983420858,0.02333517437077899,0.15492957746478872,0.0,0.0,0.00027115880414100587,-0.00027115880414100587,0.0,0.0,0.0,0.0,-0.15793290015146733,-0.07234874834496274,-0.08233007294788086,0.06725873944951577
temporal,TT_min,W2,blind,pooled,Damp,497.0,0.9768807646023036,1.3214087149361493,1.7461209919092058,0.4239664644694186,0.7373467028219407,0.4460935086308905,0.4305835010060362,0.7967806841046278,1.3299044439863594,3.243189603767539,0.025017842951438714,0.15492957746478872,0.4239664644694186,0.04133968499361866,0.002249952678548052,0.13615792532253207,0.13639210020788628,0.06746755517421366,0.07606743543921224,-0.0721086782521243,0.0,0.0,0.0,0.0
temporal,TT_min,W2,blind,pooled,GBM_LG,497.0,0.903907255113487,1.2501389334854005,1.5628473530160147,0.500267003895082,0.6926051237628644,0.38179888995515465,0.34004024144869216,0.6981891348088531,0.8784402332128328,2.174879757428863,0.021706738524374308,0.15492957746478872,0.500267003895082,0.018806840198107275,0.004633059831880363,0.2268271751561744,0.22703677094101093,0.12405284123522986,0.20923209883646166,0.06978460158600153,0.1049604464652818,0.060679160682272415,0.144128119848825,0.13234971669985618
temporal,TT_min,W2,blind,pooled,Pers,497.0,1.0094600651702341,1.3297214523686547,1.7681591408894046,0.5148569430343636,,,,,,,,,0.5148569430343636,0.0921371417731596,0.04768533161101266,0.12525519840651766,0.12549232886083583,,,,-0.012621203846877815,,,
temporal,TT_min,W2,blind,pooled,Ridge_LG,497.0,0.8089403719594568,1.1361304943218835,1.2907925001280875,0.6442756006734959,0.6130886947244099,0.33643761387672055,0.42655935613682094,0.7987927565392354,1.0758645058440905,2.6236716451274926,0.0171527508814815,0.15492957746478872,0.6442756006734959,0.04192684275305691,0.011745883887592316,0.3614183229825447,0.3615914330861024,0.22461835497694238,0.3031827153059239,0.2649401024849126,0.26076571663184844,0.16852046346986593,0.24581369742571635,0.31437930461166774
temporal,TT_min,W2,dev,pooled,Clim,749.0,0.8605353532664558,1.121238935367499,1.2571767501840423,,0.6199281098958627,0.47130229511539423,0.4045393858477971,0.8384512683578104,1.1635439792179931,3.1313947675943368,0.014769962614505657,0.16555407209612816,0.0,0.0,0.05375631503131347,-0.05375631503131347,0.0,0.0,0.0,0.0,-0.05333085810272764,-0.01702615244800265,-0.01640184076637974,0.0713423417186213
temporal,TT_min,W2,dev,pooled,Damp,749.0,0.8220486825807762,1.0924857142566287,1.193525035854816,0.16216975240967477,0.6095498217068293,0.4636968138113823,0.4606141522029373,0.8731642189586115,1.2923853491933868,3.1516931517287747,0.015904636636324847,0.16555407209612816,0.16216975240967477,0.003538888551553853,0.023164055799843253,-0.000403915754781891,0.050630680467092626,0.016741115660615424,0.01613716161121137,-0.0768230801549099,0.0,0.0,0.0,0.0
temporal,TT_min,W2,dev,pooled,GBM_LG,749.0,0.7859212761520267,1.02878992762494,1.0584087151825292,0.3501921709595097,0.5831386511700402,0.4416039303722534,0.3391188251001335,0.719626168224299,0.8522235128439032,2.0155391796403888,0.018779482347658805,0.16555407209612816,0.3501921709595097,0.001981513539895406,0.007803451581558095,0.11284959147988098,0.15810667431800252,0.059344717780263956,0.06301340997261529,-0.27146444698616756,0.11320778082842231,0.043328977544171754,0.047645105122752995,-0.1807551959262026
temporal,TT_min,W2,dev,pooled,Pers,749.0,1.0120555877396669,1.3022234605145149,1.695785941114398,0.1615954264499254,,,,,,,,,0.1615954264499254,0.44715107126880793,0.0003573268153114091,-0.4213953162345861,-0.34888426855344434,,,,-0.42082142407666967,,,
temporal,TT_min,W2,dev,pooled,Ridge_LG,749.0,0.7519539726608454,1.0037080928594648,1.007429935671584,0.3964724579271578,0.5649301429176795,0.4268671524061707,0.40053404539385845,0.7997329773030708,1.0010779989655636,2.441292510515761,0.01569585889690476,0.16555407209612816,0.3964724579271578,5.227773855649644e-05,0.0015585022514705098,0.15557962990477492,0.1986568829529317,0.0887166852095509,0.09428161748786734,-0.06268778781401729,0.1559205668860969,0.07320103656860744,0.07942616879872022,0.013126847484415949
temporal,TT_min,W3_4,blind,pooled,Clim,478.0,0.9953036988668379,1.299138090501083,1.6877597781908,,0.7447565899712879,0.4852516992979657,0.30962343096234307,0.6464435146443515,0.9947161804354746,2.607780544932846,0.02073641697422959,0.1589958158995816,0.0,0.0,0.0002988558675149712,-0.0002988558675149712,0.0,0.0,0.0,0.0,-0.21574940319883495,-0.11427938171642382,-0.12602910575104875,-0.04432854724125046
temporal,TT_min,W3_4,blind,pooled,Damp,478.0,0.8855829883390776,1.1782387015171154,1.3882464377527381,0.5188466737214671,0.6683750971179894,0.4309406362762784,0.3514644351464435,0.7573221757322176,1.0584397023441003,2.581178410508721,0.01985621960541817,0.1589958158995816,0.5188466737214671,0.08919001695444578,0.0027956062161195957,0.17721624766126512,0.17746206794851238,0.10255900233960102,0.11192348857358236,0.04244693622361562,0.0,0.0,0.0,0.0
temporal,TT_min,W3_4,blind,pooled,GBM_LG,478.0,0.8182797495151676,1.1547308396762783,1.3334033120994828,0.4819662762591789,0.634060911550197,0.34900204513939503,0.22384937238493724,0.5502092050209205,0.5798581149124681,1.4930956745469388,0.01803696968941254,0.1589958158995816,0.4819662762591789,0.01532464794250503,0.007246256928973387,0.20972058657966078,0.20995669565675446,0.14863336546690853,0.2807814055173611,0.13017906073994456,0.039505324243463646,0.05133971285847416,0.19013892921518794,0.09162116214252636
temporal,TT_min,W3_4,blind,pooled,Pers,478.0,0.8987742432305137,1.1673600232550052,1.3627294238939265,0.588183995697764,,,,,,,,,0.588183995697764,0.10081580542412374,0.05280497538799361,0.19233963198286994,0.1925809339083142,,,,0.018380752267672218,,,
temporal,TT_min,W3_4,blind,pooled,Ridge_LG,478.0,0.7035071542274544,1.0015068758822363,1.0030160224393971,0.7027889382131468,0.5348202914833777,0.30976648197523277,0.3284518828451883,0.7154811715481172,0.8062751637931505,1.9662339206505692,0.014697257525985743,0.1589958158995816,0.7027889382131468,0.07509919501235995,0.013279082063726468,0.4055340145986759,0.40571162116768555,0.28188578834328104,0.36163751219545415,0.29123447197985464,0.27749425810661055,0.19982014023337402,0.2811852587124325,0.2598159257880438
temporal,TT_min,W3_4,dev,pooled,Clim,719.0,0.7131079925108378,0.9229326061910516,0.8518045955706066,,0.5032189495929793,0.46673578457148024,0.38803894297635605,0.7899860917941586,0.9240312561901248,2.3486916040771457,0.014241984969848536,0.16133518776077885,0.0,0.0,0.07399741151897829,-0.07399741151897829,0.0,0.0,0.0,0.0,-0.06880551083738551,-0.0013156785672088223,-0.00672381022211721,0.10914204066685163
temporal,TT_min,W3_4,dev,pooled,Damp,719.0,0.6693469133342771,0.892731064415998,0.7969687533733208,0.1829453796486265,0.5025577451389153,0.46361850175024927,0.4422809457579972,0.8289290681502086,0.9934450990649436,2.4226784351088946,0.015986819021642205,0.16133518776077885,0.1829453796486265,0.004869739436082595,0.033456938958075014,-0.004857666459377522,0.06437608165350683,0.001313949831577066,0.006678902548886478,-0.1225134035380342,0.0,0.0,0.0,0.0
temporal,TT_min,W3_4,dev,pooled,GBM_LG,719.0,0.6036450130904815,0.8096754619820632,0.6555743537358675,0.4277791662283636,0.46760899075537854,0.430002009861607,0.29346314325452016,0.6495132127955494,0.5791128326217323,1.429344737921553,0.019459858441378368,0.16133518776077885,0.4277791662283636,0.0005731902753987888,0.009002430983460097,0.17341939380017504,0.23037002013741015,0.0707643439628084,0.07870357475075374,-0.3663726287154847,0.1774152362171979,0.06954176852627403,0.07250895242906286,-0.2172439317061463
temporal,TT_min,W3_4,dev,pooled,Pers,719.0,0.8748347966523787,1.1176301843165424,1.2490972288954283,0.2137369730696958,,,,,,,,,0.2137369730696958,0.6196611183377839,0.0009460110276539473,-0.574923635708442,-0.46641287848263313,,,,-0.5673101656851516,,,
temporal,TT_min,W3_4,dev,pooled,Ridge_LG,719.0,0.6344422633165859,0.8463131804441922,0.7162459993935638,0.3202940029455536,0.48961417043571975,0.4499490887451812,0.32127955493741306,0.6884561891515995,0.71432086562786,1.741988317757863,0.021027976235099884,0.16133518776077885,0.3202940029455536,0.001490246630888366,0.004176422916303234,0.09692157877569468,0.15914283261906415,0.027035506449555546,0.03596616411512399,-0.4764779122866549,0.1012872256761419,0.025755397918736045,0.02948418355493443,-0.31533209994015676
loso,TT_mean,W1,blind,040114,Chronos,102.0,0.7366702258115462,0.9172453559459853,0.8413390430044774,0.7093752476021532,0.6663800014209745,0.32036444911941275,0.09803921568627451,0.24509803921568626,0.24031701880991094,0.5641524849738013,,,0.7093752476021532,0.006238296203815896,0.014761125984873844,0.4822138197219264,0.512306567990655,0.17220921801464928,0.3321611318514125,,0.37153829218823486,0.046983308672376545,0.18880066040542254,
loso,TT_mean,W1,blind,040114,Clim,102.0,1.0676332986659658,1.3134455340864926,1.7251391710117514,,0.8050101739750556,0.4797032104578478,0.35294117647058826,0.7450980392156863,1.311697510295274,3.0936028257431123,,,0.0,0.0,0.06170423116986363,-0.06170423116986363,0.0,0.0,0.0,,-0.2886409095616502,-0.1512772454918312,-0.21466326427424076,
loso,TT_mean,W1,blind,040114,Damp,102.0,0.940167030514379,1.1570339729933468,1.3387276146607687,0.47969974652613623,0.6992322458619874,0.39492691066480035,0.4019607843137255,0.7941176470588235,1.2425705765329658,3.030211677223694,,,0.47969974652613623,0.029887072459617126,0.024119331244705458,0.17610544311291676,0.22398862818955168,0.13139949224585323,0.1767265633101217,,0.0,0.0,0.0,
loso,TT_mean,W1,blind,040114,Ensemble,102.0,0.7014851271801493,0.8895956487613964,0.7913804182952098,0.7702439618423619,0.5449107098166612,0.2604455085076223,0.3235294117647059,0.6862745098039216,0.7429014817766119,1.9070161582649363,,,0.7702439618423619,0.06755294946346346,0.012762902135672822,0.5129599091554816,0.5412657531675634,0.32310084091738944,0.457069490406281,,0.4088562829147704,0.22070140065563526,0.3405222549428163,
loso,TT_mean,W1,blind,040114,GBM_L,102.0,0.7900910140309344,0.9815753831603671,0.9634902328264215,0.6956621234927056,0.5891081202405504,0.3135881742558497,0.4215686274509804,0.7450980392156863,1.0428833611979218,2.4094633139510826,,,0.6956621234927056,0.05845735429966137,0.01845025245065508,0.407038183312064,0.44149999662847006,0.268197919373371,0.34628710540304974,,0.2802940476651269,0.15749291637098362,0.2059589615507057,
loso,TT_mean,W1,blind,040114,GBM_L@elev,102.0,0.7781596417301072,0.9653110570454978,0.9318254368542963,0.7084049176336041,0.5867372558839349,0.30619249986254726,0.43137254901960786,0.7549019607843137,1.0397843525894663,2.430663223801892,,,0.7084049176336041,0.06047086743914194,0.014840977580450904,0.4265256823078806,0.4598549192365716,0.2711430552651428,0.3617042930142057,,0.3039469518297646,0.16088358430806182,0.22468565298040077,
loso,TT_mean,W1,blind,040114,GBM_L@none,102.0,0.7631555952018152,0.9515945092794289,0.9055321100907572,0.7083881470137078,0.5796100829029827,0.30061865776820035,0.37254901960784315,0.7647058823529411,0.9626504007084948,2.293332304186823,,,0.7083881470137078,0.048634623393994346,0.010471731128424939,0.44270741230709526,0.47509619785649815,0.2799965744023718,0.37332364842570476,,0.3235874869734292,0.1710764394332801,0.23879925715329486,
loso,TT_mean,W1,blind,040114,GBM_LG,102.0,0.7295493865451055,0.9220523103411501,0.8501804630054525,0.7202536089680668,0.5550693296770629,0.2795187298565956,0.3627450980392157,0.7745098039215687,0.9187237835132605,2.2368149868698803,,,0.7202536089680668,0.037835675264777456,0.004157050740772595,0.47677253522597485,0.5071815206034405,0.31048159685213805,0.41730902824308425,,0.36493394646162824,0.2061731521080037,0.2922266821826154,
loso,TT_mean,W1,blind,040114,GBM_LG@elev,102.0,0.7401309826963731,0.9220069860517471,0.8500968823282267,0.721714778115966,0.5535012912736008,0.2779033640749313,0.3137254901960784,0.7450980392156863,0.8824463287308598,2.2228474894547956,,,0.721714778115966,0.04108181603579057,0.002966431544310919,0.47682397337087645,0.5072299692611664,0.31242944602740896,0.4206764557408542,,0.3649963793839871,0.20841566654114307,0.2963169726592635,
loso,TT_mean,W1,blind,040114,GBM_LG@none,102.0,0.7501104913556075,0.9356114359310742,0.8753687590450067,0.7161502410727799,0.5588180584552753,0.2803630805839717,0.3431372549019608,0.7450980392156863,0.8591234746714873,2.161869770126783,,,0.7161502410727799,0.04790628224728771,0.0036940100831531616,0.46127087545815987,0.49258078782616443,0.3058248497706675,0.41554887590520395,,0.3461188448952526,0.20081194515509604,0.29008868979826563,
loso,TT_mean,W1,blind,040114,LSTM_LG,102.0,0.7322417766976268,0.9270709130682235,0.8594604778571496,0.7557175153996076,0.5499345490479061,0.28256373191131895,0.4215686274509804,0.8235294117647058,0.9917451408052561,2.7080476316166857,,,0.7557175153996076,0.07663232868205326,0.023415308564207288,0.47106132583549565,0.5018022358433277,0.31686012571445266,0.4109613491191171,,0.35800198005556527,0.21351660724689936,0.28451638953733194,
loso,TT_mean,W1,blind,040114,LSTM_LG@elev,102.0,0.7581242427582844,0.9468723517052344,0.8965672504238011,0.734766567086719,0.5700041493596925,0.28804655073177143,0.38235294117647056,0.7647058823529411,0.9120526924802392,2.5253266505166594,,,0.734766567086719,0.07619559352479262,0.015461649175902096,0.44822466540770717,0.48029279869751795,0.2919292602911192,0.3995317428523183,,0.3302840394078299,0.18481426917459642,0.2706332666799328,
loso,TT_mean,W1,blind,040114,LSTM_LG@none,102.0,0.786000250121252,0.9841315513447434,0.9685149103522113,0.7134069623297534,0.5813443122791767,0.31062416814441923,0.4215686274509804,0.7843137254901961,1.0737188426302928,2.735114808760437,,,0.7134069623297534,0.09183108845490731,0.013172564756750937,0.403945840688908,0.4385873750787298,0.27784227942293005,0.35246593857909103,,0.2765407243820608,0.16859624864337153,0.21346416322572204,
loso,TT_mean,W1,blind,040514,Chronos,102.0,0.7711075335935224,0.9504040776763056,0.9032679108637492,0.6957049526925405,0.7029030872834977,0.36978044641753977,0.06862745098039216,0.1568627450980392,0.2174058435313568,0.5236430870898081,,,0.6957049526925405,0.0045974503561599656,0.0012084230569240147,0.47819950778784603,0.5282345940705662,0.1895782653764967,0.24998776029488345,,0.357677918998485,0.025000418128862667,0.039778837156599356,
loso,TT_mean,W1,blind,040514,Clim,102.0,1.1037952094331924,1.3837105279940796,1.9146548252816546,,0.8673300051732258,0.49303254912603406,0.28431372549019607,0.6274509803921569,0.9991417426808454,2.623057515151754,,,0.0,0.0,0.10605925244591564,-0.10605925244591564,0.0,0.0,0.0,,-0.36152857528004656,-0.20307679349702012,-0.28027399022305577,
loso,TT_mean,W1,blind,040514,Damp,102.0,0.9418597021221456,1.1858557534235346,1.406253867927699,0.6378618026875067,0.7209265525371253,0.3850992466387101,0.3431372549019608,0.7352941176470589,1.0529860479857587,2.5678787819545823,,,0.6378618026875067,0.17084713168136031,0.04838634923701975,0.18763419840937567,0.2655313901184082,0.16879786443783906,0.2189171945719408,,0.0,0.0,0.0,
loso,TT_mean,W1,blind,040514,Ensemble,102.0,0.7827830885969443,1.0079880150540663,1.0160398384926368,0.6791736675387219,0.6020188268640154,0.32357225688973956,0.3333333333333333,0.696078431372549,0.7917705769445604,1.985117192684847,,,0.6791736675387219,0.04032671462889225,0.007896820993330916,0.41305333505577513,0.4693352425322028,0.3058941541590292,0.343710151665819,,0.2774847688135387,0.16493736463810793,0.15976917713031402,
loso,TT_mean,W1,blind,040514,GBM_L,102.0,0.9436387811101749,1.1810169182333643,1.394800961153433,0.4803241504566024,0.6844972933539928,0.36988714843489445,0.39215686274509803,0.7647058823529411,1.0277340129780501,2.415425795058792,,,0.4803241504566024,0.005768080140154187,0.030692887085683452,0.19425032228601916,0.27151309847807614,0.21079947739467053,0.24977134047119454,,0.008144266860679372,0.0505311658378077,0.039501760485361914,
loso,TT_mean,W1,blind,040514,GBM_L@elev,102.0,0.9406148143926728,1.1785412484625395,1.3889594743276414,0.4775652093629125,0.6773286210482901,0.36381044841157906,0.3333333333333333,0.696078431372549,0.9330299158120564,2.230271194012094,,,0.4775652093629125,0.002340514387195596,0.0281031779781658,0.19762483682848106,0.27456403316805733,0.21906469624210456,0.2620964902692904,,0.012298201622402027,0.06047485882632975,0.05528132919746698,
loso,TT_mean,W1,blind,040514,GBM_L@none,102.0,0.9083206905696589,1.1406368813755317,1.3010524951540987,0.5259838245375582,0.6765333968227508,0.3626660862418944,0.3431372549019608,0.7156862745098039,0.9533405503342667,2.3408369651160825,,,0.5259838245375582,0.0062111283043513885,0.022040848103239825,0.24840700726756562,0.3204767366030544,0.21998156089661447,0.2644175584659302,,0.07480965931750894,0.061577917414948224,0.058252932439158744,
loso,TT_mean,W1,blind,040514,GBM_LG,102.0,0.9522263909320359,1.2159160501164723,1.4784518409308436,0.4022419582871873,0.71322397867274,0.4241175438664185,0.29411764705882354,0.7058823529411765,0.8557007574272296,2.2269324385911453,,,0.4022419582871873,0.0053691540726689,0.010502620358115954,0.1459268185759265,0.227823301929445,0.1776786523944911,0.13977780043483268,,-0.051340639588453474,0.010684269898615817,-0.10132010791575063,
loso,TT_mean,W1,blind,040514,GBM_LG@elev,102.0,0.9529111353883277,1.2182481567828878,1.4841285715049033,0.3985209762042737,0.7166091700372995,0.42936232444750105,0.28431372549019607,0.6666666666666666,0.7953559392629964,2.0984440430769267,,,0.3985209762042737,0.008533905192247705,0.0076375827325658755,0.1426474805499937,0.22485841734601908,0.17377564967998982,0.12914000260509573,,-0.05537741467119517,0.00598865790784342,-0.11493940379041412,
loso,TT_mean,W1,blind,040514,GBM_LG@none,102.0,0.9539685710666042,1.214498358590868,1.4750062630199123,0.4104051194177058,0.7162403400307635,0.43031283886056654,0.28431372549019607,0.6568627450980392,0.8170283632377453,2.1617655603967187,,,0.4104051194177058,0.00528046797743759,0.015234631428559145,0.1479172626382646,0.22962288369501171,0.17420089728394228,0.127212108767761,,-0.04889045759108135,0.006500263431648889,-0.11740763612626504,
loso,TT_mean,W1,blind,040514,LSTM_LG,102.0,0.81199385937126,1.0413208638668776,1.0843491415244602,0.6718196162242286,0.6152394199583384,0.3493471763020477,0.47058823529411764,0.8431372549019608,1.2093982681193773,2.970800507886737,,,0.6718196162242286,0.06315317717892524,0.014596054522384511,0.3735923650423601,0.43365815748802283,0.29065129040997384,0.2914318194177805,,0.2289093980431911,0.1465990289951824,0.09283858810091117,
loso,TT_mean,W1,blind,040514,LSTM_LG@elev,102.0,0.8316782439761998,1.0536931469178081,1.1102692478615537,0.6427122451940654,0.6305442030823006,0.3618237151249204,0.4117647058823529,0.7843137254901961,1.1791422167500736,2.9630491225158466,,,0.6427122451940654,0.049738643982416494,0.004721567796465288,0.3586188183435147,0.4201204137679345,0.2730054312414033,0.26612610918629787,,0.21047737312347292,0.1253697053281586,0.06044034548742239,
loso,TT_mean,W1,blind,040514,LSTM_LG@none,102.0,0.838229559514339,1.059103800094133,1.1217008593738336,0.6500590827031474,0.6403115576690505,0.3668539329956274,0.3235294117647059,0.7549019607843137,0.9253585517552554,2.6276261917516295,,,0.6500590827031474,0.05402270985261316,0.016539104822269064,0.3520149963299752,0.4141498276542739,0.2617440260917002,0.2559235011036798,,0.2023482495185538,0.11182137013038296,0.04737821172680701,
loso,TT_mean,W1,blind,150701,Chronos,102.0,0.49699217590215594,0.6253787926918009,0.39109863434865444,0.7356300625855889,0.4526000264584736,0.3689754095693433,0.08823529411764706,0.2647058823529412,0.14603276615026498,0.3409207644224093,,,0.7356300625855889,0.0004961544033375078,0.010292664947426576,0.5303627696289135,0.5363714032768355,0.1463756127060366,0.23051951978688645,,0.152048215525183,-0.12063869572525832,-0.02610775786791142,
loso,TT_mean,W1,blind,150701,Clim,102.0,0.7583637663477735,0.9184553367179562,0.8435602055456943,,0.530209812647505,0.47951237108334793,0.3431372549019608,0.8137254901960784,0.9898438369023191,2.338441997395712,,,0.0,0.0,0.012960015172466031,-0.012960015172466031,0.0,0.0,0.0,,-0.8289462523838542,-0.3128007029857067,-0.33350719641870974,
loso,TT_mean,W1,blind,150701,Damp,102.0,0.5548483975042102,0.6791372793396067,0.4612274441888029,0.6914377678701705,0.40387685003645046,0.3595873890828147,0.45098039215686275,0.8627450980392157,0.8514097526524844,2.0763020011211815,,,0.6914377678701705,0.01884657039254261,0.013088595796743195,0.446151020647998,0.45323707643316646,0.23826975585426102,0.25009778523459225,,0.0,0.0,0.0,
loso,TT_mean,W1,blind,150701,Ensemble,102.0,0.47275589139087704,0.5847903644961365,0.3419797704075242,0.7962637550332623,0.3531800941557608,0.33865586524870345,0.4019607843137255,0.8627450980392157,0.683102734920315,1.750637535796896,,,0.7962637550332623,0.044382581377015354,0.00030793242628942137,0.5893454537763664,0.5945994510417909,0.333886160287715,0.2937494720238638,,0.2585441852685263,0.125525282957204,0.05820983846930905,
loso,TT_mean,W1,blind,150701,GBM_L,102.0,0.6341685386774439,0.743059911218612,0.5521380316602116,0.5938529823537961,0.45129359474815206,0.4435092527427257,0.43137254901960786,0.8823529411764706,0.9793406700488682,2.191964901427027,,,0.5938529823537961,0.015358681725333407,0.0003184881408927566,0.33698419478427194,0.3454669530042179,0.1488396027702681,0.07508277264939278,,-0.19710576336432073,-0.1174039678367853,-0.23338377876367455,
loso,TT_mean,W1,blind,150701,GBM_L@elev,102.0,0.6573903715613116,0.7696595916436481,0.5923758870090671,0.5426343860879455,0.4629355349563755,0.46060698134281264,0.43137254901960786,0.9117647058823529,1.0576957522027814,2.3512035388262524,,,0.5426343860879455,0.00447693863963135,0.001309176545405257,0.28866596178000486,0.2977669132390349,0.12688237012289105,0.039426281532263574,,-0.2843465723314129,-0.14622943829188273,-0.28093196626740613,
loso,TT_mean,W1,blind,150701,GBM_L@none,102.0,0.6341301498956735,0.7377110569886192,0.5442176036032658,0.600375809037321,0.4568227041472703,0.454659140252122,0.4019607843137255,0.9019607843137255,0.9691002129608544,2.27086679412917,,,0.600375809037321,0.013833255486237586,0.00012269048303552692,0.3464951661079446,0.3548562390384282,0.13841144910877767,0.05183021821746914,,-0.1799332638594917,-0.13109405529443285,-0.26439122743376253,
loso,TT_mean,W1,blind,150701,GBM_LG,102.0,0.5408993354423307,0.6661071931437457,0.44369879275783924,0.7148401264044805,0.3987983233923724,0.3969058772759847,0.4215686274509804,0.8921568627450981,0.7808219841155281,2.0014374172039746,,,0.7148401264044805,0.007449290490773292,0.036347422064073355,0.467199693763127,0.4740164485701255,0.24784808979478046,0.17227187198681215,,0.03800435479678077,0.01257444353054571,-0.10378141538377306,
loso,TT_mean,W1,blind,150701,GBM_LG@elev,102.0,0.5435214492147072,0.66785306395203,0.4460277150301143,0.7101362755076993,0.3998181032846864,0.4014920220369787,0.47058823529411764,0.9313725490196079,0.8174640305377133,2.1105756272376186,,,0.7101362755076993,0.00802863746645139,0.03186180409775351,0.46440308822774207,0.4712556233712074,0.2459247381932288,0.1627076875411999,,0.032954953895732664,0.010049466195940049,-0.11653532416987278,
loso,TT_mean,W1,blind,150701,GBM_LG@none,102.0,0.5447135466405642,0.6726108418824877,0.45240534461786885,0.7053043112444178,0.40074351827328963,0.39700531188584387,0.43137254901960786,0.9313725490196079,0.7961530095890054,2.0567764635927768,,,0.7053043112444178,0.007260830138696099,0.03344860838518683,0.4567447329360797,0.46369525062504535,0.24417936312372124,0.1720645058877175,,0.019127438495014415,0.007758136577716734,-0.10405793956920895,
loso,TT_mean,W1,blind,150701,LSTM_LG,102.0,0.49924678986430826,0.6127334917359707,0.37544233189495485,0.7718431166393405,0.36883337811352973,0.34724899187654557,0.6372549019607843,0.9705882352941176,1.0367139594118093,2.684346591725069,,,0.7718431166393405,0.04393730026888428,0.0026413990202537128,0.5491630974143925,0.5549311958687249,0.3043633495354825,0.27582891950834076,,0.18599307863114056,0.08676771624755919,0.03431265272605977,
loso,TT_mean,W1,blind,150701,LSTM_LG@elev,102.0,0.4732811770180949,0.5865767244109908,0.3440722536207275,0.7865621711910289,0.36671195205185386,0.3356383140498352,0.6862745098039216,0.9901960784313726,1.2007552487227846,3.200670492999694,,,0.7865621711910289,0.03184073804321485,6.5432210066453125e-06,0.5868327678845239,0.5921189129611097,0.3083644562880772,0.3000424299970873,,0.25400741444196906,0.09202037200508628,0.0666015432133632,
loso,TT_mean,W1,blind,150701,LSTM_LG@none,102.0,0.5076682079972826,0.6229117346007172,0.3880190291032744,0.7571200974494315,0.37365958788594444,0.3704711764837619,0.5294117647058824,0.9215686274509803,0.9607831252483177,2.5522200891784594,,,0.7571200974494315,0.03602748861429438,0.0031425465713363697,0.5340608067762059,0.5400221269894221,0.2952608967756667,0.2274001697875544,,0.15872519297780718,0.07481800986557874,-0.030267433540169586,
loso,TT_mean,W1,blind,151007,Chronos,98.0,0.5665650606116736,0.7130089069373045,0.5083817013719296,0.4144588716176499,0.5170324213346786,0.47332458372054326,0.08163265306122448,0.23469387755102042,0.1599088880158925,0.3777700536879616,,,0.4144588716176499,0.0024159037178889133,0.013381495009521138,0.15597875753516555,0.16476601510347733,-0.13111792859785099,-0.1577918052853029,,0.15680168472913592,-0.12394623874620891,-0.11414975349107936,
loso,TT_mean,W1,blind,151007,Clim,98.0,0.5876309455570563,0.7801729286519126,0.6086697986013023,,0.45709859976810635,0.40881666423948015,0.5408163265306123,0.9081632653061225,1.051207605534094,2.5937872937742177,,,0.0,0.0,0.010520713629007968,-0.010520713629007968,0.0,0.0,0.0,,-0.009535448171841487,0.006340355563572708,0.03769421375673776,
loso,TT_mean,W1,blind,151007,Damp,98.0,0.6300593409261271,0.7764796711493568,0.6029206797082133,0.19221900491102142,0.46001526008169363,0.42483030870619226,0.4489795918367347,0.8877551020408163,0.9871306209638576,2.407279546998351,,,0.19221900491102142,0.03623644951913185,0.001687655578187546,-0.0009759592483361173,0.00944538221922675,-0.006380812181588258,-0.03917072337670535,,0.0,0.0,0.0,
loso,TT_mean,W1,blind,151007,Ensemble,98.0,0.540819499099858,0.6768556402521955,0.4581335577412095,0.4952036530678182,0.41564674687603803,0.3889890797639776,0.3163265306122449,0.7244897959183674,0.5901575966744411,1.4568575183433925,,,0.4952036530678182,0.002275480746114358,0.0035498643860873568,0.23940131287951033,0.24732004315972111,0.09068470766066128,0.04849994192968565,,0.24014290244128678,0.0964500899334867,0.08436598850813648,
loso,TT_mean,W1,blind,151007,GBM_L,98.0,0.5474224590528121,0.7104353021182076,0.5047183184957889,0.4269797758543425,0.41753199014318143,0.37308089710403386,0.5204081632653061,0.8367346938775511,0.9187527722804523,2.1520626141222396,,,0.4269797758543425,0.00024300362381112463,0.02000797676191098,0.16206074860290243,0.17078468546392422,0.08656033872122504,0.08741269684278996,,0.16287774580886827,0.09235187095960185,0.12181195771968267,
loso,TT_mean,W1,blind,151007,GBM_L@elev,98.0,0.5454237059043352,0.708233364455369,0.5015944985277716,0.42932878338075464,0.41938713769048785,0.37383334032744486,0.5816326530612245,0.8775510204081632,1.006512139971914,2.404584491467802,,,0.42932878338075464,0.0001399280624133585,0.016936325152499206,0.16724695102428638,0.17591689339537675,0.08250181054317407,0.08557215733148893,,0.16805889164305832,0.08831907529326455,0.12004079589814831,
loso,TT_mean,W1,blind,151007,GBM_L@none,98.0,0.5505569805951424,0.7106515198314469,0.5050255826387454,0.422219174335459,0.419125698293691,0.37579241661194784,0.5102040816326531,0.8469387755102041,0.903344071621667,2.2153430358660575,,,0.422219174335459,0.0008023499563893675,0.01591605613859345,0.16155062508153392,0.1702798729306546,0.08307376459625926,0.08078009170435152,,0.16236811966185116,0.0888874029542871,0.11542936341709653,
loso,TT_mean,W1,blind,151007,GBM_LG,98.0,0.5604830851199829,0.7049334336608036,0.4969311458928106,0.49962499409720573,0.41630215954947114,0.3770962198168468,0.42857142857142855,0.8673469387755102,0.7583412179175183,1.933435771219718,,,0.49962499409720573,0.05048343871511735,0.024152592438485252,0.17498910357303027,0.18357844099586085,0.08925085362180485,0.0775908792310186,,0.1757934955336029,0.09502532703906286,0.11236036580044906,
loso,TT_mean,W1,blind,151007,GBM_LG@elev,98.0,0.5643615381770446,0.7021677789972633,0.4930395898619497,0.4978324611852477,0.41719114373957494,0.3749871439127901,0.42857142857142855,0.8673469387755102,0.8241445936379269,2.109590295971289,,,0.4978324611852477,0.04481018870468565,0.021577060326007758,0.18144991037906777,0.18997198317555097,0.08730601242002733,0.08274985656375577,,0.18224800300338195,0.09309281682201942,0.11732487953883985,
loso,TT_mean,W1,blind,151007,GBM_LG@none,98.0,0.5481239207051221,0.6900403439089127,0.4761556762219305,0.5181839883917935,0.41905525188042386,0.38372143215476956,0.41836734693877553,0.8469387755102041,0.7574496917720025,1.9761961303173174,,,0.5181839883917935,0.040658213772927644,0.018375650913212898,0.20948078113948582,0.2177110194786791,0.08322788104575796,0.06138505173558706,,0.21025154344951535,0.0890405422506978,0.09676540423073521,
loso,TT_mean,W1,blind,151007,LSTM_LG,98.0,0.5788481892913501,0.7277873078796555,0.5296743655107164,0.408905509849303,0.43194476791229214,0.41373592491040495,0.3673469387755102,0.8469387755102041,0.7860036464027909,1.8947886660390971,,,0.408905509849303,0.033854725260997046,0.012720563055878696,0.12062842766824268,0.1297837239043469,0.05502933473997773,-0.01203292600627237,,0.12148582170534394,0.06102078475487205,0.026114859435464655,
loso,TT_mean,W1,blind,151007,LSTM_LG@elev,98.0,0.5802019225069128,0.7265830926805824,0.5279229905692798,0.4097289207785931,0.4316146784392461,0.40021053146772334,0.4489795918367347,0.9285714285714286,0.9373983120051573,2.5137784420227516,,,0.4097289207785931,0.029165595718070054,0.01517611198864159,0.12353608081567895,0.13266110494980254,0.05575147537487235,0.021051325752013406,,0.12439063986862908,0.061738346761374574,0.05795202633599206,
loso,TT_mean,W1,blind,151007,LSTM_LG@none,98.0,0.6025615281957716,0.764452620891562,0.5843878095879782,0.329355876917193,0.46246466642926687,0.431129227461216,0.37755102040816324,0.8877551020408163,0.9107424493651001,2.3691379257610867,,,0.329355876917193,0.06611823824317507,0.012564527083561476,0.02979252833315662,0.03989353352034741,-0.011739407348617448,-0.054578409280952034,,0.030738488069780856,-0.0053246197683489704,-0.01482690529827524,
loso,TT_mean,W1,blind,230201,Chronos,102.0,0.8225598108564899,0.9790517575900634,0.9585423440401922,0.7048707011057121,0.7397607620909997,0.3324210839353847,0.06862745098039216,0.19607843137254902,0.2683379644773743,0.6290733980777327,,,0.7048707011057121,0.006648704798559443,0.041770006962456495,0.4484239935162423,0.5026973402393526,0.13746113386436865,0.3060310472910268,,0.3870374206265559,0.03353318306966335,0.19035439090086237,
loso,TT_mean,W1,blind,230201,Clim,102.0,1.162559326567142,1.3883381584260828,1.927482842141927,,0.857654989398095,0.47901434586914543,0.37254901960784315,0.7745098039215687,1.5076027031267194,3.593902336710731,,,0.0,0.0,0.10913544429710376,-0.10913544429710376,0.0,0.0,0.0,,-0.2325745043641314,-0.12049074525803793,-0.1666885181802582,
loso,TT_mean,W1,blind,230201,Damp,102.0,1.038313751271425,1.2505143228314142,1.5637860716065106,0.39662395681056656,0.7654279993188033,0.41057603499543116,0.39215686274509803,0.7941176470588235,1.439754984981178,3.5110781232274277,,,0.39662395681056656,0.012689697461448992,0.04447352394832182,0.10014734170629935,0.18869001714757472,0.10753390491439552,0.14287319672970689,,0.0,0.0,0.0,
loso,TT_mean,W1,blind,230201,Ensemble,102.0,0.779245374580259,0.9620057089143491,0.9254549839837993,0.7617560789679406,0.6113640866055885,0.2872469280815521,0.28431372549019607,0.6568627450980392,0.7221310626757997,1.8667151385928322,,,0.7617560789679406,0.08417725774960641,0.028631544446836327,0.4674635216481686,0.5198634385998571,0.28716780737829584,0.40033752525645516,,0.4081959158051205,0.20127812524538535,0.3003806759331471,
loso,TT_mean,W1,blind,230201,GBM_L,102.0,0.8439792965408361,1.044140999398815,1.0902304266255565,0.6885953237181363,0.6443387053058559,0.31827182013281574,0.3333333333333333,0.6666666666666666,0.9657208464042967,2.257085638252155,,,0.6885953237181363,0.07004055796187693,0.03147651449927761,0.3726464473853303,0.4343760666559131,0.24872039075053376,0.33556933549593615,,0.3028263607019216,0.15819815073489796,0.22481637259622944,
loso,TT_mean,W1,blind,230201,GBM_L@elev,102.0,0.8423332708339734,1.0487924684968022,1.0999656419756159,0.6665537313041042,0.6368958360471125,0.31328244055127935,0.3333333333333333,0.6372549019607843,0.9642145717537176,2.1848174891344034,,,0.6665537313041042,0.050234136373567544,0.02701524809020546,0.367044492251651,0.42932532631352893,0.25739855312438853,0.34598526484035586,,0.29660094692773553,0.1679219513606488,0.23696851776854078,
loso,TT_mean,W1,blind,230201,GBM_L@none,102.0,0.8218456667649247,1.0208649574667257,1.0421652613835397,0.6973652861821036,0.6352719718986808,0.313930708185671,0.3235294117647059,0.6470588235294118,0.9105856521208618,2.149172370861846,,,0.6973652861821036,0.058709922910367786,0.02730373448235754,0.40030468497912186,0.4593128205357059,0.2592919300282778,0.3446319282649858,,0.33356276775575755,0.17004346265874204,0.23538959552482308,
loso,TT_mean,W1,blind,230201,GBM_LG,102.0,0.792674920823689,1.0001273110247912,1.0002546382576794,0.7092199714780522,0.6287866469501701,0.30865641845533404,0.3137254901960784,0.6666666666666666,0.8188728346193185,2.0383631555668362,,,0.7092199714780522,0.057559329933994985,0.02101223635437754,0.4244214016549566,0.4810565280331418,0.26685362444932026,0.35564264177663873,,0.36036350724744826,0.17851627127598946,0.24823566855584078,
loso,TT_mean,W1,blind,230201,GBM_LG@elev,102.0,0.7904085747204485,0.9957816325877422,0.9915810597991092,0.7133634654553378,0.6254676086885507,0.3013249809870908,0.3235294117647059,0.6764705882352942,0.811590723175572,2.0298753238428144,,,0.7133634654553378,0.05847583961612642,0.020999137357150678,0.42941245687317187,0.4855564790931115,0.2707235235377039,0.37094789835499997,,0.3659100321948533,0.18285245738960587,0.2660921356736178,
loso,TT_mean,W1,blind,230201,GBM_LG@none,102.0,0.7895498346660099,0.9952636686999968,0.990549770234177,0.7139052300813793,0.631595481230896,0.3046893365196269,0.3235294117647059,0.6666666666666666,0.785050583726856,1.987243150155382,,,0.7139052300813793,0.0574320375188365,0.022222746055053987,0.43000589396365657,0.48609152383767906,0.26357860790368426,0.3639244019575558,,0.3665695147057013,0.17484664554603735,0.2578979030692393,
loso,TT_mean,W1,blind,230201,LSTM_LG,102.0,0.8147841832770006,1.0022891164272423,1.004583472908502,0.7345907759693784,0.604712680118833,0.3014856067062004,0.4019607843137255,0.7941176470588235,1.0071264711372994,2.7336586316426597,,,0.7345907759693784,0.09098801104741396,0.02670514572646887,0.42193045136541063,0.47881067942884903,0.2949231478928115,0.3706125728673717,,0.3575953315171352,0.2099679125182249,0.2657009152773486,
loso,TT_mean,W1,blind,230201,LSTM_LG@elev,102.0,0.833749520354714,1.0165375519876334,1.0333485946010104,0.7209743697619889,0.6261414738620545,0.30871519363176,0.3431372549019608,0.7058823529411765,0.9137733211266059,2.3654172718524933,,,0.7209743697619889,0.0888179865222468,0.025607977523475118,0.4053780778079752,0.463887007444022,0.269937816951916,0.35551994153408273,,0.3392007939171441,0.18197208043174218,0.24809251559167278,
loso,TT_mean,W1,blind,230201,LSTM_LG@none,102.0,0.8415832840974585,1.0328798710740676,1.0668408280699826,0.7002282942692175,0.6263694773820623,0.3106781740566211,0.37254901960784315,0.7450980392156863,1.0121056759985638,2.692393488743726,,,0.7002282942692175,0.08256910971925593,0.021644981846297606,0.3861055725296243,0.4465108561565979,0.2696719716844994,0.3514219840474453,,0.3177833928562912,0.18167420326993133,0.2433114756440221,
loso,TT_mean,W2,blind,040114,Chronos,100.0,0.753479223790473,0.9052460283833886,0.8194703719038989,0.6495032776234547,0.6672401057043073,0.3715291924479706,0.13,0.29,0.2994546729710419,0.7215198656345184,,,0.6495032776234547,0.011379017464690895,0.06113080678907458,0.34934468338984503,0.3959731138457878,0.0966024599921369,0.27122122018232,,0.21920745822080523,-0.04050944403280976,0.10888756928107601,
loso,TT_mean,W2,blind,040114,Clim,100.0,0.9745108818274175,1.1647654853299982,1.3566786358160265,,0.7385896863284569,0.5097969407683862,0.3,0.68,1.034446058776683,2.540892151489108,,,0.0,0.0,0.07719595191005818,-0.07719595191005818,0.0,0.0,0.0,,-0.29264534357143357,-0.15177360791103456,-0.2227474995112444,
loso,TT_mean,W2,blind,040114,Damp,100.0,0.8460316029490774,1.0244689495344492,1.0495366285602177,0.5058464397431359,0.6412629020628741,0.4169274040406231,0.38,0.68,1.00843014257753,2.459221915771572,,,0.5058464397431359,0.05023422234065459,0.03897315510583582,0.16667324315431561,0.22639260260118022,0.13177381984494807,0.18216966266566148,,0.0,0.0,0.0,
loso,TT_mean,W2,blind,040114,Ensemble,100.0,0.6453391659816547,0.7995012391263044,0.6392022313644962,0.7924547467165987,0.5085519814313796,0.2582393289594934,0.34,0.56,0.6407595185696886,1.5904349421087045,,,0.7924547467165987,0.10400453062425923,0.03150332282336274,0.4924766721460466,0.5288477208310843,0.31145534409043685,0.4934466876747734,,0.39096720021923304,0.20695243745518055,0.3806132039851907,
loso,TT_mean,W2,blind,040114,GBM_L,100.0,0.7805317516776584,0.9441446857489977,0.8914091876280736,0.6196660401932066,0.5736917624123761,0.3418664909585953,0.32,0.63,0.8773507638228515,1.8737192260962825,,,0.6196660401932066,0.053427313107023276,0.038333059478830034,0.29222562878287545,0.3429474275668083,0.2232605287731425,0.3294065467648345,,0.15066405176260256,0.10537197681813315,0.18003353186809068,
loso,TT_mean,W2,blind,040114,GBM_L@elev,100.0,0.7758436724417805,0.936571390418905,0.8771659693512011,0.6382058434491853,0.56869804068493,0.3356786774515976,0.31,0.63,0.85695282171274,1.8206821733635765,,,0.6382058434491853,0.060756774632168734,0.04301525216786815,0.30353467181264915,0.35344602163385885,0.23002168699113767,0.34154434715585125,,0.16423501049742228,0.11315930041253075,0.19487499694577315,
loso,TT_mean,W2,blind,040114,GBM_L@none,100.0,0.7464793707999274,0.9041783167850208,0.8175384285441935,0.653620416017924,0.5546223856767839,0.32551464165043437,0.35,0.62,0.8421457764193349,1.7958473614802861,,,0.653620416017924,0.03770640394169812,0.03863460768059941,0.3508786366131465,0.3973971381568535,0.24907916270287755,0.3614817673095376,,0.2210482166156369,0.1351091979707183,0.21925342758539812,
loso,TT_mean,W2,blind,040114,GBM_LG,100.0,0.665313291273647,0.8246822604270329,0.6801008306630405,0.7240098577637871,0.5026896555123838,0.28680077090925027,0.34,0.61,0.69467198839149,1.689981435687871,,,0.7240098577637871,0.049681956894392997,0.01450492538787038,0.46000339185687583,0.4987015991049585,0.3193925330703392,0.4374215536151066,,0.35199895634321887,0.21609428224323446,0.31210861140395085,
loso,TT_mean,W2,blind,040114,GBM_LG@elev,100.0,0.6592069107195911,0.8160162712150852,0.6658825548877715,0.7271282032501561,0.501576606114196,0.28699851833043416,0.32,0.64,0.6650847892555967,1.6926307736563728,,,0.7271282032501561,0.04576294917812643,0.011659844116718474,0.4712926306669555,0.5091818081978929,0.3208995259498644,0.4370336591313032,,0.3655461498268555,0.21782999686918147,0.31163431439380607,
loso,TT_mean,W2,blind,040114,GBM_LG@none,100.0,0.6335558665332497,0.7782165223070616,0.6056209555916973,0.7805682060308822,0.49882377916156984,0.27577204435054775,0.33,0.63,0.6518269088455527,1.6143392025080214,,,0.7805682060308822,0.07795061559824665,0.012196073977996996,0.519140034690026,0.553600285577267,0.3246266656643526,0.45905512117257286,,0.4229634877798365,0.22212281802532607,0.33856100204035033,
loso,TT_mean,W2,blind,040114,LSTM_LG,100.0,0.6284741169275251,0.7707717989978915,0.594089166130446,0.8168214922599509,0.4694274227613364,0.2581240904026892,0.46,0.78,0.8705747376196087,2.2102293479442596,,,0.8168214922599509,0.10900378116834258,0.029897352049164813,0.5282962170002656,0.5621003010981239,0.3644273248725298,0.49367273563149616,,0.4339509932631571,0.2679641668787658,0.3808896035590431,
loso,TT_mean,W2,blind,040114,LSTM_LG@elev,100.0,0.6523359274982709,0.8012165681495257,0.6419479890773035,0.7819583602632079,0.4952229756186027,0.26894105914010735,0.44,0.67,0.7841977937147021,2.052575845718384,,,0.7819583602632079,0.10034645040384157,0.02081587232532353,0.49029655445635967,0.5268238386527114,0.3295019077772865,0.47245454487281013,,0.38835103834542206,0.22773799322317967,0.3549451138647072,
loso,TT_mean,W2,blind,040114,LSTM_LG@none,100.0,0.6735903735202605,0.8224284530584981,0.6763885604001942,0.7766752049148552,0.49529577313114265,0.27368763574546173,0.37,0.75,0.825336283352226,2.3201816245913505,,,0.7766752049148552,0.12682382060990874,0.013449637713227647,0.46295091560639595,0.50143789211116,0.3294033449163537,0.46314382480807204,,0.3555360127563322,0.22762447112123718,0.3435604541868994,
loso,TT_mean,W2,blind,040514,Chronos,100.0,0.7148240318374752,0.8844731537291481,0.7822927596675853,0.6818498173471135,0.6299733206231795,0.3844199629523725,0.12,0.28,0.2848479755560402,0.6866418346976859,,,0.6818498173471135,0.0016288958114936284,0.012119992123811289,0.45117028548098714,0.5137724725409938,0.22785404554817446,0.2150596774599427,,0.3964848157240858,0.13352779234851464,0.07914968347011475,
loso,TT_mean,W2,blind,040514,Clim,100.0,1.0193281001356398,1.268425265673286,1.608902654598346,,0.8158733682292234,0.48974419062635766,0.29,0.55,0.8077247592154413,2.0488298526437294,,,0.0,0.0,0.12875080805721098,-0.12875080805721098,0.0,0.0,0.0,,-0.24121969693868595,-0.12216116999100946,-0.17314691332205334,
loso,TT_mean,W2,blind,040514,Damp,100.0,0.9266780731384661,1.1385197132068188,1.296227137360537,0.6108822783783132,0.7270554266601116,0.41746194365335443,0.24,0.59,0.8338221529960087,2.0334117614358913,,,0.6108822783783132,0.20722939556526287,0.07533617359729025,0.09061158887412582,0.19434085483305197,0.10886241055016033,0.14759184152967286,,0.0,0.0,0.0,
loso,TT_mean,W2,blind,040514,Ensemble,100.0,0.7341868697326949,0.923232090014321,0.8523574920322113,0.7029170960865442,0.567701090471385,0.2974045820218294,0.29,0.62,0.640943642351931,1.6089943594139993,,,0.7029170960865442,0.07210950953397152,0.019967657213646954,0.4020152772231215,0.4702243236431245,0.3041798977903557,0.3927348446104808,,0.34243199554683157,0.21917770000116177,0.2875887573867484,
loso,TT_mean,W2,blind,040514,GBM_L,100.0,1.0056770443739662,1.194542493379613,1.4269317684895824,0.2994764663915379,0.7436823965015077,0.44586035234293964,0.2,0.61,0.7562974040441743,1.8133560087992402,,,0.2994764663915379,0.0029050254538494874,0.08786741676680071,-0.00108628829828826,0.11310248360190056,0.088483059429185,0.08960563315165171,,-0.10083466651932227,-0.02286891649757128,-0.06802634137392483,
loso,TT_mean,W2,blind,040514,GBM_L@elev,100.0,0.9287263797129548,1.1151185466489106,1.2434893730803789,0.4201014791434817,0.7233664487082706,0.4418796543018275,0.2,0.62,0.7371149111242963,1.7251300511177272,,,0.4201014791434817,9.166398372593543e-07,0.0488737443253855,0.12761059181331846,0.22711957151266593,0.11338391853840069,0.09773375006922269,,0.04068558878310957,0.005073860694207455,-0.058490866100955774,
loso,TT_mean,W2,blind,040514,GBM_L@none,100.0,0.9298764021726581,1.1130098235365682,1.2387908672889028,0.4328351374202364,0.719457604002522,0.43254300517865163,0.23,0.6,0.7723393184782529,1.763887089700471,,,0.4328351374202364,1.3134541783823492e-06,0.05643804073200136,0.13090690199941518,0.2300398885237962,0.11817491289850868,0.11679808876252051,,0.04431034377862941,0.010450128530766656,-0.03612559600838727,
loso,TT_mean,W2,blind,040514,GBM_LG,100.0,0.8925376422027032,1.1071879629421526,1.2258651852839935,0.41672394048254713,0.6788203840698848,0.37934135655687656,0.19,0.53,0.6219326260967183,1.5759277088729353,,,0.41672394048254713,0.001533539210663828,0.03215018709354591,0.13997511626709175,0.2380737381591156,0.16798315706369893,0.22542959402597829,,0.05428211618823153,0.0663430060783744,0.09131511908096668,
loso,TT_mean,W2,blind,040514,GBM_LG@elev,100.0,0.8779901189329635,1.0871313585756133,1.1818545907984588,0.45488243967762554,0.6759036074015331,0.3762490837300604,0.22,0.53,0.5920353784298215,1.518387573495068,,,0.45488243967762554,2.4606073632532957e-05,0.036041991041626524,0.1708514368118096,0.26542815538240094,0.17155819307042885,0.23174365121338736,,0.08823495764405231,0.07035477266644652,0.09872243578091455,
loso,TT_mean,W2,blind,040514,GBM_LG@none,100.0,0.8546790142927365,1.067491855837048,1.1395388622784253,0.4861262677104089,0.6747856714593893,0.3641450731167726,0.19,0.53,0.610324780438763,1.5577731543567577,,,0.4861262677104089,2.3381275840911485e-07,0.035779816701385594,0.20053869764390814,0.29172914282815643,0.17292842524821195,0.2564586163828718,,0.12088026131066099,0.07189239401022685,0.1277167208823573,
loso,TT_mean,W2,blind,040514,LSTM_LG,100.0,0.7229185250144888,0.9155428857015705,0.838218775558759,0.7201681439460652,0.5472542163352213,0.304101514305866,0.43,0.76,0.9500089109875262,2.3946371787786482,,,0.7201681439460652,0.08931481099165627,0.01739282977843487,0.41193451478462934,0.4790121247155156,0.32924123075253053,0.37906049703839106,,0.3533395873306624,0.24730055471953016,0.27154673874085844,
loso,TT_mean,W2,blind,040514,LSTM_LG@elev,100.0,0.7487780123847857,0.9380773723734417,0.8799891565590608,0.683306739674794,0.5742354813878281,0.31470019867826626,0.38,0.73,0.8070119671151041,2.4256176453828813,,,0.683306739674794,0.07505419922643901,0.009224050228566366,0.38262985102999136,0.4530500934633951,0.29617082288866436,0.35741923089321215,,0.32111500276799265,0.2101902271389341,0.24615835416226073,
loso,TT_mean,W2,blind,040514,LSTM_LG@none,100.0,0.7404235333091168,0.9308164123270114,0.866419193457329,0.6959836062513063,0.5731670789602785,0.3084846317787987,0.33,0.69,0.7631606591120362,2.0612160176038743,,,0.6959836062513063,0.07277685251186611,0.01946625688601729,0.39215007077269,0.4614843906304412,0.29748034280824254,0.37011068700118177,,0.3315838185415646,0.21165971954401452,0.26104729672088767,
loso,TT_mean,W2,blind,150701,Chronos,100.0,0.5362411154997327,0.6508955115323379,0.4236649669329438,0.6705039658582732,0.4842951859691717,0.4239637085208393,0.09,0.21,0.16623176646302454,0.3977023394714509,,,0.6705039658582732,0.0014351194499148275,0.03842945719748267,0.40971099158427493,0.41863470674458736,0.02284640560405027,0.1294753838760233,,0.03599203306679366,-0.21704663347276631,-0.10891174127464232,
loso,TT_mean,W2,blind,150701,Clim,100.0,0.7047207873577003,0.8536635261330447,0.7287414158499036,,0.49561828227071103,0.48702093044599226,0.32,0.75,0.8747550437663436,2.086239313651989,,,0.0,0.0,0.01534958358168019,-0.01534958358168019,0.0,0.0,0.0,,-0.6581794237064755,-0.24550187447768845,-0.27384306053525265,
loso,TT_mean,W2,blind,150701,Damp,100.0,0.545933472978302,0.6629350255758998,0.43948284813531885,0.6479931765556735,0.3979265647260087,0.38232412259745113,0.33,0.85,0.7566968856034202,1.8453291766107212,,,0.6479931765556735,0.011590259555216928,0.020632833033594915,0.38767206427390033,0.39692895370470105,0.19711080288870841,0.2149739391131803,,0.0,0.0,0.0,
loso,TT_mean,W2,blind,150701,Ensemble,100.0,0.4676131597922361,0.5602301204642159,0.3138577878753499,0.7974246200910912,0.3448181186319079,0.319907249745209,0.32,0.8,0.6085570158970564,1.5014579626885671,,,0.7974246200910912,0.07247302292910117,0.0007085462699412531,0.5627044555283787,0.5693152865350606,0.30426674929726416,0.3431344943383602,,0.2858474700275183,0.13346293211328686,0.16325643390794042,
loso,TT_mean,W2,blind,150701,GBM_L,100.0,0.614358572648505,0.721572851925557,0.5206673806359818,0.5400022906674573,0.4535544451093439,0.4691398421030524,0.35,0.72,0.799367099291141,1.7157847798609578,,,0.5400022906674573,0.014440923373617251,0.0026032458028532697,0.27455830474963056,0.2855251954786361,0.08487143970688216,0.036715235886402575,,-0.18472741961403205,-0.13979433723314671,-0.22707361208544374,
loso,TT_mean,W2,blind,150701,GBM_L@elev,100.0,0.6339267354480688,0.741175531254824,0.5493411681308706,0.4986712332314118,0.46309470857812934,0.4760493611568128,0.35,0.75,0.8487161653897028,1.7830478413483304,,,0.4986712332314118,0.008642361050844913,0.005423291731541079,0.23460734607015113,0.24617819684339637,0.06562222350550229,0.022527921498429637,,-0.2499718031355933,-0.16376927209419168,-0.24514602406619512,
loso,TT_mean,W2,blind,150701,GBM_L@none,100.0,0.6234218925305889,0.7249262686479967,0.5255180949759075,0.5255145853718602,0.45534819356763284,0.466034959804231,0.34,0.75,0.7835758316786139,1.7677048799993726,,,0.5255145853718602,0.007473245336352107,0.0008924908287534302,0.26779984327345263,0.278868905285127,0.08125222604496718,0.04309049022296274,,-0.195764743051128,-0.1443020746331969,-0.21895253858966934,
loso,TT_mean,W2,blind,150701,GBM_LG,100.0,0.4836242011217077,0.60377785891696,0.3645477029183485,0.7207072237049383,0.3664266024600768,0.3725507194950199,0.38,0.8,0.6022375446354681,1.501905590881685,,,0.7207072237049383,0.01161566914417521,0.01572463065519526,0.4920786025011096,0.49975712236254577,0.2606677042233656,0.23504166616852706,,0.1705075534458571,0.0791602397483091,0.025563134850169034,
loso,TT_mean,W2,blind,150701,GBM_LG@elev,100.0,0.4698376416205567,0.5906846966204968,0.3489084108216484,0.7397073235882633,0.3688982438341821,0.37576948125756204,0.39,0.78,0.6225101104535296,1.5380810917283478,,,0.7397073235882633,0.014258741171913338,0.01903948035864564,0.5138687030395526,0.5212178102781084,0.25568071834628825,0.22843258314699333,,0.2060932245660294,0.07294893949041548,0.017144200306687063,
loso,TT_mean,W2,blind,150701,GBM_LG@none,100.0,0.48146240869676427,0.5976254945421532,0.35715623172675315,0.7316565880583056,0.3737862198581044,0.3767994160103721,0.36,0.78,0.604147105058756,1.5479156114400932,,,0.7316565880583056,0.015658134940009054,0.01728614774059908,0.5023770801685129,0.5098999124261171,0.24581833796450003,0.22631781828079578,,0.1873261192282456,0.06066532623808629,0.014450321757217499,
loso,TT_mean,W2,blind,150701,LSTM_LG,100.0,0.4748291544770202,0.5738966027772354,0.3293573106792519,0.7874493498531165,0.3463756070657489,0.32162547166542205,0.57,0.96,0.9765399336814881,2.4047728660702705,,,0.7874493498531165,0.07819094130766162,0.0007764428492263522,0.541109094427208,0.5480463940763749,0.3011242331925207,0.33960646953942686,,0.25057983018749974,0.12954892241425264,0.15876228400042303,
loso,TT_mean,W2,blind,150701,LSTM_LG@elev,100.0,0.43000203101392387,0.5229562345052805,0.2734832232079419,0.8148479924862827,0.32368100482853895,0.2963127656198721,0.61,0.98,1.00491008464247,2.6470474392175674,,,0.8148479924862827,0.044776490469163106,0.00024274697276737816,0.6189580134169945,0.624718429253827,0.3469147196395359,0.3915810448874919,,0.37771582129244985,0.1865810591172552,0.22496973613182214,
loso,TT_mean,W2,blind,150701,LSTM_LG@none,100.0,0.47001344843189985,0.5653001726640748,0.3195642852140328,0.7924712965813112,0.34002779763907504,0.3314954067326515,0.45,0.88,0.7669431778043508,2.027307049036026,,,0.7924712965813112,0.07066386757937654,0.0025932498781940723,0.554753638447694,0.5614846662154682,0.3139320928977578,0.31934053341591984,,0.2728628965387122,0.14550113568517264,0.13294666190424276,
loso,TT_mean,W2,blind,151007,Chronos,97.0,0.48751390653861,0.6154717269063312,0.3788054466210616,0.2856144366986839,0.43561646508263246,0.5485340409472156,0.08247422680412371,0.32989690721649484,0.17278782177966126,0.40747310464443226,,,0.2856144366986839,1.5189155798079285e-05,0.08858919427471672,-0.007028776979808277,0.004846850087468768,-0.19447091907291147,-0.26216996306871665,,0.09123175082397095,-0.13962640310048147,-0.18353537432189215,
loso,TT_mean,W2,blind,151007,Clim,97.0,0.4881809520118659,0.6169687204839153,0.38065040205555956,,0.36469407344026106,0.4345960187592831,0.5154639175257731,0.9381443298969072,0.8731451738014273,2.223712159524123,,,0.0,0.0,0.011933466791840734,-0.011933466791840734,0.0,0.0,0.0,,0.08680563463432223,0.0459153212495097,0.06230110923860055,
loso,TT_mean,W2,blind,151007,Damp,97.0,0.5141031774486313,0.6456267779807973,0.4168339364458657,0.08260949365095833,0.38224497422794784,0.46347076128712994,0.4948453608247423,0.8762886597938144,0.8450097068268768,2.060694442112634,,,0.08260949365095833,0.11421178752846403,0.0007374978453011588,-0.10812495693249746,-0.09505712904783636,-0.04812499589621577,-0.06644042117615467,,0.0,0.0,0.0,
loso,TT_mean,W2,blind,151007,Ensemble,97.0,0.4258690690548119,0.5490828998749734,0.30149203093511,0.4622363469532949,0.3398133362746827,0.41497909141276296,0.35051546391752575,0.7216494845360825,0.4816524613001182,1.1886346728854587,,,0.4622363469532949,0.015103366564930547,5.534034045275157e-05,0.1985037335393435,0.20795556944898652,0.06822358512950721,0.04513830430965293,,0.2767094889015477,0.11100639855100236,0.10462724712061255,
loso,TT_mean,W2,blind,151007,GBM_L,97.0,0.4948634135266636,0.6358616065432781,0.4043199826757986,0.2069083427325234,0.3690055355808393,0.4368915282129366,0.5257731958762887,0.8247422680412371,0.7824174068698825,1.7235169760664717,,,0.2069083427325234,0.08310276796728344,0.03456574765466448,-0.07485745332962856,-0.06218194041677183,-0.011822133822760206,-0.00528193852352099,,0.030021437018221908,0.034636004499076334,0.05734824134402505,
loso,TT_mean,W2,blind,151007,GBM_L@elev,97.0,0.49265271358548585,0.6317605184341416,0.3991213526521754,0.22997739682035212,0.3693275837161585,0.432096857143486,0.5876288659793815,0.8247422680412371,0.8341679822091916,1.900003433834445,,,0.22997739682035212,0.05938866601296873,0.05453818244194676,-0.06103724540664979,-0.0485247105923714,-0.012705197625473286,0.005750539599814863,,0.042493142340368495,0.03379348685454853,0.06769338384262635,
loso,TT_mean,W2,blind,151007,GBM_L@none,97.0,0.4897021252055929,0.6302035309546374,0.39715649042769263,0.2279301653693085,0.36533178261365495,0.4254163896194541,0.5257731958762887,0.8247422680412371,0.737939876319643,1.7895095518175346,,,0.2279301653693085,0.0688123313742419,0.03895362037713812,-0.05581379146609971,-0.04336285547840779,-0.0017486140297762187,0.021122211763549337,,0.04720691934527399,0.044246995394652044,0.08210738377970817,
loso,TT_mean,W2,blind,151007,GBM_LG,97.0,0.4628789210773472,0.6005046360649818,0.36060581793553625,0.4860567243520489,0.35619795128445814,0.4232301865271136,0.4536082474226804,0.8247422680412371,0.6060777419017774,1.4861035019328357,,,0.4860567243520489,0.16305828729298716,0.031839141393895265,0.04135371060096121,0.05265877564237442,0.023296573140486387,0.026152637717707372,,0.134893331837994,0.06814222475023801,0.08682440861697949,
loso,TT_mean,W2,blind,151007,GBM_LG@elev,97.0,0.46364242032824576,0.6096557231324509,0.3716801007481516,0.46398679003187643,0.3540036211809875,0.41990205567743466,0.41237113402061853,0.8247422680412371,0.6278276584951951,1.5569945231774631,,,0.46398679003187643,0.1767665337991917,0.026603732211447993,0.011913475313444912,0.023565721352104774,0.029313479537595777,0.03381062514976063,,0.10832571858884199,0.07388286295719593,0.09400529493748055,
loso,TT_mean,W2,blind,151007,GBM_LG@none,97.0,0.45731990836312175,0.5944121110772361,0.35332575779529646,0.4655917605764065,0.3537196072723236,0.4209276792602589,0.422680412371134,0.8041237113402062,0.6029583766177866,1.482032358098337,,,0.4655917605764065,0.1341534138005944,0.021915013358183726,0.06070726035785971,0.07178409404720609,0.030092252567781697,0.03145067812182356,,0.15235846484111082,0.07462587837352042,0.09179237522712824,
loso,TT_mean,W2,blind,151007,LSTM_LG,97.0,0.4678371427539051,0.5984556479817417,0.35814916260124635,0.39315207106324446,0.35690432709271347,0.4309197572002182,0.4536082474226804,0.7628865979381443,0.619986240627225,1.5543542284633696,,,0.39315207106324446,0.09672480884253033,0.009959178724547357,0.04788456341424072,0.05911261181599636,0.02135967353147461,0.008459031837337538,,0.14078693866673875,0.06629425850900206,0.07023313400938735,
loso,TT_mean,W2,blind,151007,LSTM_LG@elev,97.0,0.44651793146134783,0.5842374435893324,0.3413333904917984,0.4139276898423199,0.344317609819898,0.40509990662704415,0.5670103092783505,0.9175257731958762,0.7652008892949095,2.07617809723333,,,0.4139276898423199,0.05731666892242494,0.0214313020409058,0.09258816145486906,0.10328903201321848,0.0558727577559629,0.06787018485914043,,0.1811285966728685,0.09922266338401153,0.12594290629678762,
loso,TT_mean,W2,blind,151007,LSTM_LG@none,97.0,0.49050684035086745,0.6267984785831865,0.3928763327541973,0.33308584869185415,0.3787464512821385,0.4594406417759638,0.5567010309278351,0.8247422680412371,0.7616245196652167,1.8683294811353242,,,0.33308584869185415,0.12642845894112525,0.028953004107952443,-0.04443528045030494,-0.032118528267975455,-0.03853196107443546,-0.057167166619723986,,0.05747517559616877,0.009152567546180546,0.00869552051131317,
loso,TT_mean,W2,blind,230201,Chronos,100.0,0.8077085662569139,0.9751570755103499,0.9509313219178982,0.6322029041242901,0.7058238354015424,0.4290298755004657,0.12,0.34,0.34903816029662266,0.811932439732598,,,0.6322029041242901,0.005884827304030195,0.12439846540172535,0.2693972192774309,0.3602170472093613,0.09906007897254976,0.13878050872633152,,0.21271635866728933,-0.017068817988622698,0.03721327260508711,
loso,TT_mean,W2,blind,230201,Clim,100.0,1.0338739485411228,1.219153091430997,1.4863342603457568,,0.7834305250860751,0.49816554298599064,0.28,0.67,1.1280686306992223,2.903302081907105,,,0.0,0.0,0.14195412293464146,-0.14195412293464146,0.0,0.0,0.0,,-0.23054801303894656,-0.12889749277480878,-0.11793420510146069,
loso,TT_mean,W2,blind,230201,Damp,100.0,0.9318821443354817,1.0990285197538896,1.2078636872324255,0.4471669025375632,0.6939784436587043,0.445612577835722,0.36,0.74,1.1777278547432553,2.8720820896888064,,,0.4471669025375632,0.042851955609848495,0.08511080698133751,0.07199547613385253,0.18735393547919188,0.11417997967023663,0.10549297495621157,,0.0,0.0,0.0,
loso,TT_mean,W2,blind,230201,Ensemble,100.0,0.7033601945455297,0.8597997321289806,0.7392555793690668,0.7722939542519616,0.5601677800137008,0.29201726021356267,0.33,0.52,0.6260908166580026,1.5508505374651247,,,0.7722939542519616,0.10537267703041377,0.05903708248941464,0.43202819225430256,0.5026316764056167,0.2849809114188454,0.41381481653022567,,0.38796439765241975,0.19281674361460577,0.34468353287546394,
loso,TT_mean,W2,blind,230201,GBM_L,100.0,0.7894798658711278,0.9588162489538258,0.9193285992578849,0.6314036527421998,0.5972664294844805,0.3406774002303215,0.28,0.55,0.783318911577927,1.6422553990822302,,,0.6314036527421998,0.0522803860521944,0.05271252090147173,0.2936776657425263,0.3814792380254848,0.2376268088113377,0.31613616191053584,,0.23888050532892513,0.13935881590838917,0.23548522376782088,
loso,TT_mean,W2,blind,230201,GBM_L@elev,100.0,0.7659390092910349,0.9382606056872432,0.8803329641845926,0.6358799921676841,0.5869578221828222,0.3327842926997209,0.3,0.54,0.7845970176520487,1.6375179502724553,,,0.6358799921676841,0.03967884815283102,0.041026412009592624,0.3236381042767503,0.4077153520098459,0.25078510041674273,0.33198050851726735,,0.271165303262244,0.15421317831093084,0.25319816079696933,
loso,TT_mean,W2,blind,230201,GBM_L@none,100.0,0.755584340472295,0.9211550815016621,0.8485266841763338,0.6599660081194216,0.5769841438509713,0.32159400825878415,0.31,0.53,0.7760426462310892,1.6107175665975264,,,0.6599660081194216,0.04585455964142683,0.04162562789835366,0.348074944333304,0.42911449543055924,0.2635158761683707,0.3544434921549201,,0.2974979766793383,0.16858491913802187,0.2783102985541358,
loso,TT_mean,W2,blind,230201,GBM_LG,100.0,0.71860392411883,0.880441849238466,0.7751778498904498,0.7222104675665101,0.5715075810531962,0.3121532924112549,0.3,0.53,0.6041794002900417,1.4953455063971008,,,0.7222104675665101,0.07578361435447593,0.04137531814358532,0.4044290269645759,0.4784633103255489,0.27050636558946317,0.3733944532971578,,0.3582240627941945,0.17647646511876203,0.29949622623459193,
loso,TT_mean,W2,blind,230201,GBM_LG@elev,100.0,0.6969879153266797,0.8525184039060295,0.726787628998484,0.7368200836075077,0.5589024442849184,0.2986217058932731,0.28,0.52,0.603262459294278,1.495154704675065,,,0.7368200836075077,0.06889734777865611,0.03239913985548672,0.44160734797323187,0.5110200656819847,0.2865960332302445,0.40055728442528815,,0.39828671340905164,0.19464005057802003,0.32986248426012366,
loso,TT_mean,W2,blind,230201,GBM_LG@none,100.0,0.7026773923383552,0.8517497567914538,0.7254776481943007,0.7425716424083241,0.5583075020212006,0.283747022267429,0.28,0.53,0.5832970745594815,1.4763893805236052,,,0.7425716424083241,0.07184179077869315,0.03695704401105149,0.4426138093192513,0.5119014157518396,0.2873554397693916,0.4304162014766073,,0.39937125698630316,0.19549734271606,0.36324278895908046,
loso,TT_mean,W2,blind,230201,LSTM_LG,100.0,0.675870578019456,0.8161829214939648,0.6661545613384234,0.8089226668564854,0.5026449887372398,0.27346991901963535,0.38,0.77,0.8731080394238233,2.206960637867451,,,0.8089226668564854,0.13023003058295932,0.035933973299916155,0.488191877071333,0.5518137614728331,0.3584051519028896,0.4510460972863275,,0.44848531470899544,0.27570518460593774,0.38630565513244597,
loso,TT_mean,W2,blind,230201,LSTM_LG@elev,100.0,0.7100156743481486,0.853116145316628,0.727807157399902,0.7759707911073639,0.5435793046781562,0.29600563631071247,0.33,0.6,0.7611940303444862,1.9012235142290592,,,0.7759707911073639,0.11957031759830043,0.04173630915918358,0.4408240418943042,0.5103341308767271,0.3061550612692384,0.40580869054799984,,0.39744263769736765,0.2167201882923524,0.3357332107895822,
loso,TT_mean,W2,blind,230201,LSTM_LG@none,100.0,0.6808629304295656,0.8230064483068161,0.6773396139546,0.7893211143533516,0.5100431533194483,0.2578485318914688,0.33,0.71,0.8130019621364772,2.176963355541229,,,0.7893211143533516,0.11626594152426356,0.027163505312443867,0.47959837472730943,0.5442885008941161,0.3489618581514806,0.48240392070087434,,0.4392251202562548,0.26504467396643616,0.42136163852509945,
loso,TT_mean,W3_4,blind,040114,Chronos,96.0,0.7199001648428922,0.8506037544450685,0.7235267470760465,0.6700302739952912,0.6396107523282913,0.4128302828507609,0.14583333333333334,0.25,0.2771119645778007,0.675713706136715,,,0.6700302739952912,0.04017079661314955,0.08321900127291355,0.32555077018414197,0.3812667762672176,0.10584453941612237,0.2194762473275651,,0.12706301269236864,-0.09315670734986647,-0.02245637926319155,
loso,TT_mean,W3_4,blind,040114,Clim,96.0,0.9448357457123194,1.0813731373339728,1.1693678621475192,,0.7153238788147979,0.528914439102297,0.17708333333333334,0.59375,0.8263821218859168,2.0384169553877407,,,0.0,0.0,0.09004851193692892,-0.09004851193692892,0.0,0.0,0.0,,-0.41084550469304393,-0.22255777159381496,-0.3099619015595665,
loso,TT_mean,W3_4,blind,040114,Damp,96.0,0.7688620273955147,0.9104075435452651,0.8288418953441238,0.5885589968393866,0.5851043569763168,0.4037632227873203,0.2708333333333333,0.625,0.7864999070654003,1.9180087212226848,,,0.5885589968393866,0.06719951858509653,0.05182292415199958,0.22737925002348897,0.2912051697555864,0.182042744126253,0.23661902013374847,,0.0,0.0,0.0,
loso,TT_mean,W3_4,blind,040114,Ensemble,96.0,0.5946010817534959,0.7155980743896547,0.5120806040701817,0.8473918323755569,0.47373947105349634,0.23453842088168994,0.21875,0.5208333333333334,0.4717423829547074,1.1712808117486002,,,0.8473918323755569,0.15631135305755445,0.03910724719720176,0.5226543173220478,0.5620876709149878,0.3377273077498498,0.556566424467894,,0.38217335906074956,0.19033337317522003,0.41911891018060465,
loso,TT_mean,W3_4,blind,040114,GBM_L,96.0,0.762751742443666,0.9200359126823366,0.8464660806252201,0.5542529847157761,0.5825424852023154,0.3932300487283671,0.20833333333333334,0.53125,0.5408947530952751,1.3499977029942718,,,0.5542529847157761,0.04265808988897123,0.053587750944832854,0.21095053023254223,0.27613362054375,0.18562415927241882,0.25653372330734814,,-0.021263627454279455,0.004378486920248781,0.02608750243828306,
loso,TT_mean,W3_4,blind,040114,GBM_L@elev,96.0,0.7337773946230302,0.8923014900616444,0.7962019491662309,0.5860333038787117,0.5725346567991911,0.38138759256737287,0.20833333333333334,0.5416666666666666,0.5352610147739454,1.3438430690290124,,,0.5860333038787117,0.038863821477289916,0.046766014614221134,0.2578051971634874,0.3191176404454772,0.19961478463740168,0.2789238402818326,,0.03938018379770869,0.021482834689666164,0.05541770264631973,
loso,TT_mean,W3_4,blind,040114,GBM_L@none,96.0,0.7107663699434427,0.8613117509202148,0.7418579322732463,0.6361103327209928,0.5614762913239194,0.38540587745440646,0.20833333333333334,0.5416666666666666,0.5316447262912857,1.322999584322824,,,0.6361103327209928,0.05386650933625865,0.04230683909469016,0.3084630069634634,0.36559062696417877,0.21507402737034953,0.27132660982267987,,0.10494638791727928,0.04038265203578684,0.04546562018746181,
loso,TT_mean,W3_4,blind,040114,GBM_LG,96.0,0.5803956168353891,0.7324848886134515,0.5365341120470605,0.7885440139119082,0.4697903532950132,0.23535374305225853,0.23958333333333334,0.5520833333333334,0.4592126299826709,1.1624813156724814,,,0.7885440139119082,0.10265929199488874,0.019282855499206986,0.49985951438220794,0.5411759383726119,0.3432480485994721,0.5550249234040311,,0.3526701352079954,0.19708279780588123,0.41709960251573086,
loso,TT_mean,W3_4,blind,040114,GBM_LG@elev,96.0,0.5715357539015717,0.720230637367932,0.5187321710034176,0.7807548129720527,0.46298935143402664,0.23718553495678765,0.19791666666666666,0.53125,0.4333775931980954,1.1491730236991868,,,0.7807548129720527,0.07745220765478629,0.015671937733396927,0.5164539325908418,0.5563994977159907,0.35275563259380904,0.5515616186252126,,0.3741482254730293,0.20870636850723878,0.4125628052019893,
loso,TT_mean,W3_4,blind,040114,GBM_LG@none,96.0,0.5561703230096603,0.6917959734590495,0.478581668894154,0.8296492475776718,0.4529294524904848,0.22096403637725825,0.19791666666666666,0.5416666666666666,0.441093769677559,1.1502379732913348,,,0.8296492475776718,0.11512365587836176,0.019313230720087674,0.5538809874077474,0.5907347171186585,0.3668190509158842,0.5822310376848651,,0.4225899154199324,0.22589970987206653,0.45273857571309895,
loso,TT_mean,W3_4,blind,040114,LSTM_LG,96.0,0.5361785969127718,0.6465493826883303,0.41802610425466097,0.8836047523865086,0.4000306520689329,0.20397253666700102,0.34375,0.7395833333333334,0.6416022250778042,1.582797013145561,,,0.8836047523865086,0.13897054143444726,0.031457807327439795,0.6103290096781361,0.6425195887571555,0.4407698891140981,0.6143562709061327,,0.49565036878221236,0.31630888182716976,0.49482140731167523,
loso,TT_mean,W3_4,blind,040114,LSTM_LG@elev,96.0,0.5511917987257724,0.6775713403970006,0.45910292132738806,0.84472460544501,0.4296998049571445,0.21039672785427585,0.3333333333333333,0.7083333333333334,0.5389014413037027,1.4857431140262634,,,0.84472460544501,0.11866470711280269,0.02285647919604534,0.5720384727353799,0.6073922191736523,0.39929335831888724,0.6022102776937365,,0.4460910773136355,0.2656014267647345,0.4789106189468352,
loso,TT_mean,W3_4,blind,040114,LSTM_LG@none,96.0,0.5613539067979,0.7002972224124631,0.4904161997186107,0.8435375296653485,0.4210555474949527,0.2218611941485451,0.34375,0.6979166666666666,0.662795327041143,2.0365635574174425,,,0.8435375296653485,0.1553270194616465,0.01337934026606299,0.5428492042262091,0.5806142655417502,0.41137775493726125,0.5805348129177561,,0.40831152180718777,0.28037529976554976,0.4505165858917045,
loso,TT_mean,W3_4,blind,040514,Chronos,96.0,0.693376075760748,0.886469734875778,0.785828590850732,0.6383879778456678,0.6115542211996375,0.3971291222208683,0.14583333333333334,0.3125,0.3037802575175495,0.7256014936190693,,,0.6383879778456678,0.007691510951066413,0.04879518754988725,0.3510525117569272,0.4381026205443913,0.2243413154859648,0.18823746042907308,,0.29552331494033945,0.12215530484858539,0.0033121863956607767,
loso,TT_mean,W3_4,blind,040514,Clim,96.0,0.9628320498682327,1.1825932873759697,1.3985268833467028,,0.7884321202215222,0.4892183401697481,0.28125,0.46875,0.6435708277065944,1.5012032863473879,,,0.0,0.0,0.15492172053160708,-0.15492172053160708,0.0,0.0,0.0,,-0.2537461657895417,-0.1317409482772709,-0.22780710493386191,
loso,TT_mean,W3_4,blind,040514,Damp,96.0,0.8550098258209048,1.056162152693637,1.1154784927824573,0.6031022847755068,0.6966542311839725,0.39844885911138356,0.25,0.5208333333333334,0.62183637476855,1.5164497532234293,,,0.6031022847755068,0.18898822885422076,0.09592080904469287,0.0788233280025228,0.2023903822906179,0.11640556832180204,0.18553981648944207,,0.0,0.0,0.0,
loso,TT_mean,W3_4,blind,040514,Ensemble,96.0,0.6796195933788726,0.8349683208013322,0.6971720967417965,0.7680555638770289,0.5381501793962936,0.2908283135554104,0.15625,0.4895833333333333,0.44236591608345827,1.1895259694523967,,,0.7680555638770289,0.12169035310658163,0.04395279647078053,0.4242661996250987,0.5014953912981281,0.31744259829864363,0.4055245078209878,,0.3750017582116124,0.2275218389448369,0.2700987669935544,
loso,TT_mean,W3_4,blind,040514,GBM_L,96.0,0.8878329574416085,1.0595140527326137,1.1225700279378878,0.43820791774685225,0.6725080277363976,0.4033359237552154,0.16666666666666666,0.4479166666666667,0.47417694320713166,1.2928681688353392,,,0.43820791774685225,0.007513146778671968,0.11154598651600812,0.07296704588135193,0.19731966449471805,0.14703116414454798,0.1755502796251126,,-0.006357392994410294,0.03466024085799091,-0.012265224337022484,
loso,TT_mean,W3_4,blind,040514,GBM_L@elev,96.0,0.8550243900855712,1.0168889802743482,1.0340631982034034,0.497596445728903,0.6625272737068834,0.407027308139148,0.17708333333333334,0.4375,0.4853845351786435,1.3045526580659976,,,0.497596445728903,0.016836961545035122,0.08470812229775541,0.1460571389592466,0.26060541951909455,0.15969015376905737,0.16800480538420037,,0.07298687971649809,0.04898693777986529,-0.02152961122010999,
loso,TT_mean,W3_4,blind,040514,GBM_L@none,96.0,0.8557023638316036,1.0224920129093813,1.0454899164634786,0.49920051736969495,0.6559790341277294,0.4010701135672445,0.17708333333333334,0.4479166666666667,0.5056110439251041,1.3070533379573819,,,0.49920051736969495,0.012633388896576477,0.09994696149489209,0.13662080615070255,0.25243488064984476,0.16799554799540384,0.1801817703153118,,0.06274309793674182,0.05838649251740724,-0.0065786471611608555,
loso,TT_mean,W3_4,blind,040514,GBM_LG,96.0,0.7919662572997002,0.926406754918138,0.8582294755579549,0.6156589698799712,0.6179632176459706,0.3601258483844749,0.13541666666666666,0.3958333333333333,0.3684268670240869,1.083779951447695,,,0.6156589698799712,0.031069047812426323,0.056704001467499945,0.291262917913741,0.3863332297880505,0.21621252889551945,0.2638750046461481,,0.2306176397743166,0.11295562420437111,0.09618050058513461,
loso,TT_mean,W3_4,blind,040514,GBM_LG@elev,96.0,0.7841350859960402,0.9177097962683829,0.8421912701669568,0.6198321589186285,0.6160647651396087,0.3625813030970386,0.13541666666666666,0.4166666666666667,0.39122573808447547,1.0965391434440113,,,0.6198321589186285,0.02655930973224208,0.05312511862318681,0.3045074768742991,0.3978011576355428,0.21862041215860684,0.25885586592843013,,0.2449955103426611,0.11568072429187859,0.09001796640687187,
loso,TT_mean,W3_4,blind,040514,GBM_LG@none,96.0,0.7851932589496396,0.9220002955759942,0.8500845450422205,0.6200763682360394,0.6119083077278868,0.356534952929562,0.13541666666666666,0.40625,0.38190527893947074,1.0773279978433086,,,0.6200763682360394,0.02255028955072089,0.06395530524679724,0.29798910764727815,0.392157165396813,0.223892213376642,0.2712150717696885,,0.23791937671360774,0.12164703760150697,0.10519268715010888,
loso,TT_mean,W3_4,blind,040514,LSTM_LG,96.0,0.6460175837553718,0.8045030509118785,0.6472251589265205,0.7839531187205512,0.4948567430525334,0.265326992285136,0.28125,0.6458333333333334,0.6223551642809374,1.6633123935510714,,,0.7839531187205512,0.11857325375213264,0.03049620700875584,0.46551303159079016,0.5372093546191277,0.37235339560557756,0.45765117433440183,,0.41977800279046384,0.2896666367596473,0.33410025849524216,
loso,TT_mean,W3_4,blind,040514,LSTM_LG@elev,96.0,0.6454711284237801,0.7966351554098,0.6346275708347963,0.7617583024830249,0.5012762335737727,0.2601497211723413,0.28125,0.7083333333333334,0.5955006909401467,1.587048395924891,,,0.7617583024830249,0.0925332758175176,0.011826151623685893,0.4759162839606162,0.5462171100235701,0.36421129896010396,0.4682339155926267,,0.4310714415911535,0.2804518925811338,0.3470938234017674,
loso,TT_mean,W3_4,blind,040514,LSTM_LG@none,96.0,0.6517720060333984,0.8106521545518929,0.6571569156796261,0.7616771748561867,0.5044365813541799,0.26592261598466,0.25,0.65625,0.5506986851881569,1.7407986003284652,,,0.7616771748561867,0.09182436852471683,0.031016492700851904,0.4573112574713333,0.5301077701795504,0.36020290343771044,0.45643367357734244,,0.4108744185283131,0.2759154272315497,0.3326054024154622,
loso,TT_mean,W3_4,blind,150701,Chronos,96.0,0.4834761212381713,0.5965135914759307,0.3558284648155136,0.7291175263094838,0.43476023091073546,0.4283936179002345,0.09375,0.2604166666666667,0.1651952752639166,0.3930325144667828,,,0.7291175263094838,0.0288388990007844,0.08692535683173312,0.4158481113391433,0.42564734924128955,0.07666547068174556,0.15593956288481503,,0.0032098855729219,-0.19928863696081778,-0.13032198694391717,
loso,TT_mean,W3_4,blind,150701,Clim,96.0,0.6642488640814549,0.7871020229196958,0.6195295944842772,,0.470858845960999,0.5075390328261217,0.2708333333333333,0.8125,0.752046259059927,1.8985282236866468,,,0.0,0.0,0.017061360976052337,-0.017061360976052337,0.0,0.0,0.0,,-0.7355018961091844,-0.2988668774753982,-0.3391481666965839,
loso,TT_mean,W3_4,blind,150701,Damp,96.0,0.488134900974231,0.5974732726306061,0.35697431150792663,0.6711174854387213,0.3625150922904472,0.37900140212126116,0.3854166666666667,0.8229166666666666,0.6747690133800311,1.6455346540379274,,,0.6711174854387213,0.01378967634385899,0.022641990410399486,0.4139670125073338,0.42379780613210705,0.23009815914029963,0.25325664114763047,,0.0,0.0,0.0,
loso,TT_mean,W3_4,blind,150701,Ensemble,96.0,0.41668768562182684,0.49464214367746945,0.24467085030184235,0.8310232634966379,0.31383005370875067,0.3306815548722862,0.3020833333333333,0.7395833333333334,0.46121527134540824,1.2683593581830466,,,0.8310232634966379,0.08819065800279778,0.004077094991562961,0.5983319114782417,0.6050699555272792,0.33349440835450483,0.3484608404777122,,0.3145981589871084,0.13429796335952282,0.1274925289946952,
loso,TT_mean,W3_4,blind,150701,GBM_L,96.0,0.5381827438311361,0.6443746480839748,0.41521868709334636,0.5969042112281141,0.4217341673800406,0.5078415912565611,0.2708333333333333,0.6458333333333334,0.5227427799445662,1.3113027489001992,,,0.5969042112281141,0.03501577596443682,0.0029297248429054866,0.31834913657451475,0.32978393479492774,0.10432994729173528,-0.0005961283977602427,,-0.16316125196623976,-0.16335616460940905,-0.3399464709475606,
loso,TT_mean,W3_4,blind,150701,GBM_L@elev,96.0,0.5610901531328697,0.6693691950517179,0.4480551192841847,0.541022634791985,0.43833185152239623,0.5253927940667394,0.25,0.6354166666666666,0.5635883559998981,1.281292162689214,,,0.541022634791985,0.02313576644420608,0.005127079184087392,0.2644426457289681,0.276781733635881,0.06908013880936392,-0.03517711956300751,,-0.25514667257572565,-0.20914097328451264,-0.3862555418690521,
loso,TT_mean,W3_4,blind,150701,GBM_L@none,96.0,0.5446286413270114,0.654763845726119,0.42871569367005696,0.5787498462400108,0.4340175622983197,0.5250186413420995,0.3020833333333333,0.6458333333333334,0.534024242334807,1.2935513064158046,,,0.5787498462400108,0.03742042572709208,0.0013394140461029378,0.2961915447496411,0.30799803998558273,0.07824273448126062,-0.03443992951368946,,-0.20097071371629305,-0.19723998125458642,-0.3852683351660009,
loso,TT_mean,W3_4,blind,150701,GBM_LG,96.0,0.4392829023138451,0.5190736150326862,0.2694374178231013,0.775934620829458,0.33344517029557713,0.3865828691167243,0.1875,0.6875,0.40708358812245643,1.0998001518800657,,,0.775934620829458,0.035210081158611004,0.009191002573681903,0.5576734520694618,0.5650935480372129,0.29183624103942984,0.23831893881319655,,0.24521902798846507,0.08018954965764369,-0.020003796695816423,
loso,TT_mean,W3_4,blind,150701,GBM_LG@elev,96.0,0.4449820593780789,0.5287737084456168,0.27960163474333016,0.7671265335328854,0.33385204107969435,0.3828257501892242,0.21875,0.6770833333333334,0.41963060778148537,1.076641267572592,,,0.7671265335328854,0.0365145543933313,0.010981372637695736,0.5409871914191542,0.5486872019792978,0.2909721375238914,0.24572155946796537,,0.21674578329673,0.07906719422260078,-0.010090590817232403,
loso,TT_mean,W3_4,blind,150701,GBM_LG@none,96.0,0.45170989202986095,0.5371390486424691,0.2885183575765368,0.7655415597501135,0.330135661098757,0.3964405157206383,0.25,0.6979166666666666,0.44352145646431734,1.0965016620331014,,,0.7655415597501135,0.05231247211045323,0.007392506808644898,0.5263489007855385,0.5342944709256194,0.2988649062651315,0.21889649843649506,,0.19176717126288145,0.08931885011217067,-0.04601332211904996,
loso,TT_mean,W3_4,blind,150701,LSTM_LG,96.0,0.4144030114821892,0.488800603610584,0.2389260300900712,0.8224140936282465,0.2971356432617847,0.3102607899638998,0.5,0.9895833333333334,0.7514117883984,2.1341782802095017,,,0.8224140936282465,0.06816871591853235,0.00043323158815535256,0.6077629938916824,0.6143428300806786,0.36894964210485215,0.3886957063454225,,0.3306912503569157,0.18034959211099677,0.18137297585872236,
loso,TT_mean,W3_4,blind,150701,LSTM_LG@elev,96.0,0.3807042970459074,0.443959203021928,0.19709977394786546,0.8435110531818671,0.2697152011712294,0.28627326020073524,0.5,1.0,0.6596251459947476,1.9945617488895853,,,0.8435110531818671,0.03507677985822037,6.333909287548093e-06,0.6764277830724749,0.6818557568473551,0.4271845936742372,0.4359581397972796,,0.44786006277236323,0.255989041815855,0.24466437696939614,
loso,TT_mean,W3_4,blind,150701,LSTM_LG@none,96.0,0.4154398988534431,0.49111895171783443,0.2411978247364246,0.8296020801708407,0.30290169841438835,0.3560827110511286,0.3541666666666667,0.7916666666666666,0.5427563444633657,1.5456941829373438,,,0.8296020801708407,0.0828321219471336,0.0013740261440419387,0.6040334633326104,0.6106758629711501,0.3567038168388206,0.298413150475622,,0.324327221985359,0.1644438952855971,0.060471256680997176,
loso,TT_mean,W3_4,blind,151007,Chronos,94.0,0.33691958373559633,0.4489714265031401,0.20157534181626452,0.37034171382871844,0.30106881978216454,0.5333652283048202,0.14893617021276595,0.39361702127659576,0.12668288489890364,0.3154643722952008,,,0.37034171382871844,0.019514132609107473,0.19610522211633186,-0.07846636972384693,-0.05283457632450328,-0.11080761239171522,-0.2096418081155298,,0.0942739447490708,-0.10281557053189161,-0.2753281818357254,
loso,TT_mean,W3_4,blind,151007,Clim,94.0,0.34528823753248994,0.43756102683921366,0.19145965220858707,,0.2710359709670369,0.44092823571941214,0.5425531914893617,0.9574468085106383,0.6697380250868833,1.8996084973463379,,,0.0,0.0,0.024345508758674386,-0.024345508758674386,0.0,0.0,0.0,,0.13972614918018467,0.007194802925968302,-0.054302334194720636,
loso,TT_mean,W3_4,blind,151007,Damp,94.0,0.3611508733263173,0.47175908427435076,0.22255663359537398,0.11435348473670807,0.27300015326856336,0.4182180209780096,0.5638297872340425,0.9468085106382979,0.705772610468272,1.7211419987690886,,,0.11435348473670807,0.20074828789009214,0.0030486979040934203,-0.19072026632275704,-0.16242054672129091,-0.007246943254500149,0.051505467107019975,,0.0,0.0,0.0,
loso,TT_mean,W3_4,blind,151007,Ensemble,94.0,0.29656146531830313,0.36956800193445655,0.13658050805382646,0.5516758475477,0.23125135110048486,0.39783165708437185,0.4148936170212766,0.7553191489361702,0.3677037324667056,0.8916495364257099,,,0.5516758475477,0.03442861344126453,0.00064929008141918,0.2692683372447895,0.28663555752713965,0.14678723168959218,0.09774057350789644,,0.38631122403594176,0.1529259294115054,0.04874578060018531,
loso,TT_mean,W3_4,blind,151007,GBM_L,94.0,0.3613006740206235,0.4767099558995656,0.2272523820537658,0.2665767382708348,0.25491234346006364,0.39396802930834945,0.5319148936170213,0.8829787234042553,0.5980842193275524,1.3199005486698916,,,0.2665767382708348,0.21684427386194002,0.07006229609899824,-0.21584341257382111,-0.18694659387652135,0.05948888425933019,0.10650306015091793,,-0.021099117031618375,0.06625567638676688,0.057984090721272974,
loso,TT_mean,W3_4,blind,151007,GBM_L@elev,94.0,0.3632420025234252,0.47388936676713994,0.22457113193496087,0.2643670318684184,0.25423072034907335,0.39294524792256186,0.5851063829787234,0.8829787234042553,0.6142499418236472,1.3453850631855597,,,0.2643670318684184,0.19772653246080535,0.073661610189314,-0.20149821511120197,-0.17294233716825236,0.06200376488037229,0.10882266979015742,,-0.009051621185326653,0.06875246293735815,0.06042966057834376,
loso,TT_mean,W3_4,blind,151007,GBM_L@none,94.0,0.342422153584836,0.45267099088035856,0.20491102598460564,0.3291900979911941,0.24997642540279408,0.38622611991578265,0.4787234042553192,0.8936170212765957,0.5479999782324176,1.3169519161067027,,,0.3291900979911941,0.14708806621739148,0.057590968065040965,-0.09631291366698048,-0.07025696339071952,0.07770018676526169,0.12406126750848312,,0.07928592073714369,0.084335952160143,0.07649574972262874,
loso,TT_mean,W3_4,blind,151007,GBM_LG,94.0,0.33605786050494557,0.41036299616732513,0.1683977886234241,0.5842766974981423,0.25442303964974655,0.409093811481647,0.44680851063829785,0.776595744680851,0.4414264430979228,1.043678032710821,,,0.5842766974981423,0.22334487325900249,0.01899454375482058,0.09903984222551258,0.12045286471134942,0.061294193748588466,0.07219865197751407,,0.24334859894769545,0.0680479970300295,0.02181687311088476,
loso,TT_mean,W3_4,blind,151007,GBM_LG@elev,94.0,0.3411622504998169,0.4139462127503592,0.17135146705036566,0.5739156503430493,0.25373110560690704,0.4087939281651598,0.43617021276595747,0.7872340425531915,0.4372992960577208,1.0592640473815333,,,0.5739156503430493,0.21628725357756,0.029854818566911953,0.08323710156421323,0.10502570607573436,0.06384711703906798,0.07287877017406807,,0.23007701778102674,0.0705825525405489,0.02253392331303994,
loso,TT_mean,W3_4,blind,151007,GBM_LG@none,94.0,0.3221894058254728,0.3864043936040243,0.14930835539649373,0.5738446384320292,0.24543680197361958,0.401909275918435,0.3829787234042553,0.7978723404255319,0.40832125119512946,1.0367239532013637,,,0.5738446384320292,0.12201837743123418,0.006107355430837388,0.2011719361951147,0.22015759626561582,0.09444934154710649,0.08849276739402812,,0.32912197230684026,0.10096460007415586,0.0389957970281537,
loso,TT_mean,W3_4,blind,151007,LSTM_LG,94.0,0.35164391764673103,0.44026403381924184,0.19383241947479055,0.48591241235673405,0.26660289232805273,0.4053101719265786,0.4148936170212766,0.8297872340425532,0.4970131792781993,1.2227648146291996,,,0.48591241235673405,0.24557272638093333,0.02757841046225476,-0.03704026436084734,-0.01239304072075953,0.016356052752582118,0.08077972991391591,,0.12906474031597004,0.023433177102348823,0.03086392360914003,
loso,TT_mean,W3_4,blind,151007,LSTM_LG@elev,94.0,0.3406283203579167,0.42745543679280046,0.18271815044372383,0.5050826406295181,0.25739935455877516,0.38817088053096566,0.5212765957446809,0.851063829787234,0.580272264144522,1.4352912310748658,,,0.5050826406295181,0.18459361362467985,0.04809167403221664,0.022423186208390462,0.045657148459351204,0.050312939495105624,0.11965066175081385,,0.17900380010276273,0.05714575073678041,0.07184563777710551,
loso,TT_mean,W3_4,blind,151007,LSTM_LG@none,94.0,0.359691673724252,0.4521278072999461,0.2044195541338572,0.43599285522405806,0.2743576620631931,0.435602980567733,0.44680851063829785,0.8936170212765957,0.541653897296241,1.4868208916580423,,,0.43599285522405806,0.25055805595075337,0.03321515976175497,-0.0936834459060819,-0.06768998990529296,-0.012255535987731214,0.012077373867859786,,0.08149422090240399,-0.004972556895579183,-0.04156913073489377,
loso,TT_mean,W3_4,blind,230201,Chronos,96.0,0.7951082086929612,0.9592599168883225,0.9201795881485914,0.597833742422851,0.7026743992839727,0.46512400414988964,0.13541666666666666,0.3333333333333333,0.337414381077906,0.7768179193112615,,,0.597833742422851,0.010289642251904457,0.19928387127269817,0.14783167005470912,0.27179966515876375,0.07283662076855346,0.09198423950347101,,0.07177057662285125,-0.08070962409458726,-0.0742250010717469,
loso,TT_mean,W3_4,blind,230201,Clim,96.0,0.9882180158587364,1.1241153041465528,1.263635217016497,,0.7578754888555247,0.512242214711721,0.17708333333333334,0.6041666666666666,0.8385212022540133,2.289080068966822,,,0.0,0.0,0.1702388603420266,-0.1702388603420266,0.0,0.0,0.0,,-0.2746896409756847,-0.16560861688737094,-0.1830466472127421,
loso,TT_mean,W3_4,blind,230201,Damp,96.0,0.859753816026353,0.9956544343159378,0.9913277525729901,0.49082294460627574,0.650197225617075,0.4329856442419778,0.22916666666666666,0.65625,0.9009191959803654,2.1970388800867116,,,0.49082294460627574,0.047381785735350644,0.11158325006973062,0.08194212714689396,0.21549531128646282,0.14207909455028778,0.15472479267322226,,0.0,0.0,0.0,
loso,TT_mean,W3_4,blind,230201,Ensemble,96.0,0.6448743402959218,0.7729016380204645,0.5973769420547171,0.8131421259973989,0.5157236236205508,0.2363006682953612,0.1875,0.46875,0.47250522865353756,1.1412750801727756,,,0.8131421259973989,0.1329837186538147,0.0814407011680876,0.4467756972496674,0.5272552283995753,0.3195140478822581,0.538693490093654,,0.39739713681552247,0.2068197105407532,0.45425288011788556,
loso,TT_mean,W3_4,blind,230201,GBM_L,96.0,0.6749142571154755,0.810823477006376,0.6574347108647092,0.7092193006563838,0.5388685670521894,0.2790438154096749,0.16666666666666666,0.4583333333333333,0.48254405358085184,1.1613714080510835,,,0.7092193006563838,0.0633694281167735,0.04846573894962382,0.3911568493571329,0.4797274545600717,0.2889748052599771,0.4552502558448549,,0.3368139758436721,0.1712229061870083,0.3555356416072565,
loso,TT_mean,W3_4,blind,230201,GBM_L@elev,96.0,0.6526254516292443,0.7915124091811396,0.6264918938877319,0.7255316513332453,0.5281468757637021,0.2702823473906986,0.19791666666666666,0.4895833333333333,0.48015693487370775,1.1681601232251173,,,0.7255316513332453,0.06157626470197512,0.045007256044899184,0.41981265633947146,0.5042145981283197,0.30312184055290936,0.47235440651292715,,0.3680274840872023,0.18771281242785998,0.3757706497085409,
loso,TT_mean,W3_4,blind,230201,GBM_L@none,96.0,0.6577825174762878,0.7938092653698469,0.630133149787016,0.7240316565425549,0.528290955880866,0.26793138510788445,0.20833333333333334,0.4583333333333333,0.48875856682133234,1.1613500088048354,,,0.7240316565425549,0.05347301617387772,0.05430829473246092,0.41644052876941745,0.5013330260968902,0.30293173001459184,0.4769439585164402,,0.36435437406901394,0.1874912179462359,0.38120030381850567,
loso,TT_mean,W3_4,blind,230201,GBM_LG,96.0,0.6180128793945067,0.7566929026236475,0.5725841488810008,0.7871217515273498,0.49311706096435987,0.20353371989350577,0.1875,0.4791666666666667,0.41543660212919353,1.0565348671864359,,,0.7871217515273498,0.10110136269682395,0.04872325509711334,0.46973603393354574,0.5468754422396527,0.3493429089400676,0.6026611746397157,,0.4224068201511969,0.2415884880216721,0.5299296348500664,
loso,TT_mean,W3_4,blind,230201,GBM_LG@elev,96.0,0.5873547015440154,0.7204254791529542,0.5190128710127636,0.8057464315780455,0.4733187938219219,0.19377099310177037,0.1875,0.5208333333333334,0.425462690922191,1.0668672496424412,,,0.8057464315780455,0.08744161312277306,0.04243788591566674,0.519347812962314,0.5892700171508533,0.3754662859770207,0.6217199841469128,,0.4764467456240721,0.2720381213981422,0.5524770955374221,
loso,TT_mean,W3_4,blind,230201,GBM_LG@none,96.0,0.5730234519443083,0.6989633297571264,0.4885497363451694,0.8401158532233396,0.46515832182111055,0.18923642737150204,0.20833333333333334,0.5208333333333334,0.451508512559294,1.075473111297167,,,0.8401158532233396,0.10484761012517871,0.05338764534811217,0.547559391363889,0.6133775556693817,0.38623384888255097,0.6305723699910202,,0.5071763752430625,0.2845888855037051,0.562949880930127,
loso,TT_mean,W3_4,blind,230201,LSTM_LG,96.0,0.5705707254082077,0.6878690041787814,0.4731637669099083,0.8777070091866598,0.42945139934795096,0.20367003222631527,0.3125,0.6770833333333334,0.6343289461413709,1.5149931429574888,,,0.8777070091866598,0.16321117151559833,0.04535025178466612,0.5618081706751269,0.6255535137529085,0.43334834591831195,0.6023950655044383,,0.5226969428810881,0.33950594922890265,0.5296148153297837,
loso,TT_mean,W3_4,blind,230201,LSTM_LG@elev,96.0,0.5995161978460474,0.731666619678183,0.535336042351299,0.8410846221144421,0.4726519454943572,0.2251719580067407,0.25,0.6458333333333334,0.5271974867985895,1.3803214895694207,,,0.8410846221144421,0.14833044990155286,0.054861790516006204,0.5042311011398348,0.5763523878233998,0.3763461776444128,0.5604189745793157,,0.45998077733440346,0.27306373070758183,0.47995514169772013,
loso,TT_mean,W3_4,blind,230201,LSTM_LG@none,96.0,0.5559738666001032,0.6859545969118309,0.4705337090244724,0.8724705410495011,0.42025303339027253,0.18833515064311088,0.3541666666666667,0.6666666666666666,0.6289899785382053,1.8571290938804548,,,0.8724705410495011,0.15999903466147827,0.03696197159871984,0.5642438387390111,0.6276348564141596,0.44548538701930995,0.6323318437370455,,0.5253500088107059,0.35365298891974206,0.5650314204462212,
temporal,TT_max,W1,blind,040114,Clim,102.0,1.3110956839243992,1.642711400846087,2.6985007464697137,,0.9810371086908221,0.477346439730651,0.3627450980392157,0.7058823529411765,1.6953517225096055,3.942649155434092,,,0.0,0.0,0.13936153524645256,-0.13936153524645256,0.0,0.0,0.0,,-0.274178749856971,-0.12357105017880321,-0.0982054362823892,
temporal,TT_max,W1,blind,040114,Damp,102.0,1.1633400933187978,1.4552784300728945,2.1178353090354283,0.43844665085595635,0.8731420309687594,0.434660423232423,0.39215686274509803,0.803921568627451,1.6270745953282495,3.967887644848699,,,0.43844665085595635,0.007721598356049839,0.0787067231787915,0.10580714411196353,0.21518075849856078,0.109980628425001,0.08942355686640124,,0.0,0.0,0.0,
temporal,TT_max,W1,blind,040114,GBM_LG,102.0,1.028446858794462,1.2870911222511632,1.6566035569777586,0.5717679879188617,0.7469379115046799,0.3280858902050295,0.3235294117647059,0.7549019607843137,1.1980431723250966,3.0117546796506387,,,0.5717679879188617,0.002185623923630631,0.024184499600275734,0.30054850848487724,0.38610224246000546,0.23862420199226075,0.3126880963223351,,0.217784522757692,0.1445401950517201,0.24519033095959064,
temporal,TT_max,W1,blind,040114,Pers,102.0,1.2969066490269958,1.5720185594352287,2.4712423512088115,0.4049340510950561,,,,,,,,,0.4049340510950561,0.1807443559773651,0.026635679033121338,-0.04340844927423293,0.08421653970569043,,,,-0.16687182457749428,,,
temporal,TT_max,W1,blind,040114,Ridge_LG,102.0,0.9158460689599026,1.1907208474498836,1.417816136551769,0.6802173303074782,0.6928016762308852,0.32203708919008417,0.47058823529411764,0.8823529411764706,1.4816117339301011,3.613152654711622,,,0.6802173303074782,0.024967821263407342,0.036358413374808315,0.40136938181241727,0.47459116385029265,0.2938068600122399,0.32535981755347787,,0.33053522599095975,0.20654183207488575,0.25910648410268655,
temporal,TT_max,W1,blind,040514,Clim,102.0,1.3503504754777846,1.657405880794744,2.746994253693001,,1.0261473999587547,0.4803440343036255,0.35294117647058826,0.7450980392156863,1.633959953586898,4.077464309751038,,,0.0,0.0,0.2799605939272073,-0.2799605939272073,0.0,0.0,0.0,,-0.10146911119491264,-0.0631239022074066,-0.06188660185366035,
temporal,TT_max,W1,blind,040514,Damp,102.0,1.2841288680024026,1.5792202861336921,2.4939367121361804,0.19583929672357225,0.965219009588745,0.45234965152128565,0.38235294117647056,0.7745098039215687,1.7111758795273375,4.172982388167549,,,0.19583929672357225,0.00018803226478010965,0.20021355731231968,-0.16204855943591642,0.09212161300178034,0.059375865857535515,0.05827985939895031,,0.0,0.0,0.0,
temporal,TT_max,W1,blind,040514,GBM_LG,102.0,1.2389119021324495,1.5191693026184514,2.307875370018232,0.2579298303530439,0.9018147236270605,0.40156641702347684,0.35294117647058826,0.7254901960784313,1.3975072198081029,3.2387851709535354,,,0.2579298303530439,0.07921279384207636,0.06266837399495123,-0.07535337045107758,0.1598543146147564,0.12116453867806098,0.16400248916249327,,0.07460547864447498,0.06568901496117385,0.11226544405864136,
temporal,TT_max,W1,blind,040514,Pers,102.0,1.3843714019079052,1.7160787290069102,2.944926204149972,0.2680810036281848,,,,,,,,,0.2680810036281848,0.39418730361271315,0.049867007803922656,-0.37218688691034096,-0.07205400964740849,,,,-0.1808343771592733,,,
temporal,TT_max,W1,blind,040514,Ridge_LG,102.0,1.2170097449695774,1.5011011702261887,2.253304723254433,0.29696512521135116,0.9208809129436221,0.42828292666929485,0.35294117647058826,0.7745098039215687,1.5685459939528443,3.8251560731466063,,,0.29696512521135116,4.1475394329638046e-05,0.1380730151752674,-0.049926204977803576,0.1797198992225273,0.10258417749668702,0.10838295870543246,,0.0964868064657638,0.04593578887760841,0.05320380986489681,
temporal,TT_max,W1,blind,150701,Clim,102.0,0.9497689603791333,1.2306511368775697,1.5145022206980547,,0.7040488943611282,0.45773192489257397,0.47058823529411764,0.7843137254901961,1.4120573088994905,3.256111330223586,,,0.0,0.0,0.07109124332375959,-0.07109124332375959,0.0,0.0,0.0,,-0.40530438362994436,-0.1421713501863311,-0.16626278552962082,
temporal,TT_max,W1,blind,150701,Damp,102.0,0.8084843420152761,1.0381252556536258,1.077704046425906,0.5193917339457756,0.616412672447327,0.39247751927942187,0.45098039215686275,0.8333333333333334,1.239606088641253,3.022982288409805,,,0.5193917339457756,0.000354130973462259,0.031591043740977265,0.23782259857675986,0.28841038877501446,0.12447462472521098,0.14256031110014178,,0.0,0.0,0.0,
temporal,TT_max,W1,blind,150701,GBM_LG,102.0,0.6933276320590318,0.9525706995366179,0.9073909376156816,0.5986488922896682,0.5384824196790376,0.332412188413753,0.4803921568627451,0.8627450980392157,0.992958868460545,2.724181579891828,,,0.5986488922896682,3.7767293284735974e-05,7.073321665684489e-05,0.3582719957297052,0.4008652313514254,0.23516331892308384,0.2737841292329184,,0.15803328323304544,0.12642545530234628,0.15304145566336447,
temporal,TT_max,W1,blind,150701,Pers,102.0,0.8592176287858657,1.0939260602172063,1.196674225222339,0.5064363082884632,,,,,,,,,0.5064363082884632,0.06882554500591387,0.033968072037495904,0.15368411730943754,0.2098564076909868,,,,-0.1103922539689679,,,
temporal,TT_max,W1,blind,150701,Ridge_LG,102.0,0.7259925191321955,0.94643788318728,0.8957446667320195,0.6068593209672954,0.5503324306831293,0.3301586546851122,0.5098039215686274,0.8333333333333334,1.0643934599933538,2.59569762277147,,,0.6068593209672954,0.0013785630916700123,0.00039116261224954335,0.3665085097409674,0.4085550654926352,0.21833208589509268,0.27870739022060176,,0.16883984086107495,0.10720130314946485,0.15878327173674922,
temporal,TT_max,W1,blind,151007,Clim,98.0,1.2558597277511279,1.5113944450587478,2.28431316855444,,0.9155431588484082,0.49023732740451875,0.29591836734693877,0.7551020408163265,1.476665075726223,3.7958337905929547,,,0.0,0.0,0.40635519094654965,-0.40635519094654965,0.0,0.0,0.0,,0.009268897379176355,0.027291768086008195,0.0726713850887859,
temporal,TT_max,W1,blind,151007,Damp,98.0,1.270339539776083,1.5184479971024396,2.3056843199044104,-0.0006267219115345063,0.9412310174931898,0.5286554512840693,0.3163265306122449,0.7551020408163265,1.5162399294745297,3.6975991758844424,,,-0.0006267219115345063,0.09062905932800351,0.3288838401519567,-0.4195125066996058,-0.009355613601568447,-0.028057507061810538,-0.07836637834770555,,0.0,0.0,0.0,
temporal,TT_max,W1,blind,151007,GBM_LG,98.0,1.017256660041078,1.3002800367558105,1.6907281739856919,0.3754287339111637,0.7706162415449453,0.3978608488065779,0.30612244897959184,0.7244897959183674,1.0538650384881847,2.965954349831067,,,0.3754287339111637,0.02014306979634066,0.16171363104122582,-0.04090996659142711,0.2598527219209531,0.15829610641813474,0.1884321601682455,,0.26671307108694453,0.1812676938788611,0.24740991918233302,
temporal,TT_max,W1,blind,151007,Pers,98.0,1.380224691866938,1.647208106030136,2.713294544571388,0.0019137990893483843,,,,,,,,,0.0019137990893483843,0.3555281011365861,0.314936477206087,-0.6704609157157186,-0.18779446790494836,,,,-0.17678492287438385,,,
temporal,TT_max,W1,blind,151007,Ridge_LG,98.0,1.062433666991943,1.2819820851553432,1.6434780666592417,0.3908043609557878,0.7807621033049184,0.4240563665396609,0.37755102040816324,0.7857142857142857,1.4591531593568448,3.558383745636402,,,0.3908043609557878,0.0032550398389600034,0.16129307876629287,-0.01182007006319119,0.2805373233043751,0.147214311243416,0.13499780038219888,,0.2872059490228145,0.1704883404880274,0.1978587083332709,
temporal,TT_max,W1,blind,230201,Clim,102.0,1.4404409937650864,1.7412884259345738,3.032085382293706,,1.0224638829525854,0.4865661934407799,0.3137254901960784,0.7352941176470589,1.7278112773916963,4.713264067568344,,,0.0,0.0,0.3295099212612513,-0.3295099212612513,0.0,0.0,0.0,,-0.20784266390980544,-0.06488871447111344,-0.042746144910694506,
temporal,TT_max,W1,blind,230201,Damp,102.0,1.3372371837432184,1.5844025416309804,2.5103314139267106,0.3746569557268598,0.9601603144610291,0.46661998782306846,0.39215686274509803,0.8529411764705882,1.9758116538570112,4.81834002718584,,,0.3746569557268598,0.009665999298016358,0.23143288317376928,-0.10073104799726745,0.17207759762104735,0.060934737676641704,0.040993817257752085,,0.0,0.0,0.0,
temporal,TT_max,W1,blind,230201,GBM_LG,102.0,1.0879518565367854,1.3319690950521825,1.7741416701741302,0.5880278369800066,0.8057234164687789,0.36463769947003694,0.27450980392156865,0.7156862745098039,1.1793422440151773,2.981403130177155,,,0.5880278369800066,0.014712428964481158,0.1089906046318793,0.22207370346702476,0.4148774040023797,0.211978603936524,0.2505897360203323,,0.2932639649364136,0.16084490857023281,0.2185553362786955,
temporal,TT_max,W1,blind,230201,Pers,102.0,1.3533370825285327,1.6189951117616956,2.6211451719082657,0.3984413102511685,,,,,,,,,0.3984413102511685,0.2329291881048941,0.07514699524302457,-0.14932070563325073,0.1355305535870408,,,,-0.044143079024063336,,,
temporal,TT_max,W1,blind,230201,Ridge_LG,102.0,0.9589891843276546,1.1993685911150742,1.4384850173533579,0.658020793584139,0.7058159869519005,0.3262812600863805,0.43137254901960786,0.8627450980392157,1.4778651521884962,3.604016002067906,,,0.658020793584139,0.015865881015475564,0.04787292687834499,0.36925255689527947,0.5255789874013457,0.3096910328864583,0.32942061227257824,,0.4269740603280541,0.2648977714225784,0.30075592859065703,
temporal,TT_max,W1,dev,040114,Clim,152.0,1.0830850237318839,1.378741292183653,1.9009275507722492,,0.794231376838028,0.4501415090437187,0.4407894736842105,0.8223684210526315,1.6894830518115393,3.8533658330132035,,,0.0,0.0,0.00010016346663438857,-0.00010016346663438857,0.0,0.0,0.0,,0.026529658396075795,0.030859097329535623,0.03375708952294032,
temporal,TT_max,W1,dev,040114,Damp,152.0,1.1202384221860218,1.3974021923586202,1.9527328872086782,0.10252739127485642,0.8195210568963979,0.4658678518235874,0.4407894736842105,0.8421052631578947,1.5615404937859234,3.8080720146540696,,,0.10252739127485642,0.03622572559030855,0.001641695774100017,-0.027355555402781062,-0.02725266221502398,-0.03184170355879479,-0.03493644212744962,,0.0,0.0,0.0,
temporal,TT_max,W1,dev,040114,GBM_LG,152.0,1.0094037385384056,1.2955877757339644,1.6785476846312815,0.3866918329909552,0.7775667208481176,0.44990390111586703,0.35526315789473684,0.6973684210526315,1.1090740322778798,2.698120704351612,,,0.3866918329909552,0.007747020684682263,0.02488707429782544,0.11689647871939712,0.11698492457044263,0.020982117397898903,0.0005278516268283351,,0.14041101288017388,0.0511937255244731,0.034267122415146956,
temporal,TT_max,W1,dev,040114,Pers,152.0,1.2819536916360137,1.5895196998839947,2.5265728763193045,0.1427180810367538,,,,,,,,,0.1427180810367538,0.34261804896557035,0.007009870621019082,-0.32925946893177604,-0.3291263390300634,,,,-0.293865071290369,,,
temporal,TT_max,W1,dev,040114,Ridge_LG,152.0,1.018218400531553,1.2777281423571352,1.6325892057714153,0.3953674872268858,0.7626000375537455,0.4442261508595705,0.4605263157894737,0.8157894736842105,1.5364556000459526,3.746898396536646,,,0.3953674872268858,4.228559468214796e-06,0.015235450730125081,0.14107577066650842,0.14116179487841174,0.039826353134287173,0.013141107996715862,,0.16394647907778637,0.06945644515617144,0.04645459196058033,
temporal,TT_max,W1,dev,040514,Clim,153.0,1.0453587127922843,1.3195678854780613,1.741259404385042,,0.7754461552668434,0.46447964108550394,0.43790849673202614,0.8431372549019608,1.6129169106230008,3.976660764049612,,,0.0,0.0,0.00047097912591922324,-0.00047097912591922324,0.0,0.0,0.0,,0.026072050845110883,0.011670718458251739,0.007079677079971813,
temporal,TT_max,W1,dev,040514,Damp,153.0,1.0425920734220226,1.3371136518665652,1.787872918007942,-0.07977180574921335,0.78460303640623,0.46779145351717616,0.477124183006536,0.8758169934640523,1.6877957550416198,4.1159661288342235,,,-0.07977180574921335,0.032631643227849234,0.0009854846383542696,-0.02725358687371328,-0.026769999636764297,-0.01180853251665881,-0.007130156283992273,,0.0,0.0,0.0,
temporal,TT_max,W1,dev,040514,GBM_LG,153.0,1.010287927497008,1.307636402364716,1.7099129607893373,0.2695957963368262,0.7566879987833519,0.46227257450803894,0.3660130718954248,0.738562091503268,1.2377240664697426,3.0295620563917236,,,0.2695957963368262,0.04503430253025893,0.01010792377430975,0.017539667097918776,0.018002167578687334,0.02419014699613342,0.004751697129947385,,0.043604864995364534,0.035578549059329556,0.011797733728657334,
temporal,TT_max,W1,dev,040514,Pers,153.0,1.185723032355313,1.5262336721577368,2.32938922202809,0.08707236578112239,,,,,,,,,0.08707236578112239,0.33983578388595814,0.006137042849653337,-0.3383912298528899,-0.33776117226528735,,,,-0.30288299496337157,,,
temporal,TT_max,W1,dev,040514,Ridge_LG,153.0,0.9869141664811966,1.2440195784480732,1.5475847115621217,0.35171019751277094,0.7342079399132878,0.4412101376950703,0.45751633986928103,0.8627450980392157,1.4654479755651961,3.5737346850041645,,,0.35171019751277094,0.01241501004216542,0.0004768573597181932,0.11080819563258873,0.11122678926252239,0.053179985577934685,0.050098005019234226,,0.13439892960264233,0.06423005539689253,0.056823004401319044,
temporal,TT_max,W1,dev,150701,Clim,147.0,0.9098572044388867,1.2226001664788917,1.4947511670742137,,0.6846183590376926,0.4526904383852586,0.47619047619047616,0.8435374149659864,1.4546064688556393,3.2333308883286853,,,0.0,0.0,0.12500096421759815,-0.12500096421759815,0.0,0.0,0.0,,-0.2521478333774536,-0.1035609441929235,-0.10291090887747956,
temporal,TT_max,W1,dev,150701,Damp,147.0,0.8367299994764639,1.092588556231465,1.1937497532079573,0.38263679698871444,0.6203720443716685,0.4104505946414092,0.43537414965986393,0.8707482993197279,1.2323950820251017,3.0053970688130494,,,0.38263679698871444,0.0020240962113009884,0.04284380485611338,0.10154301734236831,0.2013722554607057,0.09384252382061375,0.09330845134374477,,0.0,0.0,0.0,
temporal,TT_max,W1,dev,150701,GBM_LG,147.0,0.8378363024446321,1.0902672479373123,1.188682671924801,0.35358120741923993,0.6393615301049103,0.41782066984786453,0.3741496598639456,0.7755102040816326,0.9752817546821714,2.5653267782426,,,0.35358120741923993,0.016107957572771656,0.003555036265869821,0.10535667640140609,0.20476217171885758,0.06610519325890685,0.07702784415278163,,0.004244676297975869,-0.030609834704068417,-0.017956059274062408,
temporal,TT_max,W1,dev,150701,Pers,147.0,0.8669829687420664,1.0988188649221062,1.2074028979087061,0.39641982021619115,,,,,,,,,0.39641982021619115,0.06398417274040967,0.0018973084707492767,0.09126719264907837,0.1922381968953104,,,,-0.011437191642602373,,,
temporal,TT_max,W1,dev,150701,Ridge_LG,147.0,0.7810963974487427,1.023003379245038,1.046535913946767,0.4624648921933611,0.5814925331512173,0.37551480048731406,0.4557823129251701,0.8503401360544217,1.18964451517336,2.901142816114154,,,0.4624648921933611,0.0012843577492999355,0.00024821991427077876,0.21234119884784639,0.2998594434983929,0.15063257437535016,0.1704821470787612,,0.12332051911682795,0.06267128181094872,0.08511571090454106,
temporal,TT_max,W1,dev,151007,Clim,154.0,0.9660885346466337,1.302513223749301,1.6965406980417963,,0.7488678166317096,0.45172100554325634,0.461038961038961,0.8506493506493507,1.505090023890227,3.7918773491657625,,,0.0,0.0,0.007656082948423234,-0.007656082948423234,0.0,0.0,0.0,,-0.10211612895243016,-0.06504232152286993,-0.09646291375720462,
temporal,TT_max,W1,dev,151007,Damp,154.0,0.9119914088197244,1.240704799087964,1.5393483984799055,0.29831412626369613,0.7031343276208287,0.41198019547725734,0.5064935064935064,0.8571428571428571,1.4380841157093456,3.507003435097644,,,0.29831412626369613,0.003281534465429802,1.8952264445478582e-06,0.08570788823659808,0.09265459988276581,0.061070175530553605,0.08797644913192648,,0.0,0.0,0.0,
temporal,TT_max,W1,dev,151007,GBM_LG,154.0,0.9399761211798375,1.249206235940223,1.5605162199119398,0.31701853793447415,0.7163820002662693,0.44047086610987185,0.37662337662337664,0.7597402597402597,1.0499791146772743,2.6447424003391133,,,0.31701853793447415,0.010217639441219187,0.01714780004556028,0.07313531390733216,0.08017755087564982,0.04337990716646967,0.024905061521003802,,-0.013751156952472421,-0.01884088448684662,-0.06915543743458241,
temporal,TT_max,W1,dev,151007,Pers,154.0,0.9996911516056274,1.3062808142840707,1.7063695657666547,0.3091683158385254,,,,,,,,,0.3091683158385254,0.09221569199536557,0.0168632697494999,-0.013493914226435276,-0.005793475945612858,,,,-0.10850121223478792,,,
temporal,TT_max,W1,dev,151007,Ridge_LG,154.0,0.9080823513511588,1.203916699515783,1.4494154193729762,0.39490932809590873,0.6949834402450431,0.4222324271260749,0.474025974025974,0.8636363636363636,1.370784438539579,3.3428821598279326,,,0.39490932809590873,0.0006970697447140048,0.016132952562954585,0.1391233551094935,0.1456642207016079,0.07195445603341599,0.06528051176570226,,0.05842275809409836,0.011592219374874646,-0.024885253615021252,
temporal,TT_max,W1,dev,230201,Clim,154.0,1.0778943738366957,1.3629290775332656,1.8575756703856783,,0.8073638907885917,0.4571028705757016,0.45454545454545453,0.8831168831168831,1.7647295092027935,5.071835305149316,,,0.0,0.0,1.597376930492841e-05,-1.597376930492841e-05,0.0,0.0,0.0,,0.025806363964099743,0.021826831830275673,0.007845225291398084,
temporal,TT_max,W1,dev,230201,Damp,154.0,1.1005074092484397,1.3808630639415367,1.9067828013580086,0.07584374088047445,0.8253793060990043,0.46071730160241753,0.5064935064935064,0.8896103896103896,2.0600243875173296,5.023706558252783,,,0.07584374088047445,0.028776804649538974,0.0034818391664619927,-0.026506370785256417,-0.026489973871219874,-0.022313872983365624,-0.007907259523799892,,0.0,0.0,0.0,
temporal,TT_max,W1,dev,230201,GBM_LG,154.0,1.0240643080245886,1.2755464182117224,1.6270186650127543,0.3722439413780051,0.7631948413808529,0.44731682960258373,0.3246753246753247,0.7337662337662337,1.1302197047904234,2.7742759829758428,,,0.3722439413780051,0.0036256342148210433,0.01083675492253516,0.1241031627552755,0.12411715390579736,0.05470773453169531,0.021408837272871906,,0.14672050542201587,0.07534046984053222,0.029086105412637453,
temporal,TT_max,W1,dev,230201,Pers,154.0,1.3356268814802554,1.6540845603689422,2.7359957328509172,0.09074691865616545,,,,,,,,,0.09074691865616545,0.4385328469950663,0.042610894577992414,-0.47290873832746994,-0.4728852107988999,,,,-0.4348753989716838,,,
temporal,TT_max,W1,dev,230201,Ridge_LG,154.0,1.0205510543512137,1.2646362389464714,1.5993048168566768,0.40905046744462553,0.7694818480484928,0.4482495597728031,0.4090909090909091,0.8181818181818182,1.5675956056626776,3.82283839578554,,,0.40905046744462553,0.019287197674756087,0.009012321860196383,0.13902276538171418,0.13903651821375218,0.04692065519935207,0.019368311539474936,,0.16125485518452665,0.06772335777922511,0.02706158806333181,
temporal,TT_max,W2,blind,040114,Clim,100.0,1.1811319899939772,1.4481367959366112,2.097100179745554,,0.8871637869782302,0.480959944370591,0.31,0.66,1.4210792754929182,3.227038876188426,,,0.0,0.0,0.1835930530710816,-0.1835930530710816,0.0,0.0,0.0,,-0.2997037424270388,-0.13446423173637556,-0.10296672152306163,
temporal,TT_max,W2,blind,040114,Damp,100.0,1.0643372909335884,1.2702447364932743,1.6135216905888676,0.46726607488400473,0.782011245625933,0.43606025003768406,0.31,0.77,1.329123734354563,3.2412857155800436,,,0.46726607488400473,0.009741631645106986,0.11925967932039572,0.0893362737720016,0.23059389047182288,0.11852663836793575,0.09335433201545495,,0.0,0.0,0.0,
temporal,TT_max,W2,blind,040114,GBM_LG,100.0,0.9446030518432404,1.145912842820212,1.3131162433403003,0.5693210646064518,0.6906529022528655,0.33046862816073946,0.24,0.66,0.8770658616502235,2.3185046480434153,,,0.5693210646064518,6.233659446550798e-05,0.06518050360073777,0.2588836344094204,0.3738419098797542,0.22150462813039373,0.3128978160682221,,0.18617998691974946,0.11682484604162324,0.2421491568374312,
temporal,TT_max,W2,blind,040114,Pers,100.0,1.158894311454581,1.4127122578309412,1.995755923425796,0.4363232529481225,,,,,,,,,0.4363232529481225,0.28362993168563394,0.03314290137691464,-0.12639485199931727,0.048325901308183705,,,,-0.23689438764063264,,,
temporal,TT_max,W2,blind,040114,Ridge_LG,100.0,0.8706147106383242,1.0798419199044933,1.166058571983022,0.6964189337304885,0.6279959941875647,0.3084333190651892,0.38,0.86,1.243989419490229,3.0336717579454193,,,0.6964189337304885,0.0595841627482175,0.08353290585182885,0.34188226265826416,0.44396620474063253,0.2921307165539492,0.35871308478958475,,0.27732079538549026,0.19694761718559728,0.2926818735747305,
temporal,TT_max,W2,blind,040514,Clim,100.0,1.1635831596606894,1.4253456370352728,2.031610185015488,,0.8855624953189607,0.4819982243472504,0.37,0.74,1.3272500507257123,3.2319220771260784,,,0.0,0.0,0.43231083980758556,-0.43231083980758556,0.0,0.0,0.0,,-0.09893223172126997,-0.06735979520739943,-0.053464174247191076,
temporal,TT_max,W2,blind,040514,Damp,100.0,1.0961536827020968,1.35967381850435,1.8487128927262,0.1952120963466797,0.829675709442369,0.45753641759264185,0.38,0.78,1.3827530553482876,3.3720695903843176,,,0.1952120963466797,0.0022284524786986455,0.33924524882004686,-0.3033659387386802,0.0900257803580039,0.06310879940377612,0.05075082338267156,,0.0,0.0,0.0,
temporal,TT_max,W2,blind,040514,GBM_LG,100.0,1.0379390859629114,1.3486569442028769,1.8188755531466418,0.17425106918840064,0.7882842593021073,0.3865713729666668,0.36,0.67,1.0267634338079987,2.598597026249253,,,0.17425106918840064,0.18337876325868838,0.1293149093421217,-0.2823302374875093,0.10471232790518048,0.10984909199639925,0.1979817488120752,,0.016139520472299274,0.0498887091295962,0.15510250528113656,
temporal,TT_max,W2,blind,040514,Pers,100.0,1.2544482511799628,1.5324552916178338,2.3484192208075,0.2859032158150384,,,,,,,,,0.2859032158150384,0.6621940973919601,0.07521176278155219,-0.6556652113601319,-0.15593987376549645,,,,-0.27029958521272035,,,
temporal,TT_max,W2,blind,040514,Ridge_LG,100.0,1.0806979206538283,1.3498977713395126,1.822223993067383,0.11791142111423426,0.8234632971095637,0.43417354454400586,0.38,0.7,1.3715926715407556,3.3448531682554106,,,0.11791142111423426,0.00913029168346263,0.2894637414683663,-0.2846909299226506,0.10306415743161323,0.07012401556937009,0.0992216929180838,,0.014328292815524946,0.0074877596898439425,0.05106232455016646,
temporal,TT_max,W2,blind,150701,Clim,100.0,0.8669847216691484,1.089592986997001,1.1872128773130468,,0.635924853234843,0.4552534876105819,0.41,0.75,1.1907881362599309,2.825149613304323,,,0.0,0.0,0.0952897369097661,-0.0952897369097661,0.0,0.0,0.0,,-0.3653711979231864,-0.1306599012032741,-0.1399720833133018,
temporal,TT_max,W2,blind,150701,Damp,100.0,0.7531110857770947,0.932478722250455,0.8695165674498412,0.49540917560636927,0.5624369030493407,0.3993549441030156,0.39,0.8,1.05055240070893,2.5619439348434714,,,0.49540917560636927,0.0008693732828626441,0.04675279369663215,0.1978080842954876,0.2675984365855516,0.11556074560017815,0.12278553603389686,,0.0,0.0,0.0,
temporal,TT_max,W2,blind,150701,GBM_LG,100.0,0.6145631173495225,0.8074692430641238,0.652006578494549,0.6347677074683715,0.47487388302454564,0.3366221484061115,0.4,0.79,0.7831520843743972,2.1003122570113906,,,0.6347677074683715,0.0011661722040325689,0.003287091113186005,0.3984767791274335,0.4508090411129979,0.2532547193132304,0.2605830431461651,,0.25015048257587047,0.15568505471468586,0.15708531125815195,
temporal,TT_max,W2,blind,150701,Pers,100.0,0.8288623747247528,1.048166485683492,1.0986529817100823,0.4616345244422258,,,,,,,,,0.4616345244422258,0.17719109626695267,0.049502166577271474,-0.013586828687224169,0.0745947902817542,,,,-0.2635216197573589,,,
temporal,TT_max,W2,blind,150701,Ridge_LG,100.0,0.6575116373709,0.8445309789346023,0.7132325743802377,0.5874254109787573,0.4952463343192148,0.35115344045224334,0.41,0.79,0.849360408311624,2.071304339604316,,,0.5874254109787573,0.0020740597528877422,0.0010031835668831118,0.34199137014379105,0.3992378384620815,0.22121877797356126,0.22866392019248938,,0.1797366478340493,0.11946330044462161,0.12069840216711691,
temporal,TT_max,W2,blind,151007,Clim,97.0,1.0575737379503256,1.2743750726308112,1.6240318257427853,,0.7714032518952463,0.4803864988395635,0.3711340206185567,0.7628865979381443,1.172886215364617,3.2970451931513027,,,0.0,0.0,0.6276766705000685,-0.6276766705000685,0.0,0.0,0.0,,0.029110132894901164,0.04828182567975681,0.09343934102448825,
temporal,TT_max,W2,blind,151007,Damp,97.0,1.091867654176529,1.2933387317218368,1.6727250749718492,-0.09093908149564683,0.8105374812729773,0.5299000062306253,0.29896907216494845,0.7319587628865979,1.2583089880337393,3.0685923690019146,,,-0.09093908149564683,0.185520332241353,0.4992287871937053,-0.6764792028917864,-0.02998294027076298,-0.050731221681504346,-0.10307014770537504,,0.0,0.0,0.0,
temporal,TT_max,W2,blind,151007,GBM_LG,97.0,0.9542802542199379,1.1754032749066001,1.3815728586611606,0.2086862615586061,0.7350538507697288,0.43884627464377346,0.21649484536082475,0.6082474226804123,0.8354349917444265,2.3236687797295716,,,0.2086862615586061,0.15403050013791303,0.2741930038856596,-0.3846735482602657,0.14929446777973765,0.04712114064364048,0.0864725055681953,,0.17405861887709706,0.09312787162500968,0.171831912655655,
temporal,TT_max,W2,blind,151007,Pers,97.0,1.2559922099013672,1.4858238695825248,2.207672571421188,-0.09236433751032543,,,,,,,,,-0.09236433751032543,0.7384418514953408,0.48271661128070265,-1.2126272919323222,-0.35937765284338696,,,,-0.3198059887147571,,,
temporal,TT_max,W2,blind,151007,Ridge_LG,97.0,0.9227904657080469,1.1044058862372619,1.2197123615555119,0.27210043658488203,0.687193051930219,0.42212399707982295,0.32989690721649484,0.711340206185567,1.1065634951806398,2.698536154012079,,,0.27210043658488203,0.010363942652967067,0.2861244895746704,-0.22244978463795406,0.2489603083993439,0.10916495329535214,0.12128255456904236,,0.2708231736311846,0.15217609572976398,0.20338933361683265,
temporal,TT_max,W2,blind,230201,Clim,100.0,1.2970028930476096,1.5556507049810218,2.42004911590795,,0.9366775645941088,0.49173459616874005,0.29,0.65,1.4468209894618653,4.172533617471035,,,0.0,0.0,0.45073092394249825,-0.45073092394249825,0.0,0.0,0.0,,-0.1619138473958166,-0.059612738013492095,-0.00013429647013674106,
temporal,TT_max,W2,blind,230201,Damp,100.0,1.2259371985488456,1.4431953681398417,2.0828128706202933,0.3800405145136956,0.8839810347600615,0.49166856681573956,0.32,0.82,1.7180050589289004,4.189636459621754,,,0.3800405145136956,0.010550087050705167,0.3824508360090267,-0.2485701303878974,0.13935099212279134,0.056258985830286545,0.00013427843701663278,,0.0,0.0,0.0,
temporal,TT_max,W2,blind,230201,GBM_LG,100.0,1.0084518957243869,1.1856874518785891,1.4058547335423415,0.5742548726891785,0.770478761663123,0.3866666150651672,0.22,0.59,0.8517353961328918,2.2508913696743904,,,0.5742548726891785,0.0034558104996404806,0.16907133742846733,0.1572415108791568,0.41908008217639203,0.17743437999713896,0.21366806794191584,,0.32502110325271005,0.12839899119300258,0.2135624663390846,
temporal,TT_max,W2,blind,230201,Pers,100.0,1.2254948016530833,1.4594960525261647,2.130128727339457,0.43489502177802264,,,,,,,,,0.43489502177802264,0.3657301031562943,0.10033783257310493,-0.2769342557620924,0.11979938203019547,,,,-0.022717286505471,,,
temporal,TT_max,W2,blind,230201,Ridge_LG,100.0,0.9436403439126316,1.1797078929459472,1.3917107126789665,0.5770680413531276,0.6942390854893253,0.34273892137325906,0.33,0.81,1.1970722920187609,2.9192566653858365,,,0.5770680413531276,0.007811595915912722,0.1594755944113177,0.16572033402390457,0.4249246002774507,0.258828105069261,0.3030001874107566,,0.33181192976568563,0.2146448190737913,0.30290658279623994,
temporal,TT_max,W2,dev,040114,Clim,151.0,0.8472590325416341,1.0977223503479014,1.204994358453321,,0.630893115891839,0.462027936246811,0.4304635761589404,0.8145695364238411,1.412929657268123,3.166023947752269,,,0.0,0.0,3.9801736809698344e-05,-3.9801736809698344e-05,0.0,0.0,0.0,,0.082339892836238,0.059644657541150115,0.051731228652407646,
temporal,TT_max,W2,dev,040114,Damp,151.0,0.925023097335803,1.1459128265924816,1.313116206149171,0.028500562546418053,0.670909269513133,0.4872331033217717,0.3973509933774834,0.8344370860927153,1.2750774161668534,3.1094849248834673,,,0.028500562546418053,0.08892579748649766,0.0016579521734979715,-0.08977146759453335,-0.0897280945237211,-0.063427786123053,-0.05455333995539258,,0.0,0.0,0.0,
temporal,TT_max,W2,dev,040114,GBM_LG,151.0,0.9037477574804441,1.1127694841947786,1.2382559249551135,0.27972507513246014,0.6756912582672329,0.5213938071148577,0.18543046357615894,0.7086092715231788,0.7975236663566718,2.127603760572527,,,0.27972507513246014,0.036322696626789545,0.06956741040291897,-0.02764398937184804,-0.027603088984155644,-0.071007499126166,-0.12848978646246634,,0.0570096392409869,-0.007127623616782097,-0.07011162328706977,
temporal,TT_max,W2,dev,040114,Pers,151.0,1.131932174509326,1.3986030248437293,1.9560904211020291,0.12082819180627241,,,,,,,,,0.12082819180627241,0.6293314671454091,0.008651748518749143,-0.623383763728985,-0.6233191528073068,,,,-0.48965522772614056,,,
temporal,TT_max,W2,dev,040114,Ridge_LG,151.0,0.8624971562224746,1.061063970620795,1.125856749749567,0.3252799595381952,0.641927558558472,0.49229872742782615,0.36423841059602646,0.7947019867549668,1.1746538028854645,2.864585511215282,,,0.3252799595381952,0.00796040351221245,0.03220916479180912,0.06563748377314836,0.065674671543966,-0.01749019348710834,-0.06551723133218679,,0.14260691896321864,0.04319766065490882,-0.010396715805061074,
temporal,TT_max,W2,dev,040514,Clim,151.0,0.8588496751788641,1.086115177489115,1.1796461787722115,,0.6359123171481597,0.4501192399836541,0.4900662251655629,0.8211920529801324,1.2987903386450215,3.0746114190189897,,,0.0,0.0,0.00027724807556179213,-0.00027724807556179213,0.0,0.0,0.0,,0.015887759360061704,0.007558693980116882,0.021175368493680513,
temporal,TT_max,W2,dev,040514,Damp,151.0,0.8582197300495685,1.0948473354627222,1.1986906879698227,-0.08579508082110693,0.6407555925885853,0.45985687884760595,0.4768211920529801,0.8675496688741722,1.3436920545087538,3.2768129481433133,,,-0.08579508082110693,0.023266975590319382,0.0005197997470684754,-0.016425979444287586,-0.016144255404983543,-0.007616262981264388,-0.021633465088729542,,0.0,0.0,0.0,
temporal,TT_max,W2,dev,040514,GBM_LG,151.0,0.8269478829124428,1.0574033804692868,1.1181019090278754,0.3231222722786572,0.6142637408185571,0.4604678231398033,0.33112582781456956,0.7814569536423841,0.9840530550932313,2.4402242897569066,,,0.3231222722786572,0.03126383799551658,0.021235143952699077,0.05190902089430701,0.0521718044374897,0.03404333545022176,-0.02299075941860429,,0.06723067072326838,0.041344706275607934,-0.001328553122285303,
temporal,TT_max,W2,dev,040514,Pers,151.0,1.071945001684672,1.380343459991597,1.9053480675415733,0.02739321562955067,,,,,,,,,0.02739321562955067,0.6121752234713976,0.004209035287986065,-0.6156338704968567,-0.6151860632691408,,,,-0.5895243757741955,,,
temporal,TT_max,W2,dev,040514,Ridge_LG,151.0,0.8318764643465215,1.0554805403711272,1.1140391711021265,0.25418388841252204,0.6229835610180796,0.4438475022934501,0.3973509933774834,0.7880794701986755,1.1148791391329547,2.718815212508898,,,0.25418388841252204,0.00875768078403564,0.0004977616695573684,0.055354006674916446,0.055615835367151756,0.020331035869946446,0.013933502799017727,,0.07061998371829137,0.027736053771623692,0.03481382423652135,
temporal,TT_max,W2,dev,150701,Clim,145.0,0.761216041250979,1.043524428059501,1.0889432319569088,,0.5811607509175019,0.43522991942350486,0.4827586206896552,0.8275862068965517,1.2454829402900087,2.7655854717460575,,,0.0,0.0,0.17682393478743474,-0.17682393478743474,0.0,0.0,0.0,,-0.29688737042074664,-0.11315139785662698,-0.11414479808791134,
temporal,TT_max,W2,dev,150701,Damp,145.0,0.6974084739902153,0.9163291227615988,0.8396590612210413,0.4092783614813931,0.5220859912106537,0.39064035497939215,0.42758620689655175,0.8413793103448276,1.040011988268256,2.5362394143408182,,,0.4092783614813931,0.003174960244872916,0.07175566529626272,0.09257815163575829,0.22892301767456336,0.1016496031667391,0.10245059554539582,,0.0,0.0,0.0,
temporal,TT_max,W2,dev,150701,GBM_LG,145.0,0.7602030510543356,1.002267083818217,1.0045393073054731,0.19233596851269363,0.5671635430893113,0.42153845059055656,0.33793103448275863,0.7586206896551724,0.7058060233184215,1.9993468835290646,,,0.19233596851269363,0.11703750650461862,0.005564000405165201,-0.08560838212606796,0.07750994007259282,0.02408491593090678,0.031458013849515964,,-0.19636570805853193,-0.08634124002087895,-0.07909601559929569,
temporal,TT_max,W2,dev,150701,Pers,145.0,0.7353763247872284,0.9435444708810243,0.8902761685301521,0.4146593384630923,,,,,,,,,0.4146593384630923,0.13139729129867797,0.0026689706143203126,0.03787610506165104,0.1824402389367329,,,,-0.060282928687154236,,,
temporal,TT_max,W2,dev,150701,Ridge_LG,145.0,0.6567383568820743,0.8614887914401195,0.7421629377769577,0.4459211659056622,0.48897873258690855,0.3477470641150757,0.43448275862068964,0.8137931034482758,0.9377633265344686,2.2868893213821364,,,0.4459211659056622,0.0002420005442401634,0.0006612062497674482,0.1979424794086575,0.3184558055948996,0.15861707485418075,0.20100377157964433,,0.1161139418924434,0.06341342074123357,0.10980250841360017,
temporal,TT_max,W2,dev,151007,Clim,151.0,0.7833827742468107,1.0669401947081996,1.1383613790839708,,0.610036067913984,0.438825894417618,0.5033112582781457,0.847682119205298,1.1967933849459185,3.190855446008096,,,0.0,0.0,0.010595513368967946,-0.010595513368967946,0.0,0.0,0.0,,-0.07151537333374103,-0.04176347702806571,-0.04525523969923051,
temporal,TT_max,W2,dev,151007,Damp,151.0,0.7649436310346055,1.030720404025992,1.0623845512755041,0.26722279979774255,0.5855802025756267,0.41982654355685317,0.5364238410596026,0.847682119205298,1.2074175901824402,2.9444853677967773,,,0.26722279979774255,0.012936493638251173,0.0016176011538444523,0.05685392993964877,0.06674227464533677,0.04008921213787253,0.043295874519847066,,0.0,0.0,0.0,
temporal,TT_max,W2,dev,151007,GBM_LG,151.0,0.8339547834198326,1.107136594784375,1.2257514395107412,0.17104828737686828,0.6344087084170024,0.47093583998131355,0.3576158940397351,0.7086092715231788,0.7666567220512491,2.0775454324159046,,,0.17104828737686828,0.09020768763506183,0.027227035300315457,-0.08817720632081757,-0.07676829347205372,-0.039952786048143674,-0.07317240384437618,,-0.15377377997364294,-0.0833848303385385,-0.12173907821895291,
temporal,TT_max,W2,dev,151007,Pers,151.0,0.9171838108911378,1.1457464874575165,1.3127350135212368,0.2800150420846866,,,,,,,,,0.2800150420846866,0.21803397225950724,0.025772487063507092,-0.16539803552932553,-0.1531795066497974,,,,-0.2356495695886771,,,
temporal,TT_max,W2,dev,151007,Ridge_LG,151.0,0.7624598467594228,1.008088918423653,1.0162432674485704,0.3472477655096024,0.5899276209417583,0.4311541523256443,0.45695364238410596,0.8079470198675497,1.0895871715701506,2.6571366109902517,,,0.3472477655096024,4.565376159031648e-05,0.02271888616711634,0.09781647072270516,0.10727534672132666,0.03296271815695506,0.017482427973297132,,0.043431809857867654,-0.007424121148580154,-0.0269816402574774,
temporal,TT_max,W2,dev,230201,Clim,151.0,0.842342380923329,1.0703375837420603,1.145622543170792,,0.6324462597761623,0.4411396380397506,0.47019867549668876,0.9139072847682119,1.5232120664112498,4.443573175747238,,,0.0,0.0,1.2219068233559415e-05,-1.2219068233559415e-05,0.0,0.0,0.0,,0.049617213923046743,0.04699682775782632,0.003150958824185035,
temporal,TT_max,W2,dev,230201,Damp,151.0,0.8888493187072452,1.0979220182710936,1.2054327582044717,0.016562325520032548,0.6636349995437868,0.4425340445925618,0.5562913907284768,0.9403973509933775,1.8271384190345212,4.455776016128417,,,0.016562325520032548,0.050046534897141615,0.00244824280691217,-0.05222046707742226,-0.05220761008083863,-0.04931445049364802,-0.003160918749009811,,0.0,0.0,0.0,
temporal,TT_max,W2,dev,230201,GBM_LG,151.0,0.8658916560319326,1.0769105121372466,1.1597362511517066,0.24882710532822333,0.6423622521353101,0.4525033934990631,0.25165562913907286,0.7152317880794702,0.8387852844563367,2.217645931292498,,,0.24882710532822333,0.05180362527291389,0.022443356908395468,-0.012332053835286613,-0.012319684231991035,-0.015678790420323274,-0.025759996335420032,,0.037908798099058894,0.03205489075033807,-0.02252786882347091,
temporal,TT_max,W2,dev,230201,Pers,151.0,1.1815178492180458,1.4747244818392709,2.174812297336106,0.03690741289833306,,,,,,,,,0.03690741289833306,0.8347763346629716,0.0649762517378674,-0.8983904292739909,-0.8983672329952395,,,,-0.8041755398912125,,,
temporal,TT_max,W2,dev,230201,Ridge_LG,151.0,0.8506039951366892,1.071254809022933,1.1475868658547608,0.29740618383360895,0.6385575791218508,0.4435114262424953,0.41721854304635764,0.7880794701986755,1.2485015232230332,3.0446752612298282,,,0.29740618383360895,0.07341007373647644,0.016767237872132315,-0.0017268734261383506,-0.0017146334066819868,-0.009662985986906403,-0.00537650212817864,,0.04798765584890363,0.037787971458972724,-0.002208602167169671,
temporal,TT_max,W3_4,blind,040114,Clim,96.0,1.0773337442979543,1.283382387208019,1.647070351795754,,0.8092129286242425,0.5107933060374358,0.2604166666666667,0.65625,1.0948683061428586,2.6785969014609203,,,0.0,0.0,0.23957459447298945,-0.23957459447298945,0.0,0.0,0.0,,-0.42311949755486,-0.2030263400524115,-0.24735765084697992,
temporal,TT_max,W3_4,blind,040114,Damp,96.0,0.8814427339720065,1.0758095382513504,1.1573661625925837,0.5523687158162388,0.6726477232318855,0.40950027900225505,0.3541666666666667,0.7083333333333334,1.055891858764414,2.574965077026733,,,0.5523687158162388,0.012392491191709671,0.16374506608813746,0.12897364093263367,0.2973183195661677,0.1687630048429083,0.19830531418075592,,0.0,0.0,0.0,
temporal,TT_max,W3_4,blind,040114,GBM_LG,96.0,0.8379801126455461,1.0245759827813334,1.0497559444923354,0.5779426315410059,0.616017232325158,0.33490379414103644,0.20833333333333334,0.59375,0.712545197923221,1.7200872950395423,,,0.5779426315410059,1.8334070330757026e-06,0.12405545029720126,0.20996040164830854,0.36265263754652843,0.23874519235319192,0.34434576533684735,,0.09297854177730036,0.08419041490935797,0.18216467408269532,
temporal,TT_max,W3_4,blind,040114,Pers,96.0,1.0107941525941662,1.2229576353690736,1.4956253779075162,0.5351382593867259,,,,,,,,,0.5351382593867259,0.36538218762626573,0.04658884642066953,-0.12559807738748052,0.0919480905737401,,,,-0.2922663770964302,,,
temporal,TT_max,W3_4,blind,040114,Ridge_LG,96.0,0.6976774258213524,0.8792346884927128,0.7730536374488777,0.7720642072469222,0.5210913368302725,0.2733528707594513,0.4479166666666667,0.8125,1.0203395741382244,2.488265013415978,,,0.7720642072469222,0.06349319305737483,0.11438516187438198,0.41820478518006154,0.5306492909631704,0.3560516417895234,0.46484641139870875,,0.3320578547784897,0.2253131634392912,0.3324720768799623,
temporal,TT_max,W3_4,blind,040514,Clim,96.0,0.9804695103684349,1.1932463637259205,1.4238368845451317,,0.7445895967023487,0.4801540374813364,0.3125,0.6666666666666666,0.9819366042543053,2.4557957039725182,,,0.0,0.0,0.7589052873674179,-0.7589052873674179,0.0,0.0,0.0,,-0.13082998563654114,-0.07942613351713179,-0.0990058182542044,
temporal,TT_max,W3_4,blind,040514,Damp,96.0,0.9061971491615619,1.1220997396769483,1.2591078257830752,0.30730199973040007,0.6898013431231523,0.4368985400314549,0.3541666666666667,0.7604166666666666,1.0466745855885213,2.5524872481313454,,,0.30730199973040007,0.027116629527753698,0.6227287909798227,-0.5554109014692736,0.11569377121079549,0.07358181449464707,0.09008670983332678,,0.0,0.0,0.0,
temporal,TT_max,W3_4,blind,040514,GBM_LG,96.0,0.86835433992138,1.133654939665962,1.285173522229036,0.1756742234153837,0.6603447104584353,0.3910941686731486,0.3645833333333333,0.6770833333333334,0.826855476152551,2.0152772233303224,,,0.1756742234153837,0.23358746442030345,0.3848845492900213,-0.5876105809377266,0.09738711212021589,0.11314271192750824,0.18548187010017492,,-0.020701719036453126,0.04270306655442113,0.10483983616655834,
temporal,TT_max,W3_4,blind,040514,Pers,96.0,1.117041106076119,1.405648554658589,1.9758478592137803,0.2973848753729838,,,,,,,,,0.2973848753729838,1.392316789557428,0.13694076529818588,-1.4408197907550089,-0.3876925655321801,,,,-0.5692443639486904,,,
temporal,TT_max,W3_4,blind,040514,Ridge_LG,96.0,0.9174784269735573,1.1155369460500144,1.2444226780025929,0.27578485988813656,0.7007977716434212,0.45459011254884435,0.2916666666666667,0.6979166666666666,1.0400265738187182,2.5362749835923073,,,0.27578485988813656,0.00998918023519861,0.6033380388646374,-0.537269930156317,0.126007556406193,0.05881337216215954,0.053241091268519614,,0.011663137564369652,-0.015941442605027722,-0.040493549179898336,
temporal,TT_max,W3_4,blind,150701,Clim,96.0,0.7589737560843575,0.9468674031973588,0.8965578792377098,,0.5496817631464318,0.46151177481268313,0.3854166666666667,0.6979166666666666,1.0213707066008562,2.547366122670795,,,0.0,0.0,0.12412366616321707,-0.12412366616321707,0.0,0.0,0.0,,-0.41692221827700604,-0.13436462478128197,-0.0962226639628867,
temporal,TT_max,W3_4,blind,150701,Damp,96.0,0.6567036497466784,0.7954559974788854,0.6327502439251286,0.5239359286430413,0.4845723774685027,0.4210018548095881,0.3958333333333333,0.8125,0.9181584419278646,2.239079602250276,,,0.5239359286430413,0.0017835929216160446,0.06608120988880077,0.20664405451262918,0.29424495776768067,0.11844923743737945,0.08777656869001238,,0.0,0.0,0.0,
temporal,TT_max,W3_4,blind,150701,GBM_LG,96.0,0.5501963788599817,0.7032330840167015,0.49453677045564115,0.64174025594906,0.41142555834458955,0.34704950832659226,0.375,0.65625,0.6621511181852036,1.5859145581104475,,,0.64174025594906,8.151815075727568e-06,0.03188330647092494,0.37993909781956436,0.4484050813583652,0.25152045068850437,0.2480159179742455,,0.21843290428797013,0.15095127688880228,0.1756580063440415,
temporal,TT_max,W3_4,blind,150701,Pers,96.0,0.767607680852274,0.9312178786528057,0.8671667375226316,0.5089965256928751,,,,,,,,,0.5089965256928751,0.2823335992001505,0.06401628076600631,-0.08727241679873911,0.03278220223781614,,,,-0.37047238756219425,,,
temporal,TT_max,W3_4,blind,150701,Ridge_LG,96.0,0.5685837087181832,0.6984146116676836,0.48778296979092123,0.6359384681692776,0.41901172137544956,0.3791857419126942,0.2916666666666667,0.78125,0.6846121462282685,1.6695387441560243,,,0.6359384681692776,0.013924207197209996,0.002086368887715518,0.38840715921256175,0.45593811499860526,0.2377194415601751,0.17838338563171685,,0.22910662702385443,0.13529590034734196,0.0993252462410329,
temporal,TT_max,W3_4,blind,151007,Clim,94.0,0.8872113205434169,1.0707522623027868,1.146510407226536,,0.668806922458435,0.505156983610871,0.2553191489361702,0.7021276595744681,0.9611214073515956,2.6907761773043317,,,0.0,0.0,1.1877766113121877,-1.1877766113121877,0.0,0.0,0.0,,-0.004388126368397582,0.011445345214228464,0.05380229376172363,
temporal,TT_max,W3_4,blind,151007,Damp,94.0,0.8958402968011742,1.0684106677822733,1.1415013550309632,-0.04689992657900714,0.6765502738979783,0.5338810063482228,0.3723404255319149,0.6702127659574468,1.0329376708863116,2.518987533808632,,,-0.04689992657900714,0.2203097265421544,0.9601081906629562,-1.1782183140919944,0.004368954842451034,-0.01157785779351661,-0.056861577033008315,,0.0,0.0,0.0,
temporal,TT_max,W3_4,blind,151007,GBM_LG,94.0,0.868878582386954,1.0312296005972186,1.063434489147899,0.1785757343270909,0.6640697070670313,0.49324823953564045,0.2127659574468085,0.5106382978723404,0.6870629165038097,1.6934096214460208,,,0.1785757343270909,0.19094220386652763,0.8701978383900477,-1.0292507493661156,0.07245980285482234,0.007083083670830548,0.023574343147959143,,0.06838963925798103,0.018447360547265146,0.07610828317439655,
temporal,TT_max,W3_4,blind,151007,Pers,94.0,1.0855089942404328,1.282705385452232,1.6453331058681588,-0.05262800055177779,,,,,,,,,-0.05262800055177779,1.2248062411223155,0.9175959223365759,-2.1396324570168135,-0.4350790847579824,,,,-0.4413763931305448,,,
temporal,TT_max,W3_4,blind,151007,Ridge_LG,94.0,0.7822956699358503,0.9212483517277922,0.8486985255611739,0.2995279415905232,0.5799839655612297,0.4519768803873003,0.23404255319148937,0.648936170212766,0.8221581293643234,2.0049671311833666,,,0.2995279415905232,0.05198320125965711,0.657224349004552,-0.6194905624707532,0.25975506178420427,0.13280807048274168,0.10527440963685875,,0.2565067734517468,0.14273338148305958,0.15341269868570806,
temporal,TT_max,W3_4,blind,230201,Clim,96.0,1.1800955285212427,1.4149635356197892,2.0021218071336544,,0.8737867950936028,0.5233245288213305,0.22916666666666666,0.6354166666666666,1.0819127051585917,3.654942554277696,,,0.0,0.0,0.6143607028276656,-0.6143607028276656,0.0,0.0,0.0,,-0.14182307199740252,-0.06718819971345269,-0.06322743352452731,
temporal,TT_max,W3_4,blind,230201,Damp,96.0,1.1131929013120303,1.3241763921849963,1.7534431176200729,0.37960509742938076,0.8187747909208708,0.49220374900085573,0.3125,0.7604166666666666,1.4485984209608527,3.532644288947498,,,0.37960509742938076,0.002520538255325508,0.5554243705289323,-0.4138448787898882,0.1242075725000985,0.06295815464553789,0.05946745873075587,,0.0,0.0,0.0,
temporal,TT_max,W3_4,blind,230201,GBM_LG,96.0,0.9084379697966325,1.0642149280873023,1.132553413163862,0.5990388158926993,0.7129755463168183,0.39264192751405164,0.21875,0.46875,0.6890185260160587,1.707980288188808,,,0.5990388158926993,0.0035895634858517686,0.26846397794933635,0.0867939615109391,0.4343234217176395,0.18403945868689608,0.24971617822235792,,0.3540974316286559,0.12921653887885431,0.20227765775638373,
temporal,TT_max,W3_4,blind,230201,Pers,96.0,1.1005913013719537,1.3247437480844189,1.754945998088754,0.5055292221890202,,,,,,,,,0.5055292221890202,0.5095616180169329,0.16105486523131324,-0.4150566887612104,0.1234569286265208,,,,-0.0008571024937045202,,,
temporal,TT_max,W3_4,blind,230201,Ridge_LG,96.0,0.8572444039305696,1.0636005375643987,1.1312461035072778,0.5693118191253723,0.6300425419817167,0.34200437398992073,0.2916666666666667,0.7083333333333334,0.9890263079702516,2.4119024899616113,,,0.5693118191253723,0.0033552801223628694,0.2329125894103278,0.08784807786314999,0.43497638381611226,0.278951632687211,0.34647746254086764,,0.354842998817832,0.23050569098114027,0.30515690974689,
temporal,TT_max,W3_4,dev,040114,Clim,145.0,0.616806536498472,0.8404306030864237,0.7063235986042098,,0.4789689624818572,0.4427243047027784,0.5241379310344828,0.7931034482758621,1.124406048243781,2.6215786726746835,,,0.0,0.0,0.0009001056245372695,-0.0009001056245372695,0.0,0.0,0.0,,0.028597826687392303,0.028362111210247343,0.029919853320332424,
temporal,TT_max,W3_4,dev,040114,Damp,145.0,0.6788910820742716,0.8527118981062245,0.7271175811719202,0.19241985415115195,0.49295006710622286,0.4563791004466061,0.4206896551724138,0.8689655172413793,1.0227118757946603,2.4940502591935556,,,0.19241985415115195,0.066235376628961,0.001156367390141536,-0.030366343747551955,-0.029439739248132257,-0.029190001272567212,-0.030842661220044976,,0.0,0.0,0.0,
temporal,TT_max,W3_4,dev,040114,GBM_LG,145.0,0.7023368142315394,0.8688890060415018,0.7549681048197889,0.291210772022992,0.5017493366684181,0.5067827358140052,0.22758620689655173,0.6758620689655173,0.6002725827729223,1.5938695704638577,,,0.291210772022992,0.05606842871972136,0.09856738089264881,-0.06983209587014316,-0.06886999997126986,-0.04756127425986145,-0.1446914714886327,,-0.03830264096073854,-0.01785022489975474,-0.11044247056465739,
temporal,TT_max,W3_4,dev,040114,Pers,145.0,0.9697818826831393,1.198884062052105,1.4373229942425558,0.14752263341237062,,,,,,,,,0.14752263341237062,1.0539235173069326,0.004606607982106157,-1.036767197920118,-1.0349355409940983,,,,-0.9767408070727344,,,
temporal,TT_max,W3_4,dev,040114,Ridge_LG,145.0,0.6429064338068137,0.817878198777352,0.6689247480352858,0.34636524135167807,0.5028553740645073,0.50508192678572,0.36551724137931035,0.7172413793103448,0.7964973333028736,1.9423890810180222,,,0.34636524135167807,0.02621558706438148,0.04165713273471093,0.05209616061751378,0.05294860690316616,-0.049870478994878065,-0.14084978263121362,,0.08003221850700282,-0.020093935713269673,-0.10671572447435462,
temporal,TT_max,W3_4,dev,040514,Clim,145.0,0.6843014536363407,0.8623004331353394,0.743562036985394,,0.4948306339782468,0.46344527201232316,0.4206896551724138,0.8137931034482758,0.9238710655373887,2.1911678099689187,,,0.0,0.0,2.808726077611438e-05,-2.808726077611438e-05,0.0,0.0,0.0,,0.021765103372097694,0.03728245331142355,0.05782497576394263,
temporal,TT_max,W3_4,dev,040514,Damp,145.0,0.6769174191415611,0.8718404777843263,0.7601058187032023,-0.03988311599546043,0.513993575457617,0.49188872565168873,0.46206896551724136,0.8413793103448276,0.9776713328174839,2.3842115249956555,,,-0.03988311599546043,0.021453795574719613,0.00241494261026719,-0.022278075243479453,-0.022249363059041016,-0.03872626341927865,-0.06137392127415908,,0.0,0.0,0.0,
temporal,TT_max,W3_4,dev,040514,GBM_LG,145.0,0.6407347836949187,0.8267490863377904,0.6835140517603712,0.35004826036250064,0.4958425319691379,0.4671522739681914,0.3793103448275862,0.7310344827586207,0.7555011656144092,1.8953697696528502,,,0.35004826036250064,0.02572901564976967,0.016073391856585573,0.0807313770764578,0.08075719608880783,-0.002044938048309408,-0.007998791183632337,,0.10076461073999188,0.03531375557042504,0.05028871448664474,
temporal,TT_max,W3_4,dev,040514,Pers,145.0,0.9600848999169713,1.2115415034303127,1.4678328145341826,-0.029632869472205437,,,,,,,,,-0.029632869472205437,0.9734178992099041,0.001571268991601483,-0.9741110612483489,-0.9740556154334916,,,,-0.9310900909013116,,,
temporal,TT_max,W3_4,dev,040514,Ridge_LG,145.0,0.6767903266026184,0.8601474300679324,0.7398536014524686,0.07922700988594834,0.5122978369837695,0.4905281716616802,0.3310344827586207,0.7448275862068966,0.7712955308313793,1.8809303618285764,,,0.07922700988594834,0.0013150512541226069,2.422780330683457e-06,0.004959445061014867,0.004987392239604538,-0.035299356600243526,-0.0584381830712406,,0.026643944504050054,0.003299143325551923,0.0027659792124853366,
temporal,TT_max,W3_4,dev,150701,Clim,139.0,0.6654815660899032,0.917169412004485,0.8411997303166526,,0.5129074377361756,0.4599530407122644,0.4460431654676259,0.8201438848920863,1.0463787857982785,2.4747426185088632,,,0.0,0.0,0.2582573695008552,-0.2582573695008552,0.0,0.0,0.0,,-0.30210753254579403,-0.12087867688204157,-0.11077962215813719,
temporal,TT_max,W3_4,dev,150701,Damp,139.0,0.6089585995262966,0.803759532714955,0.6460293864301628,0.3954246234821741,0.4575940717892279,0.414081273672108,0.45323741007194246,0.8201438848920863,0.9112508577132169,2.2222343278296997,,,0.3954246234821741,0.014721774281030147,0.1079625592303366,0.03367629934465244,0.23201427301102662,0.10784278385800938,0.09973141381807415,,0.0,0.0,0.0,
temporal,TT_max,W3_4,dev,150701,GBM_LG,139.0,0.6547237766612198,0.8829928268425975,0.7796763322554813,0.1603597179908805,0.48717934865839246,0.4146530246810558,0.26618705035971224,0.7482014388489209,0.5771382179396872,1.565077553885296,,,0.1603597179908805,0.18356409259119047,0.008382489167571058,-0.1662313426046468,0.07313768162765821,0.050161271186355716,0.09848834994341782,,-0.20687440638548416,-0.06465397760395786,-0.0013807700210093365,
temporal,TT_max,W3_4,dev,150701,Pers,139.0,0.682004492560495,0.8669267895002003,0.7515620583531246,0.39230720709609446,,,,,,,,,0.39230720709609446,0.27423284853966823,0.0038504149495404423,-0.12417831874967072,0.10655932085211872,,,,-0.16335583820128607,,,
temporal,TT_max,W3_4,dev,150701,Ridge_LG,139.0,0.5707699193657286,0.7494804501629777,0.5617209451764997,0.4173147604217259,0.4382046394276183,0.3495006664865766,0.33093525179856115,0.7410071942446043,0.7408786783901427,1.8067538899302982,,,0.4173147604217259,0.01147728661164091,0.002890377651342505,0.15978394500285906,0.3322383199468558,0.14564576922158468,0.24013837163603857,,0.1305024864573665,0.042372560216515476,0.15596118755341204,
temporal,TT_max,W3_4,dev,151007,Clim,145.0,0.6342513502274761,0.8680025974511318,0.7534285091819116,,0.49867242111197474,0.45403746402799927,0.4206896551724138,0.8206896551724138,0.9547043919223895,2.5822707332417507,,,0.0,0.0,0.019300207948094828,-0.019300207948094828,0.0,0.0,0.0,,-0.014722773822465118,-0.013761223914691145,0.026316800725788125,
temporal,TT_max,W3_4,dev,151007,Damp,145.0,0.6384765862224034,0.8616825954654725,0.7424968953281132,0.2290328358914131,0.4919032306111744,0.46630923114051975,0.5103448275862069,0.8275862068965517,0.9802727142877408,2.390555419384399,,,0.2290328358914131,0.050443609446804274,0.00652344987684758,-0.004511019407188891,0.014509158759691942,0.013574423237013744,-0.027028093681193965,,0.0,0.0,0.0,
temporal,TT_max,W3_4,dev,151007,GBM_LG,145.0,0.6948870495852287,0.913451283184742,0.8343932467518518,0.1767069227131895,0.5289474730358074,0.49663969547965525,0.2413793103448276,0.6620689655172414,0.5658465699569153,1.570480610252456,,,0.1767069227131895,0.12419023321724379,0.03587108385154208,-0.12883598053402073,-0.10746173868288222,-0.060711301933086936,-0.09382977138870818,,-0.12376664737854437,-0.07530798766783176,-0.06504367126713717,
temporal,TT_max,W3_4,dev,151007,Pers,145.0,0.8229550317726957,1.0403000313259896,1.0822241551768548,0.22317810769616475,,,,,,,,,0.22317810769616475,0.48677198178617304,0.027158553258105244,-0.46412206728943733,-0.43639926282051156,,,,-0.45754704428577364,,,
temporal,TT_max,W3_4,dev,151007,Ridge_LG,145.0,0.6876483588599568,0.8667396840027867,0.7512376798252505,0.26780505061514537,0.5295988435150804,0.5138733538049345,0.3793103448275862,0.696551724137931,0.7999734505367476,1.9508661617025445,,,0.26780505061514537,0.029010741295623664,0.059045077198291857,-0.016336273358934943,0.002907813189920394,-0.062017511083014565,-0.13178623906076026,,-0.01177214955663164,-0.076632171854351,-0.10200124614320893,
temporal,TT_max,W3_4,dev,230201,Clim,145.0,0.6198303625535739,0.8210534580330999,0.6741287809481115,,0.4939457691476875,0.4334726312952294,0.5241379310344828,0.8344827586206897,1.188252507726979,3.7576337066333783,,,0.0,0.0,7.890705921372692e-05,-7.890705921372692e-05,0.0,0.0,0.0,,0.03205104860725827,0.03990406417528192,0.0016831348905783639,
temporal,TT_max,W3_4,dev,230201,Damp,145.0,0.6704786350641858,0.8345362532849201,0.6964507580468323,0.11702644178407767,0.5144754297115011,0.4342034542787355,0.6137931034482759,0.9241379310344827,1.5662928460582073,3.8196614033147416,,,0.11702644178407767,0.04198050895180734,0.004908532602584502,-0.033193853477749724,-0.0331123336216661,-0.04156258003634239,-0.001685972609902553,,0.0,0.0,0.0,
temporal,TT_max,W3_4,dev,230201,GBM_LG,145.0,0.6592229369134999,0.8254333328826567,0.6813401870337707,0.3200906755835022,0.47525644111632015,0.44824111962558233,0.3103448275862069,0.6896551724137931,0.6753578840794354,1.7641010139178281,,,0.3200906755835022,0.0752749945741088,0.03796016879298756,-0.010777122771593518,-0.010697371614244222,0.03783680152502611,-0.03407017482562691,,0.021696538970592094,0.07623102354406597,-0.03232969523507134,
temporal,TT_max,W3_4,dev,230201,Pers,145.0,1.0575371595863787,1.299617049719966,1.6890044759228287,0.029111049484187992,,,,,,,,,0.029111049484187992,1.422315275956983,0.08419251698518541,-1.5056603397400976,-1.505462641051122,,,,-1.425159936159123,,,
temporal,TT_max,W3_4,dev,230201,Ridge_LG,145.0,0.6885501090277045,0.8568097994913562,0.734123032504418,0.30911396515056927,0.5325136432886554,0.5013905105874511,0.4,0.7172413793103448,0.9071312687809568,2.212188036115046,,,0.30911396515056927,0.11403346878287592,0.07059914245555503,-0.08908116778732358,-0.08899523837556544,-0.07808119139782788,-0.15668320071161368,,-0.054091799057317536,-0.03506137035012458,-0.15473634685915028,
temporal,TT_mean,W1,blind,040114,CFS_BC,102.0,0.5331462115923474,0.6918384832929592,0.47864048696510214,0.8466536397437213,0.40349660953013716,0.2065419002853875,0.49019607843137253,0.8823529411764706,0.8494109515588624,2.0714275975832828,,,0.8466536397437213,0.005989364458959167,0.005403244179631781,0.7054297770527002,0.7225496383086638,0.4987683105448055,0.5694381530441381,,0.6424661135518678,0.4229433612108068,0.4770123415046468,
temporal,TT_mean,W1,blind,040114,Chronos,102.0,0.7366702258115462,0.9172453559459853,0.8413390430044774,0.7093752476021532,0.6663800014209745,0.32036444911941275,0.09803921568627451,0.24509803921568626,0.24031701880991094,0.5641524849738013,,,0.7093752476021532,0.006238296203815896,0.014761125984873844,0.4822138197219264,0.512306567990655,0.17220921801464928,0.3321611318514125,,0.37153829218823486,0.046983308672376545,0.18880066040542254,
temporal,TT_mean,W1,blind,040114,Chronos@abs,102.0,0.6965409907597028,0.8729212576310524,0.7619915220241783,0.7289582890863745,0.5198835535826288,0.2742364777790906,0.4803921568627451,0.8627450980392157,1.0791122798158341,2.60100480702077,,,0.7289582890863745,0.0003209750726382791,1.2463372602333684e-05,0.5310467487824938,0.5583014200661335,0.3541900830700083,0.42832052860903636,,0.43080914020193295,0.25649373772553097,0.30560194716167977,
temporal,TT_mean,W1,blind,040114,ChronosBolt,102.0,0.8475201597022681,1.0551041978720157,1.1132448683671499,0.583030954245801,0.6261784681033479,0.33984456509291094,0.5,0.8823529411764706,1.4214802653181786,3.5169893407179846,,,0.583030954245801,0.024006097742888782,0.001044466862150467,0.31487452900373,0.35469271866671526,0.2221483798007864,0.29155244808858016,,0.16843063803592018,0.1044771292956913,0.13947478402818014,
temporal,TT_mean,W1,blind,040114,Clim,102.0,1.0676332986659658,1.3134455340864926,1.7251391710117514,,0.8050101739750556,0.4797032104578478,0.35294117647058826,0.7450980392156863,1.311697510295274,3.0936028257431123,,,0.0,0.0,0.06170423116986363,-0.06170423116986363,0.0,0.0,0.0,,-0.2886409095616502,-0.1512772454918312,-0.21466326427424076,
temporal,TT_mean,W1,blind,040114,Damp,102.0,0.940167030514379,1.1570339729933468,1.3387276146607687,0.47969974652613623,0.6992322458619874,0.39492691066480035,0.4019607843137255,0.7941176470588235,1.2425705765329658,3.030211677223694,,,0.47969974652613623,0.029887072459617126,0.024119331244705458,0.17610544311291676,0.22398862818955168,0.13139949224585323,0.1767265633101217,,0.0,0.0,0.0,
temporal,TT_mean,W1,blind,040114,Ensemble,102.0,0.6976995247422669,0.8878237224150838,0.7882309620829758,0.7717237867727611,0.5341304096180449,0.2625424473730767,0.38235294117647056,0.7549019607843137,0.8106587141240871,2.074941033725133,,,0.7717237867727611,0.07215533939976528,0.008504081335948634,0.5148981823351761,0.5430913775955258,0.33649234893446744,0.45269816492890314,,0.4112088572381378,0.23611873911851866,0.33521256646925934,
temporal,TT_mean,W1,blind,040114,GBM_L,102.0,0.8302580638637701,1.0433112282384964,1.08849831896852,0.6620113778028777,0.600881389278089,0.3165812725223979,0.4117647058823529,0.7352941176470589,1.0665223776427435,2.3355945253649284,,,0.6620113778028777,0.07289559758278098,0.03525914259025602,0.3301043241674274,0.36903738709373657,0.25357292528242237,0.34004762607229544,,0.1869157646050772,0.14065549345862205,0.1983800952194401,
temporal,TT_mean,W1,blind,040114,GBM_LG,102.0,0.7707585398331573,0.9674144490287002,0.9358907161895037,0.6794281835678085,0.5726456517536122,0.2883185292595916,0.3235294117647059,0.7450980392156863,0.8618030862028033,2.1723937657237835,,,0.6794281835678085,0.03201303126298098,0.00558584223176008,0.4240237831315107,0.45749842568317134,0.2886479323286709,0.39896477035371736,,0.3009102778337348,0.18103655095643367,0.2699445860140285,
temporal,TT_mean,W1,blind,040114,GBM_LG@EC,102.0,0.7111099212545541,0.9088363069474139,0.825983432825814,0.724165576589237,0.5568800708275337,0.2682368867313944,0.4019607843137255,0.6764705882352942,0.8870188184224933,2.0415524817741595,,,0.724165576589237,0.025924483698115734,0.006827159425267006,0.4916641391934393,0.5212076528635106,0.30823225739158244,0.44082740977410084,,0.3830085942948769,0.20358353876967905,0.320793596263527,
temporal,TT_mean,W1,blind,040114,LSTM_LG,102.0,0.742535408554257,0.9315226270855114,0.8677344047722926,0.7548022665492257,0.5559247294823493,0.2918024379267885,0.4117647058823529,0.8431372549019608,0.9976410911071534,2.7578627683368384,,,0.7548022665492257,0.08316357503012797,0.020593592345995775,0.4659692942117246,0.49700614341543936,0.30941900182795035,0.3917021367268303,,0.3518215391469496,0.20494981063548345,0.2611229317455659,
temporal,TT_mean,W1,blind,040114,Pers,102.0,1.007054655697151,1.2467205845516656,1.5543122159448466,0.5227612038788434,,,,,,,,,0.5227612038788434,0.22982360512054656,2.76880485699971e-05,0.04342798311174113,0.09902212988805936,,,,-0.16103694203596963,,,
temporal,TT_mean,W1,blind,040114,Ridge_L,102.0,0.7568381722228201,0.9555538771655845,0.9130832121661808,0.7456029418836335,0.5692454573912987,0.29791314045306927,0.43137254901960786,0.8333333333333334,1.1025839985108048,2.688831500203155,,,0.7456029418836335,0.10448428605838796,0.013379231345463564,0.43806022954167745,0.4707191005171599,0.2928717228747253,0.3789636300980159,,0.31794698027682466,0.1858993049018296,0.24564993570183125,
temporal,TT_mean,W1,blind,040114,Ridge_LG,102.0,0.6731580034174133,0.8571585250608746,0.7347207370845341,0.7775221044648478,0.5047317483248114,0.26572678382540943,0.43137254901960786,0.8333333333333334,1.0450680442979121,2.548569434309993,,,0.7775221044648478,0.055501384550173886,0.0012092014767172865,0.5478300369045546,0.574109295394621,0.37301196352277255,0.4460600262153984,,0.4511798150434724,0.2781629404081658,0.3271494632308086,
temporal,TT_mean,W1,blind,040114,Ridge_LG@EC,102.0,0.6729467418754207,0.8507773467304766,0.7238220937097495,0.7796922513975361,0.5010013461579694,0.2627670344426177,0.47058823529411764,0.8725490196078431,1.0516553558390416,2.564633671408812,,,0.7796922513975361,0.04391229207171232,0.009470314252550648,0.5545374005650956,0.5804268398327274,0.37764594491510894,0.45222998572008233,,0.45932086125438987,0.28349793774119536,0.33464388638320774,
temporal,TT_mean,W1,blind,040514,CFS_BC,102.0,0.6498762218519977,0.8373046203071907,0.7010790271877687,0.7928819239829343,0.48194037095464504,0.2685601489390444,0.35294117647058826,0.8333333333333334,0.8171483844611974,1.9927500484742922,,,0.7928819239829343,0.007992869725342553,0.025668740108344492,0.5950001355451926,0.633835290867827,0.4443402533290769,0.4552892107932771,,0.5014562852574398,0.33149865369977927,0.30262094438475917,
temporal,TT_mean,W1,blind,040514,Chronos,102.0,0.7711075335935224,0.9504040776763056,0.9032679108637492,0.6957049526925405,0.7029030872834977,0.36978044641753977,0.06862745098039216,0.1568627450980392,0.2174058435313568,0.5236430870898081,,,0.6957049526925405,0.0045974503561599656,0.0012084230569240147,0.47819950778784603,0.5282345940705662,0.1895782653764967,0.24998776029488345,,0.357677918998485,0.025000418128862667,0.039778837156599356,
temporal,TT_mean,W1,blind,040514,Chronos@abs,102.0,0.7937323083850568,0.9834855957439848,0.9672439170359006,0.6945798426164632,0.6634952026053733,0.35241841887435044,0.19607843137254902,0.39215686274509803,0.4900033049772497,1.143178638282546,,,0.6945798426164632,0.04093149224513436,0.0002678655312339474,0.4412417999927425,0.49482073517161795,0.23501412536413047,0.2852025297334647,,0.31218399529719165,0.07966324687256465,0.08486339054051684,
temporal,TT_mean,W1,blind,040514,ChronosBolt,102.0,0.8452112922893017,1.0741719583194604,1.1538453960398645,0.6111703675119005,0.6285685384056963,0.3377996142405025,0.5098039215686274,0.8823529411764706,1.3239874068428488,3.320183990570994,,,0.6111703675119005,0.03977778774820949,0.000305714381256017,0.3334457159951659,0.39736114269571887,0.2752833008698268,0.31485331984815745,,0.17948997520610688,0.1281101574167265,0.12282452591392079,
temporal,TT_mean,W1,blind,040514,Clim,102.0,1.1037952094331924,1.3837105279940796,1.9146548252816546,,0.8673300051732258,0.49303254912603406,0.28431372549019607,0.6274509803921569,0.9991417426808454,2.623057515151754,,,0.0,0.0,0.10605925244591564,-0.10605925244591564,0.0,0.0,0.0,,-0.36152857528004656,-0.20307679349702012,-0.28027399022305577,
temporal,TT_mean,W1,blind,040514,Damp,102.0,0.9418597021221456,1.1858557534235346,1.406253867927699,0.6378618026875067,0.7209265525371253,0.3850992466387101,0.3431372549019608,0.7352941176470589,1.0529860479857587,2.5678787819545823,,,0.6378618026875067,0.17084713168136031,0.04838634923701975,0.18763419840937567,0.2655313901184082,0.16879786443783906,0.2189171945719408,,0.0,0.0,0.0,
temporal,TT_mean,W1,blind,040514,Ensemble,102.0,0.7743327743199128,1.002220059080219,1.0044450468227577,0.7095728923179799,0.6028731701561686,0.31490725356085825,0.3137254901960784,0.6862745098039216,0.7780390113761347,1.9614192587523416,,,0.7095728923179799,0.07010710883407772,0.013635157571836693,0.4197514231065891,0.47539105557838657,0.3049091273675456,0.3612850629860578,,0.2857299313224715,0.1637523017643011,0.18226987897409241,
temporal,TT_mean,W1,blind,040514,GBM_L,102.0,0.9039875455962822,1.1463355040953949,1.314085087949643,0.5293173644156556,0.6546823979559226,0.33667294701985007,0.3333333333333333,0.7254901960784313,0.9465184869736063,2.2460442499134006,,,0.5293173644156556,0.016937683189455672,0.022360859911109768,0.24087832917137053,0.31366997821326104,0.2451749690993712,0.3171384980228025,,0.06554206326477796,0.09188752217278229,0.12575018009394423,
temporal,TT_mean,W1,blind,040514,GBM_LG,102.0,0.9176743156289132,1.1642143417596318,1.3553950335588127,0.489676544454579,0.6939898057994468,0.3995935402024173,0.2549019607843137,0.6862745098039216,0.7853619678308563,2.091715039578336,,,0.489676544454579,0.003926924795973466,0.01884182495008423,0.21701436844291955,0.2920943160815277,0.1998549552533455,0.1895189457354285,,0.03616618274183547,0.0373640652336652,-0.03763781334349203,
temporal,TT_mean,W1,blind,040514,GBM_LG@EC,102.0,0.8736956402316446,1.1217860163944424,1.258403866578112,0.5718896716534302,0.6656737289511602,0.37156386927945206,0.3137254901960784,0.6764705882352942,0.8022317093945784,1.9674707641862348,,,0.5718896716534302,0.01649394495193283,0.037519552203760305,0.27304429938817504,0.34275157591760963,0.2325023635977983,0.24637050852302034,,0.10513748955404711,0.07664140458069735,0.0351477637969948,
temporal,TT_mean,W1,blind,040514,LSTM_LG,102.0,0.8265218649616887,1.0479099621900247,1.0981152888570993,0.6886386281978214,0.6212924894845585,0.3464739181628636,0.37254901960784315,0.7647058823529411,1.0575028444987302,2.658040655594246,,,0.6886386281978214,0.08653714126955227,0.02204609237212248,0.36563992660450256,0.42646827284100086,0.2836723210556146,0.29725954447219605,,0.21912016464330342,0.13820279292242588,0.10029967291025055,
temporal,TT_mean,W1,blind,040514,Pers,102.0,0.8712822290401439,1.1402018425471099,1.3000602417478244,0.6236907820964597,,,,,,,,,0.6236907820964597,0.1397899656505694,0.0002200130532294249,0.24898021296829473,0.3209949780078092,,,,0.07551525979897566,,,
temporal,TT_mean,W1,blind,040514,Ridge_L,102.0,0.8367945576659314,1.0822783663883035,1.171326462352135,0.6810245628534652,0.6525756825866168,0.3243277014188239,0.4117647058823529,0.7156862745098039,0.9848038592268766,2.4016053577662277,,,0.6810245628534652,0.11188323997819048,0.028563974889554616,0.32334724034200835,0.3882310028493897,0.24760393541754344,0.34217791098429917,,0.16705902890902657,0.09480975518236123,0.15780748923900256,
temporal,TT_mean,W1,blind,040514,Ridge_LG,102.0,0.7979394977855159,1.0274473877875834,1.055648134671529,0.7101836200243975,0.6198947998058046,0.3116685768623445,0.4117647058823529,0.7254901960784313,0.9557597343548324,2.330776506669836,,,0.7101836200243975,0.09643040543790128,0.01775798425151558,0.39017238446154096,0.44864833037660556,0.2852838064999291,0.36785395322313186,,0.24931894677938482,0.140141533663539,0.1906798582892485,
temporal,TT_mean,W1,blind,040514,Ridge_LG@EC,102.0,0.7829891651027617,1.0182927678463092,1.0369201610480974,0.7329213983991746,0.6144101401354283,0.31201390483497926,0.4215686274509804,0.696078431372549,0.9576580458031483,2.3354058497641685,,,0.7329213983991746,0.086734337887209,0.04944826386773974,0.4009911744764529,0.45842971414152334,0.29160741993156747,0.36715353704726905,,0.2626365802811007,0.14774932623418913,0.18978313367695987,
temporal,TT_mean,W1,blind,150701,CFS_BC,102.0,0.4596926291851497,0.573896395692829,0.3293570729892201,0.7900233092402067,0.33951926271393335,0.30688957920924226,0.5196078431372549,0.9117647058823529,0.8238490074250914,2.009090614019083,,,0.7900233092402067,0.015270130617878231,0.004363716353706595,0.6045029821712625,0.6095630509547794,0.3596511143039649,0.35999653457136915,,0.2859118052515578,0.15934953270213115,0.1465507731180079,
temporal,TT_mean,W1,blind,150701,Chronos,102.0,0.49699217590215594,0.6253787926918009,0.39109863434865444,0.7356300625855889,0.4526000264584736,0.3689754095693433,0.08823529411764706,0.2647058823529412,0.14603276615026498,0.3409207644224093,,,0.7356300625855889,0.0004961544033375078,0.010292664947426576,0.5303627696289135,0.5363714032768355,0.1463756127060366,0.23051951978688645,,0.152048215525183,-0.12063869572525832,-0.02610775786791142,
temporal,TT_mean,W1,blind,150701,Chronos@abs,102.0,0.47560330586822647,0.603915482591331,0.36471391011352017,0.755452417633987,0.3581934245149215,0.3159444452409185,0.4803921568627451,0.8725490196078431,0.761794963470694,1.8444358718829328,,,0.755452417633987,0.005092887537434702,0.0035695171606563974,0.5620459506109448,0.5676492232376126,0.32443078952773685,0.34111304672470766,,0.20925366712518312,0.1131122655765141,0.12136950618099962,
temporal,TT_mean,W1,blind,150701,ChronosBolt,102.0,0.5210737140175439,0.6807914621060308,0.46347701487646725,0.6950138826293173,0.39175751727227187,0.3375424747533155,0.5490196078431373,0.8627450980392157,0.8569373429990282,2.106504172436927,,,0.6950138826293173,0.03894448359711469,0.00065011173956452,0.4434497017107992,0.4505703187164376,0.261127372735516,0.2960713943819304,,-0.004877356532026811,0.03000749551028936,0.061306138643316466,
temporal,TT_mean,W1,blind,150701,Clim,102.0,0.7583637663477735,0.9184553367179562,0.8435602055456943,,0.530209812647505,0.47951237108334793,0.3431372549019608,0.8137254901960784,0.9898438369023191,2.338441997395712,,,0.0,0.0,0.012960015172466031,-0.012960015172466031,0.0,0.0,0.0,,-0.8289462523838542,-0.3128007029857067,-0.33350719641870974,
temporal,TT_mean,W1,blind,150701,Damp,102.0,0.5548483975042102,0.6791372793396067,0.4612274441888029,0.6914377678701705,0.40387685003645046,0.3595873890828147,0.45098039215686275,0.8627450980392157,0.8514097526524844,2.0763020011211815,,,0.6914377678701705,0.01884657039254261,0.013088595796743195,0.446151020647998,0.45323707643316646,0.23826975585426102,0.25009778523459225,,0.0,0.0,0.0,
temporal,TT_mean,W1,blind,150701,Ensemble,102.0,0.4470387232247725,0.5596913911887438,0.3132544533707914,0.8037463967437853,0.33605060801352726,0.31078165278485553,0.4117647058823529,0.8235294117647058,0.5924947125150951,1.5424637512542396,,,0.8037463967437853,0.021911177185088122,0.0002578386493867868,0.6238392544441435,0.6286519310519765,0.3661931559970185,0.35187980221925064,,0.3208243409675313,0.16793792963573373,0.13572705211505331,
temporal,TT_mean,W1,blind,150701,GBM_L,102.0,0.5543971591669339,0.6607891451212552,0.4366422943100792,0.7061481735426193,0.390009074926535,0.372224113220636,0.3627450980392157,0.9117647058823529,0.8316058006436152,1.9491982891695978,,,0.7061481735426193,0.019692776878414923,0.003279220939413378,0.47567324517974885,0.48238158765725825,0.26442501511034544,0.2237445044855022,,0.053303744580861845,0.03433664273816095,-0.035142289528154125,
temporal,TT_mean,W1,blind,150701,GBM_LG,102.0,0.4727130316151369,0.5886807027939902,0.34654496984202626,0.7825427605780917,0.35913812480759844,0.3513790557038289,0.43137254901960786,0.8431372549019608,0.6742694289048797,1.814779198604765,,,0.7825427605780917,0.012876000695459206,0.01563367906498326,0.583863492372738,0.5891876269603682,0.3226490414911253,0.267215869926424,,0.2486462498962475,0.11077318550150694,0.022827089125462607,
temporal,TT_mean,W1,blind,150701,GBM_LG@EC,102.0,0.44714846069778047,0.5619609870460236,0.3158001509617411,0.7938206931245834,0.3445915730206287,0.3380323171929932,0.4117647058823529,0.8137254901960784,0.680892985664463,1.6855766912242516,,,0.7938206931245834,0.004969457967382916,0.004399493079546215,0.6207823417858648,0.6256341291521075,0.3500845046605716,0.2950498515204375,,0.31530494349232896,0.14679048083709467,0.05994390388606552,
temporal,TT_mean,W1,blind,150701,LSTM_LG,102.0,0.46628982851100254,0.57605796135867,0.331842774844707,0.7918681254226981,0.3453213188459186,0.33375300367336885,0.5,0.9313725490196079,0.8171380623152443,2.2133841163971844,,,0.7918681254226981,0.025471665879558136,6.534886985060711e-05,0.6015181133110491,0.6066163711100623,0.34870817059831416,0.3039741541613814,,0.2805224861925877,0.14498362851261992,0.07184452568078259,
temporal,TT_mean,W1,blind,150701,Pers,102.0,0.5523773315765799,0.715238887966713,0.5115666668598602,0.6934139251722481,,,,,,,,,0.6934139251722481,0.0950768137666743,4.314681003122746e-05,0.38570291104607857,0.3935623521631979,,,,-0.10914186331559872,,,
temporal,TT_mean,W1,blind,150701,Ridge_L,102.0,0.5130157378683576,0.6340574284551509,0.4020288225791588,0.7371266111952139,0.3792414017157691,0.3234478207104777,0.39215686274509803,0.803921568627451,0.6860979742558828,1.6731621789328128,,,0.7371266111952139,0.01648143208518627,0.009636576656981432,0.5172376321899723,0.5234141914991253,0.2847333401430331,0.3254651178660486,,0.128350171602996,0.06099742611753545,0.10050288043892974,
temporal,TT_mean,W1,blind,150701,Ridge_LG,102.0,0.4542898187187623,0.5836296173153662,0.3406235302076808,0.7702909485215219,0.3424395354744055,0.31347763744177753,0.43137254901960786,0.8235294117647058,0.6597552107958369,1.6089210396731828,,,0.7702909485215219,0.002111509738010557,0.00026258785504321413,0.5909740477811322,0.5962072084856902,0.35414334607559084,0.3462574558117304,,0.26148468722028817,0.15211893070003935,0.12822961271986622,
temporal,TT_mean,W1,blind,150701,Ridge_LG@EC,102.0,0.43883114619405433,0.5649927841495942,0.31921684614110996,0.7867394484354067,0.3302622345676191,0.2981191122160614,0.47058823529411764,0.8333333333333334,0.6648934695816929,1.6214515245144874,,,0.7867394484354067,0.0007573642628533602,0.0015220735787783348,0.6166795218828163,0.6215838015561552,0.3771102935298094,0.378286921894153,,0.3078971120147852,0.18226995546337332,0.1709411362382257,
temporal,TT_mean,W1,blind,151007,CFS_BC,98.0,0.5295866692748796,0.6573693784882302,0.432134499774002,0.6888666489988334,0.39430120194970375,0.3483608358045944,0.40816326530612246,0.826530612244898,0.7511566380245015,1.8318183763186422,,,0.6888666489988334,0.07734592312314943,0.11462608419211791,0.2825652527876147,0.2900345954949154,0.13738260815119707,0.14788004923270792,,0.2832647571764567,0.14285190913084012,0.180000040803311,
temporal,TT_mean,W1,blind,151007,Chronos,98.0,0.5665650606116736,0.7130089069373045,0.5083817013719296,0.4144588716176499,0.5170324213346786,0.47332458372054326,0.08163265306122448,0.23469387755102042,0.1599088880158925,0.3777700536879616,,,0.4144588716176499,0.0024159037178889133,0.013381495009521138,0.15597875753516555,0.16476601510347733,-0.13111792859785099,-0.1577918052853029,,0.15680168472913592,-0.12394623874620891,-0.11414975349107936,
temporal,TT_mean,W1,blind,151007,Chronos@abs,98.0,0.609088336586673,0.7469750263562033,0.5579716899998506,0.3466221713990254,0.455080868904935,0.41873156136341216,0.3979591836734694,0.7857142857142857,0.803369102255596,1.9012576412529012,,,0.3466221713990254,0.04634199494397513,0.00015605594256936826,0.07364887881883084,0.08329328762155408,0.00441421361648231,-0.024252673609517883,,0.07455207827689025,0.010726581496192877,0.014355725610429415,
temporal,TT_mean,W1,blind,151007,ChronosBolt,98.0,0.6452952357698655,0.8038485459578449,0.6461724848385415,0.17051393832680112,0.47097017529307766,0.4312867331535484,0.4489795918367347,0.9183673469387755,1.0409004931547203,2.5553156435731728,,,0.17051393832680112,0.08441791394521349,0.017440200861254796,-0.07278311164275214,-0.061614172944704615,-0.0303470094461209,-0.05496368147288999,,-0.07173713986931118,-0.023814243052368678,-0.015197654957855855,
temporal,TT_mean,W1,blind,151007,Clim,98.0,0.5876309455570563,0.7801729286519126,0.6086697986013023,,0.45709859976810635,0.40881666423948015,0.5408163265306123,0.9081632653061225,1.051207605534094,2.5937872937742177,,,0.0,0.0,0.010520713629007968,-0.010520713629007968,0.0,0.0,0.0,,-0.009535448171841487,0.006340355563572708,0.03769421375673776,
temporal,TT_mean,W1,blind,151007,Damp,98.0,0.6300593409261271,0.7764796711493568,0.6029206797082133,0.19221900491102142,0.46001526008169363,0.42483030870619226,0.4489795918367347,0.8877551020408163,0.9871306209638576,2.407279546998351,,,0.19221900491102142,0.03623644951913185,0.001687655578187546,-0.0009759592483361173,0.00944538221922675,-0.006380812181588258,-0.03917072337670535,,0.0,0.0,0.0,
temporal,TT_mean,W1,blind,151007,Ensemble,98.0,0.5460297060868193,0.6804437754217414,0.46300373151019325,0.4908359624302256,0.41286753215160066,0.38358741860177786,0.35714285714285715,0.7755102040816326,0.6563384522520683,1.6095591034327448,,,0.4908359624302256,0.0004075366833099134,0.009196611864711234,0.23131579346678466,0.23931870354968088,0.09676482850515145,0.06171286017568822,,0.2320652664720897,0.1024916606499533,0.09708085618942386,
temporal,TT_mean,W1,blind,151007,GBM_L,98.0,0.5491040433919865,0.7041526699483561,0.49583098259539854,0.4412115488520569,0.4172791233490932,0.37039246707470386,0.4897959183673469,0.826530612244898,0.8751676269612402,2.0523015688868673,,,0.4412115488520569,0.001028304507853362,0.01682371879473124,0.1768156075378464,0.18538592889807026,0.08711353839021652,0.0939888231715228,,0.17761821864302496,0.09290156314599429,0.12814020213688893,
temporal,TT_mean,W1,blind,151007,GBM_LG,98.0,0.549261011034687,0.6941295653129805,0.4818158534415873,0.5165558388106253,0.42073717402799954,0.381955556889475,0.35714285714285715,0.8571428571428571,0.7449416001412359,1.8544277992367935,,,0.5165558388106253,0.029647842699762353,0.03709840314501066,0.20008368876457566,0.20841176192940747,0.07954832011857738,0.06570453139422461,,0.200863613311846,0.08538431104811339,0.10092206449980223,
temporal,TT_mean,W1,blind,151007,GBM_LG@EC,98.0,0.5349938303854342,0.685672749190455,0.4701471189823965,0.5433057457353736,0.41142688428835117,0.381909376345299,0.4489795918367347,0.7959183673469388,0.768280831253144,1.7780351055308408,,,0.5433057457353736,0.054909666860262905,0.02081520839362727,0.21945625809518024,0.22758263994242056,0.09991655083372641,0.06581749289559102,,0.22021729423856096,0.10562339993832748,0.10103076800618982,
temporal,TT_mean,W1,blind,151007,LSTM_LG,98.0,0.5793485833661364,0.7300169688811434,0.5329247748544123,0.3887285556482531,0.43554934299792836,0.4113701139189198,0.3877551020408163,0.8469387755102041,0.8192600000421612,2.0057182908058167,,,0.3887285556482531,0.025693428325638847,0.010184401564927894,0.11523206008581027,0.12444353887928883,0.047143563294900215,-0.006245953021973394,,0.11609471562275131,0.053185011904649415,0.03168369702308926,
temporal,TT_mean,W1,blind,151007,Pers,98.0,0.8007249469422978,0.9967550989574068,0.9935207272975897,0.16082657225007488,,,,,,,,,0.16082657225007488,0.6748058612687551,0.0005140485717370459,-0.6494547234987836,-0.6322819525145795,,,,-0.6478464924746146,,,
temporal,TT_mean,W1,blind,151007,Ridge_L,98.0,0.5663880126521185,0.7113930572810957,0.5060800819477443,0.40148668263305776,0.4253989275698174,0.384616501271293,0.4387755102040816,0.826530612244898,0.8509528894254552,2.0751878653838762,,,0.40148668263305776,8.07583847583585e-05,0.0013108649429482155,0.15979993300399106,0.1685474076244703,0.06934974689130691,0.059195637274734536,,0.16061913452253018,0.0752504004013449,0.0946585180265721,
temporal,TT_mean,W1,blind,151007,Ridge_LG,98.0,0.5664301572656845,0.7060547666176461,0.4985133334634987,0.4539815049100122,0.41778440263554056,0.395904068613257,0.3979591836734694,0.8469387755102041,0.8182760738248017,1.9955001035153588,,,0.4539815049100122,0.004205385108235703,0.02953148441619056,0.1723623372759332,0.18097902243702346,0.08600813293348641,0.03158529667630949,,0.17316929035382078,0.09180316635290175,0.06808892750856044,
temporal,TT_mean,W1,blind,151007,Ridge_LG@EC,98.0,0.5707897885048515,0.7099085810932925,0.5039701935098918,0.4332419223283611,0.4181767049575953,0.39504932861835257,0.40816326530612246,0.8571428571428571,0.8186269973697493,1.996355888002611,,,0.4332419223283611,0.01261019183585573,0.011785576978518252,0.16330279444839968,0.17201380014583578,0.08514988851476857,0.033676062708302035,,0.1641185806501264,0.09095036350895902,0.07010088375882773,
temporal,TT_mean,W1,blind,230201,CFS_BC,102.0,0.5859468741316844,0.7656020199864711,0.5861464530073649,0.833489018131065,0.4448938047516487,0.22338387466548468,0.5196078431372549,0.803921568627451,0.8680500106838531,2.1168819932366874,,,0.833489018131065,0.0006248329583310483,0.031366577940578705,0.662712532446177,0.6959005599468755,0.4812671642429591,0.5336593223316375,,0.6251747833991101,0.41876465827277776,0.4559256858039207,
temporal,TT_mean,W1,blind,230201,Chronos,102.0,0.8225598108564899,0.9790517575900634,0.9585423440401922,0.7048707011057121,0.7397607620909997,0.3324210839353847,0.06862745098039216,0.19607843137254902,0.2683379644773743,0.6290733980777327,,,0.7048707011057121,0.006648704798559443,0.041770006962456495,0.4484239935162423,0.5026973402393526,0.13746113386436865,0.3060310472910268,,0.3870374206265559,0.03353318306966335,0.19035439090086237,
temporal,TT_mean,W1,blind,230201,Chronos@abs,102.0,0.7812355855875359,0.9569118336902839,0.9156802574565016,0.689256598975009,0.5734412553031405,0.26798211716312387,0.46078431372549017,0.7843137254901961,1.1168595442250997,2.6431694977089792,,,0.689256598975009,0.0014290527254775113,0.0005573937247121224,0.47308821278040675,0.5249346777899478,0.33138469152312244,0.44055513269256075,,0.4144465959363586,0.25082273471381045,0.34730209675753254,
temporal,TT_mean,W1,blind,230201,ChronosBolt,102.0,0.8794142579199794,1.1033251922956726,1.2173264799542831,0.5683309036116774,0.6565874564808826,0.3229450124720411,0.5196078431372549,0.9313725490196079,1.518558422724406,3.7494480356860285,,,0.5683309036116774,0.023426514131900042,6.219970701541933e-05,0.29951130216115024,0.3684371900288764,0.23443871417144346,0.32581348500935825,,0.22155178252502428,0.14219566430125885,0.21343433384845567,
temporal,TT_mean,W1,blind,230201,Clim,102.0,1.162559326567142,1.3883381584260828,1.927482842141927,,0.857654989398095,0.47901434586914543,0.37254901960784315,0.7745098039215687,1.5076027031267194,3.593902336710731,,,0.0,0.0,0.10913544429710376,-0.10913544429710376,0.0,0.0,0.0,,-0.2325745043641314,-0.12049074525803793,-0.1666885181802582,
temporal,TT_mean,W1,blind,230201,Damp,102.0,1.038313751271425,1.2505143228314142,1.5637860716065106,0.39662395681056656,0.7654279993188033,0.41057603499543116,0.39215686274509803,0.7941176470588235,1.439754984981178,3.5110781232274277,,,0.39662395681056656,0.012689697461448992,0.04447352394832182,0.10014734170629935,0.18869001714757472,0.10753390491439552,0.14287319672970689,,0.0,0.0,0.0,
temporal,TT_mean,W1,blind,230201,Ensemble,102.0,0.786248126499591,0.9729723207576648,0.9466751369605563,0.7565643323234477,0.5979846739942257,0.2798108831434774,0.3627450980392157,0.7254901960784313,0.8732232557971679,2.243345174800407,,,0.7565643323234477,0.08326903027476847,0.033867793602335515,0.4552527650669202,0.5088541821163203,0.30276780128814584,0.4158611624965515,,0.39462618695150753,0.2187577740474541,0.318491925261563,
temporal,TT_mean,W1,blind,230201,GBM_L,102.0,0.9259378071469871,1.1587665862134087,1.3427400013246773,0.6129309354489899,0.6776758050710474,0.33256526309705864,0.3431372549019608,0.6862745098039216,1.039591720019101,2.4638090026030586,,,0.6129309354489899,0.06591583073021096,0.08242416111333951,0.2273443397868234,0.3033712301000048,0.20985033207042558,0.30573005596807945,,0.14135313921471893,0.11464460971619994,0.19000322778030776,
temporal,TT_mean,W1,blind,230201,GBM_LG,102.0,0.8257576899393768,1.039153113916585,1.0798391941625354,0.669082302689018,0.6257471067294955,0.3049177299918931,0.3137254901960784,0.7156862745098039,0.891481581126102,2.260552140405178,,,0.669082302689018,0.03681552375465476,0.03222970821183772,0.3786258958051463,0.4397671561306571,0.27039763720298904,0.36344760314299873,,0.30947128013923686,0.18248730476755182,0.25734162736681354,
temporal,TT_mean,W1,blind,230201,GBM_LG@EC,102.0,0.8136217262202965,1.0067290770612434,1.0135034346005827,0.6993356881767336,0.6391801591257569,0.318525250284816,0.30392156862745096,0.6274509803921569,0.9208759109130992,2.166906658233308,,,0.6993356881767336,0.03232788408013095,0.03994490134469786,0.41679761933279685,0.47418290194774404,0.2547351009123896,0.33504026960430744,,0.35189125098205476,0.16493757780666696,0.22419911749510546,
temporal,TT_mean,W1,blind,230201,LSTM_LG,102.0,0.8178582836918875,1.0062381870175476,1.012515289012361,0.7301187668454041,0.6034708972456719,0.3051214894417291,0.4019607843137255,0.803921568627451,1.071107860362413,2.9851640211600885,,,0.7301187668454041,0.07886738991762522,0.03683979378683029,0.41736622999539813,0.47469556310696015,0.29637102948682237,0.36302223081001295,,0.35252314405628227,0.2115902504445435,0.25684535034996747,
temporal,TT_mean,W1,blind,230201,Pers,102.0,1.1267563653778143,1.3678844384930438,1.8711078370714294,0.46675624143377525,,,,,,,,,0.46675624143377525,0.2943826024008361,0.00017424487497965112,-0.07669545835843104,0.029247993205402834,,,,-0.19652417363533647,,,
temporal,TT_mean,W1,blind,230201,Ridge_L,102.0,0.8856192700890091,1.098298597012013,1.2062598081985558,0.6471353063465923,0.6676488253661477,0.32798906345048695,0.39215686274509803,0.8333333333333334,1.1865818735838498,2.8936740634469382,,,0.6471353063465923,0.06913909886438611,0.043765585843689704,0.30587942001222207,0.37417870508352113,0.22154148973737586,0.3152834225551874,,0.22862862759780211,0.12774444368337035,0.20114903088745362,
temporal,TT_mean,W1,blind,230201,Ridge_LG,102.0,0.7861857932336852,0.9804266880834533,0.961236490706289,0.7446070143775035,0.5907281312284275,0.2858686160945251,0.43137254901960786,0.8333333333333334,1.1564641504436166,2.820227067296774,,,0.7446070143775035,0.08068035021905935,0.0268855605214035,0.446873695119717,0.501299586336079,0.3112287125584119,0.40321491713190327,,0.3853145848020053,0.22823814682223664,0.30373769599653766,
temporal,TT_mean,W1,blind,230201,Ridge_LG@EC,102.0,0.7667899973413203,0.9568045346123343,0.9154749174547256,0.7545662753909512,0.5733886247365613,0.28590968654317583,0.4019607843137255,0.8627450980392157,1.150666446400663,2.8060884172886063,,,0.7545662753909512,0.051700594657367725,0.044463297297050126,0.473206372002955,0.5250412105160953,0.33144605718557385,0.4031291776357797,,0.4145779054584884,0.25089149437066394,0.30363766471085574,
temporal,TT_mean,W1,dev,040114,Chronos,152.0,0.7381292113408059,0.9242671174735746,0.8542697044429106,0.42466705296253404,0.6736423539034501,0.5704963015114087,0.06578947368421052,0.17763157894736842,0.20810718101902717,0.4894525773630256,,,0.42466705296253404,0.014551007544214782,0.014320499159908425,0.15147059916776048,0.1669238863601098,-0.0996123894519505,-0.20749257988979442,,0.1408659660624253,-0.11515586199473593,-0.20145870129159182,
temporal,TT_mean,W1,dev,040114,Chronos@abs,152.0,0.7608823534836613,0.9677429124825339,0.9365263446601771,0.4147735674218999,0.5773358061861597,0.44276916797845556,0.46710526315789475,0.8026315789473685,1.117388790935502,2.615636064627565,,,0.4147735674218999,0.0723280957915255,0.029942330305017913,0.06976668613534594,0.08670795244967988,0.05759250189972387,0.06285021739571894,,0.05814094519317059,0.0442711850326617,0.06753318448863666,
temporal,TT_mean,W1,dev,040114,ChronosBolt,152.0,0.8414245436653213,1.0197584884931563,1.039907374853847,0.21175694088155117,0.6145070440202351,0.47907767845788984,0.4473684210526316,0.9210526315789473,1.4176186448649357,3.463985891468526,,,0.21175694088155117,0.06920298128869293,0.00855769130997982,-0.03291967058715999,-0.01410829610731934,-0.0030835429136233383,-0.013999109891096095,,-0.045828750841912624,-0.01726254058312815,-0.008932124280031761,
temporal,TT_mean,W1,dev,040114,Clim,152.0,0.8402483727157882,1.012640193462737,1.0254401614162494,,0.6126180100964442,0.4724636084831899,0.4144736842105263,0.8486842105263158,1.2662862554077463,3.0413926568315235,,,0.0,0.0,0.018549670239409857,-0.018549670239409857,0.0,0.0,0.0,,-0.031279159096077924,-0.014135410524550585,0.004997031616337799,
temporal,TT_mean,W1,dev,040114,Damp,152.0,0.8316890324708097,0.9971650323475718,0.9943381017367339,0.17542207131342796,0.6040791039724903,0.4748363808910901,0.39473684210526316,0.8421052631578947,1.2120999307237097,2.955904021395096,,,0.17542207131342796,0.013276195312082593,0.00515331003729249,0.012343397754518322,0.03033044818193975,0.013938385720344115,-0.005022127345464256,,0.0,0.0,0.0,
temporal,TT_mean,W1,dev,040114,Ensemble,152.0,0.717538554018053,0.87981501202882,0.7740744553912726,0.5072052962757506,0.5505426415999064,0.41916860481749324,0.34868421052631576,0.6710526315789473,0.7774189083107078,1.9619782990260781,,,0.5072052962757506,0.01962467721091243,0.006505562714279072,0.23112697264498047,0.24512957019141135,0.1013280175794461,0.11280234648504761,,0.2215178579205037,0.08862492018101986,0.11723570120960247,
temporal,TT_mean,W1,dev,040114,GBM_L,152.0,0.7656744297376114,0.9427689650431259,0.8888133214484868,0.35643814534170337,0.5655995664227348,0.43060612094033396,0.3684210526315789,0.75,0.9599476207819511,2.1860792996197786,,,0.35643814534170337,0.005614841077719766,0.004274210830264604,0.11715909954664887,0.13323726250302637,0.0767500186067126,0.08859409865923085,,0.10612565293830645,0.06369950110293476,0.09314842276354751,
temporal,TT_mean,W1,dev,040114,GBM_LG,152.0,0.7431909835381834,0.9104308118225654,0.8288842631158955,0.4394754562621044,0.5652021680374757,0.43187972046058537,0.34868421052631576,0.6973684210526315,0.8165093078603354,2.0033641012549728,,,0.4394754562621044,0.0006117675099856573,0.01584144726408273,0.17668546188271644,0.19167953986597108,0.07739870731437348,0.08589844232214228,,0.16639595559282383,0.06435735929178099,0.09046623670640219,
temporal,TT_mean,W1,dev,040114,GBM_LG@EC,152.0,0.7320244299958748,0.9077753144178465,0.8240560214664202,0.4517172839585789,0.5563332200580283,0.42269734642261064,0.3618421052631579,0.7236842105263158,0.8440587383666639,2.06333785383397,,,0.4517172839585789,7.756219314627782e-07,0.022566469059202295,0.18148125994578165,0.19638799759090253,0.09187583308162117,0.10533353504273102,,0.17125168991603057,0.07903912517496436,0.10980421165419973,
temporal,TT_mean,W1,dev,040114,LSTM_LG,152.0,0.7303944321352202,0.8992764571845049,0.8086981464463147,0.4895643378605172,0.549125230792738,0.4243989509963726,0.35526315789473684,0.8289473684210527,0.9518494823408362,2.57773992125141,,,0.4895643378605172,0.0183158798067308,0.024621424062504494,0.1967359370355713,0.21136485884323986,0.1036417118943509,0.10173197813293045,,0.1866970147942396,0.09097131951489412,0.10622065183814544,
temporal,TT_mean,W1,dev,040114,Pers,152.0,1.047055938964246,1.274862521220359,1.6252744480123305,0.19314909799168722,,,,,,,,,0.19314909799168722,0.6516050864052534,5.483108148210239e-05,-0.6143533434317331,-0.5849529881564632,,,,-0.6345289848328135,,,
temporal,TT_mean,W1,dev,040114,Ridge_L,152.0,0.7493706294054048,0.9307310803941898,0.8662603440117359,0.38244369746779494,0.5594057550037445,0.4274492527052002,0.4276315789473684,0.8552631578947368,1.1108118175165322,2.7088963831966058,,,0.38244369746779494,0.0013592354312072772,0.005343415062084519,0.13956053123954645,0.1552307227607197,0.08686041581494253,0.09527581589300615,,0.12880705013847338,0.0739528129262692,0.09979675124505416,
temporal,TT_mean,W1,dev,040114,Ridge_LG,152.0,0.7431601272690946,0.9096620722451926,0.827485085681418,0.44741979342637767,0.5560729475231582,0.4283938804229141,0.4407894736842105,0.8026315789473685,1.0347241389501483,2.5233441285085743,,,0.44741979342637767,0.006046846383629601,0.01606238768443173,0.1780752374816411,0.19304400508502895,0.09230068597621566,0.09327644980268102,,0.16780310013654964,0.07946998353963641,0.0978073760502951,
temporal,TT_mean,W1,dev,040114,Ridge_LG@EC,152.0,0.7485570208819161,0.9242233144968596,0.8541887350595609,0.4444793268290151,0.5615317945052593,0.4383802664343403,0.40789473684210525,0.8092105263157895,1.0286709197851234,2.5085823630643667,,,0.4444793268290151,0.0007668303563095355,0.0452440171483592,0.15155102447370566,0.16700284697272894,0.08338999955803206,0.07213961337312669,,0.14094739649660892,0.07043334091087627,0.07677616106064855,
temporal,TT_mean,W1,dev,040514,Chronos,153.0,0.6163080063848612,0.8237327947703895,0.6785357171802366,0.4572643918883286,0.5636129763358793,0.518008753271665,0.1111111111111111,0.24836601307189543,0.1781329907590274,0.4157221420563063,,,0.4572643918883286,0.018376142257376354,0.03176723306713334,0.1589473487644933,0.1635748186080218,-0.0507304119465144,-0.05843367268340449,,0.1137669696429362,-0.09816534887710171,-0.0812605757907432,
temporal,TT_mean,W1,dev,040514,Chronos@abs,153.0,0.6490100432823639,0.8639369111050467,0.7463869863697293,0.4306505066340947,0.5367309515313297,0.5026923477836641,0.24836601307189543,0.5098039215686274,0.46225017510438604,1.071178315300038,,,0.4306505066340947,0.08586748422813695,0.02474743698511858,0.07484493765094694,0.07993513877607206,-0.000614885543147814,-0.027138063853274996,,0.02514667393136305,-0.04578737074762307,-0.04929002449715325,
temporal,TT_mean,W1,dev,040514,ChronosBolt,153.0,0.733130982275725,0.9306335087567261,0.8660787276208555,0.2152493267327114,0.5405883346026852,0.4825245952761101,0.48366013071895425,0.9084967320261438,1.2142982062171488,3.017203644747978,,,0.2152493267327114,0.10878021989653451,0.011066374265206059,-0.07351432150285502,-0.0676078480590665,-0.007806114052382185,0.014070174852192419,,-0.1311822736419641,-0.05330324530013386,-0.007193060785640748,
temporal,TT_mean,W1,dev,040514,Clim,153.0,0.713586819704557,0.9006847448299483,0.811233009569389,,0.5364011262334805,0.4894106892483666,0.3660130718954248,0.8169934640522876,0.9246636680223768,2.497296106101413,,,0.0,0.0,0.005532437265730928,-0.005532437265730928,0.0,0.0,0.0,,-0.05954848093190512,-0.04514472636488387,-0.021566682633467726,
temporal,TT_mean,W1,dev,040514,Damp,153.0,0.697255667218402,0.8750087389111088,0.7656402931708088,0.23622522188271844,0.5132314336016757,0.4790785541152621,0.43137254901960786,0.8300653594771242,1.0156099805981709,2.4767311256479445,,,0.23622522188271844,0.001866071234249214,0.002956036841968342,0.050980247377322,0.0562017519760214,0.043194712871873486,0.021111380196808693,,0.0,0.0,0.0,
temporal,TT_mean,W1,dev,040514,Ensemble,153.0,0.6106426164863407,0.7954937012615787,0.6328102287468458,0.48897663643386646,0.4669667523935972,0.40178657585696376,0.35294117647058826,0.7647058823529411,0.7389287841332132,1.8148796172641928,,,0.48897663643386646,0.02268100695439482,0.0007925381861345284,0.21562460583764828,0.21994023753699565,0.12944486960241852,0.1790400481975073,,0.17348886364622085,0.09014389645507381,0.161334665462196,
temporal,TT_mean,W1,dev,040514,GBM_L,153.0,0.6799257409491762,0.8746607443594147,0.7650314177233654,0.26442460150687624,0.49449843698909035,0.4309028564508576,0.39215686274509803,0.803921568627451,0.8483866203913971,2.10426984322167,,,0.26442460150687624,0.0181385787375999,4.683580354634952e-05,0.05173495534092405,0.05695230753806235,0.07811819773501194,0.11954751721374313,,0.0007952500056155332,0.03650009603099302,0.10055907794364316,
temporal,TT_mean,W1,dev,040514,GBM_LG,153.0,0.6713717585121018,0.8698785693129671,0.7566887253499746,0.29989224340728915,0.5046248704829015,0.45372778650003154,0.32679738562091504,0.7516339869281046,0.7889476016676197,1.9535175303572574,,,0.29989224340728915,0.00953452091111595,0.018325020397646646,0.062075816347094165,0.0672362731496432,0.05923972601196148,0.07290993746609131,,0.011691610147321896,0.016769360867818328,0.052915680314780666,
temporal,TT_mean,W1,dev,040514,GBM_LG@EC,153.0,0.6790189436666426,0.87116795793404,0.7589336109309653,0.3162839570954533,0.4972689976317911,0.44193740639942386,0.37254901960784315,0.7777777777777778,0.8462974032360693,2.01379095249377,,,0.3162839570954533,0.01074828378926973,0.029994002299834593,0.059293255426854236,0.06446902187348713,0.07295310671039901,0.09700091128342925,,0.008759573261313824,0.0311018283854243,0.07752621651876834,
temporal,TT_mean,W1,dev,040514,LSTM_LG,153.0,0.6313827526878597,0.8151046066417965,0.6643955197686778,0.46300981920083256,0.4777464688295511,0.41579153180413175,0.46405228758169936,0.8496732026143791,0.9847700480216494,2.4377431567587884,,,0.46300981920083256,0.02753297792565859,0.010370832295247887,0.1764742824554812,0.18100531914826057,0.10934849785978762,0.1504240897502639,,0.13223543001222904,0.06914027950919488,0.13210155572086835,
temporal,TT_mean,W1,dev,040514,Pers,153.0,0.8260549702759157,1.0774212092355928,1.1608364621106873,0.26912163867874034,,,,,,,,,0.26912163867874034,0.5112187430242392,7.756118538399328e-05,-0.43886984780449273,-0.430953189055844,,,,-0.5161642777487849,,,
temporal,TT_mean,W1,dev,040514,Ridge_L,153.0,0.6500919187535723,0.8348243551573155,0.6969317039638275,0.3889214179154665,0.4876551259292937,0.43556031228907743,0.39869281045751637,0.8496732026143791,0.9242436511225198,2.2539193806163818,,,0.3889214179154665,0.0052045498955588946,0.009910003125143582,0.13614531629267446,0.14089824286888164,0.09087602154468433,0.1100310600939105,,0.08974003826579291,0.049833868305564466,0.09083738241331218,
temporal,TT_mean,W1,dev,040514,Ridge_LG,153.0,0.628215771054153,0.8093724227740464,0.6550837187471297,0.4488268154990768,0.4705696283959976,0.4132139844839116,0.40522875816993464,0.8366013071895425,0.9090558162332755,2.216881359998232,,,0.4488268154990768,0.012912878875927477,0.000516266906936755,0.1880163645281781,0.19248389671069355,0.12272811263417871,0.15569072445368393,,0.14439753943176392,0.08312391333144342,0.1374817742634834,
temporal,TT_mean,W1,dev,040514,Ridge_LG@EC,153.0,0.61482179678932,0.7931674773906955,0.6291146471903195,0.4982381661422412,0.45828569549211723,0.3968263069797204,0.43137254901960786,0.8562091503267973,0.9049715417567704,2.20692118836257,,,0.4982381661422412,0.020676670475901618,0.007359278992975738,0.22020532073190618,0.22449574934794614,0.14562875974902734,0.1891752352422802,,0.1783156492653809,0.10705840389387067,0.17168843486939422,
temporal,TT_mean,W1,dev,150701,Chronos,147.0,0.5139593458226309,0.6349702320547331,0.4031871955956417,0.5494764478749187,0.4666095935274296,0.46758384760357236,0.06802721088435375,0.23129251700680273,0.15301895282369068,0.3616206333305473,,,0.5494764478749187,0.010939292441585287,0.016298982820733724,0.2746860915069192,0.478127204077027,-0.0035740586595298662,-0.010919745771236222,,0.09226155072083098,-0.18890573423309664,-0.19187496780108604,
temporal,TT_mean,W1,dev,150701,Chronos@abs,147.0,0.5287047297078963,0.6474330313399155,0.4191695300699919,0.5601192670386224,0.38965652897589087,0.3413485876457724,0.3945578231292517,0.8435374149659864,0.7565730222807681,1.8891726294110647,,,0.5601192670386224,0.05709554788346904,0.010703386530103826,0.24593465889431065,0.45744017415986116,0.1619349672789534,0.26200182232385905,,0.05627881200767615,0.007168116328991725,0.1298997196024123,
temporal,TT_mean,W1,dev,150701,ChronosBolt,147.0,0.5142176678575678,0.6436770311075098,0.41432012037537824,0.5322142091721194,0.38450807181712,0.3382067652064008,0.47619047619047616,0.8707482993197279,0.8528806433385733,2.1135407030518576,,,0.5322142091721194,0.023647094235452023,0.0049463621007119615,0.2546585081085404,0.46371709719598386,0.17300816019726117,0.2687944657351873,,0.06719680663695682,0.020286214035133976,0.1379082501321871,
temporal,TT_mean,W1,dev,150701,Clim,147.0,0.725996210985964,0.8789638956743182,0.7725775298989738,,0.4649478426641261,0.46253310370038336,0.4421768707482993,0.8639455782312925,1.0334947942885886,2.36643787340893,,,0.0,0.0,0.38982892796760177,-0.38982892796760177,0.0,0.0,0.0,,-0.739386410578774,-0.18467164826989801,-0.17900058119034767,
temporal,TT_mean,W1,dev,150701,Damp,147.0,0.5273315542506918,0.6664583291808734,0.44416670453456153,0.513913802399555,0.3924697981446073,0.39230947896005164,0.46938775510204084,0.8979591836734694,0.8777145706944116,2.140450604269581,,,0.513913802399555,0.0007609533614117052,0.06238046982828961,0.20096597310706754,0.4250846195427881,0.15588424736895967,0.1518239974145088,,0.0,0.0,0.0,
temporal,TT_mean,W1,dev,150701,Ensemble,147.0,0.49796183570901453,0.6085790464328426,0.370368455757108,0.5848605170939426,0.37706762793851856,0.37431023111310197,0.3333333333333333,0.7482993197278912,0.5719624550213169,1.5242214876255546,,,0.5848605170939426,0.007948006841477997,0.0003884294127195696,0.33372538820119635,0.5206067463474646,0.18901090974432444,0.19073850472858223,,0.16614988927363683,0.03924421771790376,0.04588022674002867,
temporal,TT_mean,W1,dev,150701,GBM_L,147.0,0.5550442778395255,0.6983147262594283,0.48764345691078026,0.43491431004766357,0.41380891968144434,0.42627148378728796,0.3741496598639456,0.7619047619047619,0.6518586887311437,1.765824441455158,,,0.43491431004766357,0.009468678969466486,0.05692834136564378,0.12275343674912495,0.36880968182630547,0.10998851546370969,0.07839789114118134,,-0.0978838619202167,-0.054371372364745874,-0.08656942197079731,
temporal,TT_mean,W1,dev,150701,GBM_LG,147.0,0.5387418301617816,0.65761615252254,0.43245900405854865,0.47530898339879935,0.4054481432358113,0.4087787305421201,0.3333333333333333,0.7346938775510204,0.5986378793406062,1.692343928923116,,,0.47530898339879935,1.2301943633663273e-05,0.0038787780797871958,0.22202754967617924,0.44023869796588677,0.12797069685792006,0.11621735337041716,,0.02635879807398278,-0.03306839189297839,-0.04198025402222183,
temporal,TT_mean,W1,dev,150701,GBM_LG@EC,147.0,0.5183014928436948,0.6412382807613533,0.41118653271377603,0.5173115369024065,0.38960175445255346,0.37672657273328997,0.3945578231292517,0.8027210884353742,0.6554800195813059,1.7667676079237207,,,0.5173115369024065,0.0001042492955610807,0.007211298929643602,0.26029567798712516,0.46777311428207746,0.16205277516687377,0.18551435622795243,,0.07425178763758333,0.007307679993753591,0.03972095262156139,
temporal,TT_mean,W1,dev,150701,LSTM_LG,147.0,0.5473710804403058,0.6513100305679793,0.42420475591846213,0.49098623314555623,0.40574260127441014,0.407170021514282,0.35374149659863946,0.8163265306122449,0.7245566434144568,2.0461696538389944,,,0.49098623314555623,0.0007892890613173434,0.0034016565066760838,0.23687653557046906,0.450922736551847,0.12733738272764772,0.1196953942175869,,0.04494246960050141,-0.03381866118756083,-0.037879641842005096,
temporal,TT_mean,W1,dev,150701,Pers,147.0,0.5930148277781813,0.7445762082939931,0.5543937299574598,0.5033582697490798,,,,,,,,,0.5033582697490798,0.25058809644808366,0.00010846838460803942,0.002672982892095722,0.28241023262745535,,,,-0.24816588973818798,,,
temporal,TT_mean,W1,dev,150701,Ridge_L,147.0,0.5040695873283085,0.6426988516173784,0.41306181387029695,0.5403067944330314,0.37846872206763565,0.36002718349105745,0.4421768707482993,0.8571428571428571,0.8007871330761184,1.952850459720637,,,0.5403067944330314,0.006989637382009344,0.028019655187073226,0.2569221395414155,0.4653458094693603,0.18599746608344225,0.22161855959984766,,0.07002976663201066,0.03567427644919796,0.08228782938044044,
temporal,TT_mean,W1,dev,150701,Ridge_LG,147.0,0.4872504129411544,0.5918427630158206,0.3502778561342008,0.609766932775151,0.35317777066760314,0.3417148808638553,0.43537414965986393,0.8639455782312925,0.7395975389628104,1.803629621799239,,,0.609766932775151,0.0008816148287454974,0.0010667099873002605,0.36986738748996983,0.5466113851641468,0.24039271019322606,0.2612098936702071,,0.21138200464338286,0.10011477994677898,0.12896603525949535,
temporal,TT_mean,W1,dev,150701,Ridge_LG@EC,147.0,0.4947296840489127,0.5971759226118821,0.35661908254735264,0.5992156537409404,0.3576189411484702,0.33995326055060326,0.42857142857142855,0.8775510204081632,0.7403512819753792,1.8054677474731013,,,0.5992156537409404,3.12446368326546e-05,0.0005683215824545791,0.35845983346889543,0.538403501595515,0.23084073452339748,0.2650185298503176,,0.19710532350449206,0.0887988251857692,0.13345641952938825,
temporal,TT_mean,W1,dev,151007,Chronos,154.0,0.5716211991779582,0.7391610385476621,0.5463590409068585,0.4329004893558812,0.5236893420613161,0.47801725245316595,0.08441558441558442,0.21428571428571427,0.15694009957422334,0.36990463324783174,,,0.4329004893558812,0.0073611632116648475,0.03455163147202697,0.1454900390008696,0.24379424142992645,-0.02346319361392246,-0.05350987748914582,,0.13385349591468287,-0.11161874885967249,-0.1516280309829381,
temporal,TT_mean,W1,dev,151007,Chronos@abs,154.0,0.6051717253049071,0.7722381873279628,0.5963518179675777,0.37454829718599997,0.45763946882050666,0.40180818822707465,0.4025974025974026,0.7922077922077922,0.8034185959589504,1.913296043607432,,,0.37454829718599997,0.06405446299802452,0.008931032779889792,0.06730093114701784,0.17460013449709988,0.10562023195046244,0.11444849954507652,,0.05459962467135804,0.028583221196254116,0.031973071544934784,
temporal,TT_mean,W1,dev,151007,ChronosBolt,154.0,0.6494685956586583,0.8074901937102682,0.6520404129382464,0.23293829885774064,0.47931220131086516,0.4159366917802823,0.44805194805194803,0.8701298701298701,1.0196387086595808,2.499195298207198,,,0.23293829885774064,0.0630305460927598,0.011026186989316539,-0.019796482007338252,0.09752254805577798,0.06326450265184036,0.08331046431505507,,-0.03368386336465434,-0.017420800349179588,-0.0020649901447113983,
temporal,TT_mean,W1,dev,151007,Clim,154.0,0.6891703898728091,0.8500002958577857,0.7225005029583232,,0.5116836104404802,0.45373779844611933,0.4090909090909091,0.8636363636363636,1.0523678716628173,2.6680602403149085,,,0.0,0.0,0.12999663294675573,-0.12999663294675573,0.0,0.0,0.0,,-0.1453846975764017,-0.08613456330995772,-0.09313453588839571,
temporal,TT_mean,W1,dev,151007,Damp,154.0,0.6432034821289804,0.7942246987002735,0.6307928720255401,0.2861907779157912,0.47110517216314524,0.4150795565866597,0.4675324675324675,0.8766233766233766,0.9862911370361623,2.405232328072854,,,0.2861907779157912,0.01974212438290521,0.04872819307043811,0.013434843910702383,0.12693088870842373,0.07930376789360771,0.08519951829415473,,0.0,0.0,0.0,
temporal,TT_mean,W1,dev,151007,Ensemble,154.0,0.56939893326275,0.7149969604273736,0.5112206534203833,0.451193861688272,0.4345126466185267,0.37342286650594786,0.3246753246753247,0.7272727272727273,0.632511560616976,1.5679869026469957,,,0.451193861688272,0.0020667026999317455,0.0010624367631915633,0.20044676136205222,0.2924286539218194,0.15081773628731499,0.17700736463926925,,0.18955860775851552,0.07767379283186138,0.10035832750537987,
temporal,TT_mean,W1,dev,151007,GBM_L,154.0,0.6130231978125541,0.7767080227765008,0.6032753526453812,0.3386483003557531,0.45785174728745537,0.39643274227633823,0.38311688311688313,0.7792207792207793,0.7541483231234182,1.8804711105886478,,,0.3386483003557531,0.020889575211628705,0.03732062923504408,0.05647246688716758,0.16501739420909345,0.10520536920595114,0.12629553095648915,,0.04362370058462661,0.02813262443041087,0.044923470728504555,
temporal,TT_mean,W1,dev,151007,GBM_LG,154.0,0.6111389224186314,0.750020823796544,0.5625312361284465,0.3578686501489615,0.4515378837986123,0.3930228260142689,0.2987012987012987,0.7597402597402597,0.6678251869597928,1.7272774096937091,,,0.3578686501489615,0.007798726020961993,7.464992612532419e-05,0.12019659481235251,0.2214105958056397,0.11754475893822702,0.1338107000117167,,0.10821561074065178,0.04153486210878765,0.053138561565813536,
temporal,TT_mean,W1,dev,151007,GBM_LG@EC,154.0,0.5905596563046858,0.7379296697073793,0.5445401974344418,0.39718766434058067,0.4363267645079983,0.3800750584706989,0.35714285714285715,0.8051948051948052,0.7259370489735008,1.7936945570575786,,,0.39718766434058067,0.008766626592163575,0.0006566892027398516,0.14833472490942237,0.24631167008910282,0.14727234641659004,0.1623464922421881,,0.13673692017814376,0.07382302235285809,0.08433202156187758,
temporal,TT_mean,W1,dev,151007,LSTM_LG,154.0,0.5881350356323123,0.7258889044922231,0.5269147016649197,0.4210195311239627,0.4431579593603889,0.3823592661622416,0.35064935064935066,0.7987012987012987,0.7680630712473596,1.8854828288222287,,,0.4210195311239627,0.0012984546131351424,5.7848059999081806e-05,0.17590114291470715,0.2707068029607803,0.13392191909586737,0.15731229033226302,,0.16467873206470618,0.059322661804863674,0.07882896159350317,
temporal,TT_mean,W1,dev,151007,Pers,154.0,0.7744004915755429,0.9527838320780823,0.9077970306693952,0.28619766338271374,,,,,,,,,0.28619766338271374,0.5016495661340993,6.143805847087535e-05,-0.419801901666845,-0.25646560376409977,,,,-0.43913647558249425,,,
temporal,TT_mean,W1,dev,151007,Ridge_L,154.0,0.5986106064618546,0.7577939698840896,0.5742517007926886,0.3779831067076751,0.4498685334002991,0.3884762683534682,0.5,0.8571428571428571,0.9007395284060036,2.1966007313069698,,,0.3779831067076751,0.007140285132664375,0.033865250585743537,0.1018656932379778,0.20518851067732224,0.12080722497046159,0.14383093124740154,,0.08963508267189524,0.04507833922802229,0.0640920223871283,
temporal,TT_mean,W1,dev,151007,Ridge_LG,154.0,0.57647139408485,0.7219623565389611,0.52122964425929,0.4303880694635856,0.43214838940921774,0.3702991845673088,0.43506493506493504,0.8246753246753247,0.8548538078516368,2.0847008932876077,,,0.4303880694635856,0.0002426781633250972,0.00019859347388339748,0.18479261869938368,0.278575389048059,0.15543828140751859,0.18389169728542842,,0.17369129016063778,0.08269232658824766,0.10788382927744045,
temporal,TT_mean,W1,dev,151007,Ridge_LG@EC,154.0,0.5687107433096102,0.7183870628209706,0.5160799720285413,0.45094203582503356,0.4291701342539631,0.36970830955458994,0.461038961038961,0.8246753246753247,0.8388879921900043,2.0457656392521626,,,0.45094203582503356,0.004452027084091149,0.006049944851611072,0.19284674773832364,0.28570295810809854,0.16125878277689176,0.18519393618803337,,0.18185509869292604,0.08901417430131686,0.10930735159585525,
temporal,TT_mean,W1,dev,230201,Chronos,154.0,0.7742524379739977,0.9638647176048999,0.9290351938435735,0.3820623985833672,0.7051127504097221,0.5496906669918814,0.09740259740259741,0.23376623376623376,0.22882406071037079,0.528944511040773,,,0.3820623985833672,0.005864292187098284,0.015570533137232681,0.1245368510869448,0.1893053902797135,-0.08280951472346798,-0.20640864973169704,,0.1598890409244914,-0.11689152210755704,-0.24411357788182309,
temporal,TT_mean,W1,dev,230201,Chronos@abs,154.0,0.796155016188382,1.0033039964541566,1.0066189093008824,0.36283034712713363,0.6009422933843022,0.4210404755006522,0.42207792207792205,0.7987012987012987,1.1299830147640604,2.740375237318934,,,0.36283034712713363,0.06459736089634532,0.015621563581379488,0.05142693631867147,0.12160429527264649,0.07716030847810329,0.07594052067353807,,0.08973138701277572,0.048113436657058806,0.04706009422583657,
temporal,TT_mean,W1,dev,230201,ChronosBolt,154.0,0.8786727189187229,1.0744376625615097,1.1544162907306406,0.11442769847414277,0.6458016547507197,0.4460151499214238,0.44805194805194803,0.9285714285714286,1.4820313267893606,3.62067694104846,,,0.11442769847414277,0.08527611827693488,0.015665411433082376,-0.08784783153192792,-0.007366642803626977,0.008271831729171786,0.021128487188718403,,-0.0439193085524876,-0.022943341664135142,-0.009465026930202125,
temporal,TT_mean,W1,dev,230201,Clim,154.0,0.8754062564518588,1.0705018950689844,1.1459743073462867,,0.6511881737479898,0.455642179881694,0.42857142857142855,0.8961038961038961,1.4969099721952563,3.659602055373923,,,0.0,0.0,0.07989264812691425,-0.07989264812691425,0.0,0.0,0.0,,-0.03628536443010466,-0.03147553371175649,-0.031253860918944554,
temporal,TT_mean,W1,dev,230201,Damp,154.0,0.8724077180953216,1.0515931733901203,1.1058482023207037,0.13069945547960318,0.6313171301355974,0.4418331869086762,0.4935064935064935,0.8896103896103896,1.4591082138242015,3.5582741386004497,,,0.13069945547960318,0.02467728407658983,0.03448544529714067,-0.04208038171106572,0.03501483826326113,0.030515056036755528,0.030306660758675275,,0.0,0.0,0.0,
temporal,TT_mean,W1,dev,230201,Ensemble,154.0,0.7655178829798219,0.9268870872991272,0.8591196726018598,0.4423971374338879,0.5817689091334834,0.4173096043332455,0.3246753246753247,0.6818181818181818,0.844370849216946,2.109841298282162,,,0.4423971374338879,0.004833350677496264,0.00046112482472370826,0.19042075170747833,0.2503150663200219,0.10660400082967658,0.08412868088376135,,0.22311247529368494,0.0784838849398426,0.05550416605645225,
temporal,TT_mean,W1,dev,230201,GBM_L,154.0,0.7986901445918521,0.9888118166929566,0.9777488088316252,0.330707748992095,0.6025004325054599,0.4223272919924694,0.38961038961038963,0.6883116883116883,0.994156001235026,2.2715787040938102,,,0.330707748992095,0.00716461985075088,0.023570729035113588,0.07863226635755402,0.14679691982293952,0.07476754524318496,0.07311633856609745,,0.11583813512582697,0.0456453599222757,0.044147645523600176,
temporal,TT_mean,W1,dev,230201,GBM_LG,154.0,0.7807032484197831,0.9403562708372264,0.8842699161028952,0.4085157369110567,0.5923306528485962,0.4233791407173401,0.2922077922077922,0.6818181818181818,0.8693757826725808,2.0986919499422814,,,0.4085157369110567,2.881334284870478e-07,0.00016404300464245298,0.16672077616591274,0.22836846303248803,0.09038481236634288,0.07080784130374151,,0.20036953150785997,0.0617541888632539,0.04176699880887491,
temporal,TT_mean,W1,dev,230201,GBM_LG@EC,154.0,0.7784311060893059,0.9419914977689455,0.8873479818689813,0.4065866512573814,0.5819946161168272,0.41059479882796673,0.33116883116883117,0.6948051948051948,0.9072855323280778,2.1619830612045616,,,0.4065866512573814,0.001491969409703606,5.310583305335004e-07,0.16382020451265736,0.2256824815524896,0.10625739290213287,0.09886569558907754,,0.19758608821100732,0.07812636734279088,0.07070176936972872,
temporal,TT_mean,W1,dev,230201,LSTM_LG,154.0,0.779047852769294,0.9359989592427244,0.8760940517034631,0.43530345851725055,0.5746644437242638,0.4113833468358812,0.4025974025974026,0.8181818181818182,1.0045307250330588,2.6890690154456474,,,0.43530345851725055,0.013474109619864762,0.0015898052603718217,0.17442518611684307,0.23550288511073236,0.11751400456688987,0.09713506562826213,,0.20776282869121154,0.08973728686748195,0.06891705054081587,
temporal,TT_mean,W1,dev,230201,Pers,154.0,1.0983466670761104,1.3576563324768736,1.843230717114555,0.1282342313420367,,,,,,,,,0.1282342313420367,0.7533682323028547,1.8130350374535406e-05,-0.7369423445653462,-0.6084398274014478,,,,-0.6668026527026041,,,
temporal,TT_mean,W1,dev,230201,Ridge_L,154.0,0.8121417415563612,1.0046004129694284,1.0092219897383459,0.30579739254149985,0.6075241208655269,0.43143816930348516,0.44805194805194803,0.8116883116883117,1.2154408894983986,2.9640514960604247,,,0.30579739254149985,0.014106078056350887,0.030432006870334108,0.04897396035849515,0.11933279544863085,0.06705289598726794,0.05312065398443422,,0.08737746498984278,0.03768788796362954,0.023527018597042537,
temporal,TT_mean,W1,dev,230201,Ridge_LG,154.0,0.7840629988001635,0.9557273677002719,0.9134148013712907,0.3831198946722351,0.5824760828647008,0.41827969126445014,0.4155844155844156,0.7987012987012987,1.166793632995269,2.845417200749821,,,0.3831198946722351,0.007496105499388943,2.8241628547306846e-05,0.13925650656572827,0.20293605579476748,0.10551802636065777,0.08199962660819704,,0.17401430010518393,0.07736372884481413,0.053308570614670425,
temporal,TT_mean,W1,dev,230201,Ridge_LG@EC,154.0,0.7701880434432241,0.9392328025548113,0.8821582573949652,0.4119503950389912,0.5705721123549377,0.4066179057239241,0.44805194805194803,0.8376623376623377,1.170835212519931,2.855273253759083,,,0.4119503950389912,0.0007787886953459882,0.00021367145389207418,0.16871066782354288,0.23021113846979324,0.12379841133947034,0.10759380128174012,,0.2022790690949342,0.09621949869729118,0.07970266206379573,
temporal,TT_mean,W2,blind,040114,CFS_BC,100.0,0.6047098329527671,0.739339191650792,0.5466224403108465,0.7796323220251861,0.44701758005217873,0.2748076372549132,0.42,0.82,0.8525794665413089,2.079154539843622,,,0.7796323220251861,0.041831651514570675,1.0349616854248755e-05,0.5659845564149585,0.5970877510118235,0.39476872162362364,0.46094686868714396,,0.47917735747753964,0.3029105868838333,0.3408741315834988,
temporal,TT_mean,W2,blind,040114,Chronos,100.0,0.753479223790473,0.9052460283833886,0.8194703719038989,0.6495032776234547,0.6672401057043073,0.3715291924479706,0.13,0.29,0.2994546729710419,0.7215198656345184,,,0.6495032776234547,0.011379017464690895,0.06113080678907458,0.34934468338984503,0.3959731138457878,0.0966024599921369,0.27122122018232,,0.21920745822080523,-0.04050944403280976,0.10888756928107601,
temporal,TT_mean,W2,blind,040114,Chronos@abs,100.0,0.7045348981287267,0.8537824612625851,0.7289444911595976,0.6658003635788918,0.5172511282009453,0.28693354289887835,0.47,0.93,1.2670947306496758,3.094273239646638,,,0.6658003635788918,0.021704058842869117,0.00036429200251272934,0.42122177329640265,0.46269921858012764,0.2996772933938323,0.43716111268459024,,0.30546064680030927,0.1933867895101934,0.3117901579073916,
temporal,TT_mean,W2,blind,040114,ChronosBolt,100.0,0.7647014644380871,0.945691787910612,0.8943329577215701,0.5999768304274622,0.5725886592006889,0.32126747547309087,0.57,0.96,1.5551042699813842,3.8379479920071757,,,0.5999768304274622,0.06721658377235164,0.0028514431111256915,0.28990417016630643,0.34079233348902915,0.22475405519533065,0.3698128611975119,,0.14787827943800314,0.10709218113392727,0.22944025180511207,
temporal,TT_mean,W2,blind,040114,Clim,100.0,0.9745108818274175,1.1647654853299982,1.3566786358160265,,0.7385896863284569,0.5097969407683862,0.3,0.68,1.034446058776683,2.540892151489108,,,0.0,0.0,0.07719595191005818,-0.07719595191005818,0.0,0.0,0.0,,-0.29264534357143357,-0.15177360791103456,-0.2227474995112444,
temporal,TT_mean,W2,blind,040114,Damp,100.0,0.8460316029490774,1.0244689495344492,1.0495366285602177,0.5058464397431359,0.6412629020628741,0.4169274040406231,0.38,0.68,1.00843014257753,2.459221915771572,,,0.5058464397431359,0.05023422234065459,0.03897315510583582,0.16667324315431561,0.22639260260118022,0.13177381984494807,0.18216966266566148,,0.0,0.0,0.0,
temporal,TT_mean,W2,blind,040114,Ensemble,100.0,0.614618847643364,0.7626570234917803,0.5816457354813419,0.8186797447850438,0.4761429232276797,0.2460862881469744,0.37,0.64,0.6859637227141038,1.701887417385577,,,0.8186797447850438,0.1132475613805658,0.018812725353511105,0.5381762377872276,0.5712722820821243,0.3553349958153422,0.5172856710829544,,0.4458071117734509,0.25749186223625453,0.4097622613384342,
temporal,TT_mean,W2,blind,040114,GBM_L,100.0,0.8138331180107441,0.9921287803584802,0.9843195168156055,0.613680218851081,0.6104738186063795,0.36977437839244176,0.31,0.62,0.8556973218052102,1.7739875520122959,,,0.613680218851081,0.08697242215873939,0.07117568993728221,0.2184552989130891,0.27446375963343106,0.1734601363836309,0.274663402579264,,0.062138957297830366,0.04801319920028013,0.11309648919980098,
temporal,TT_mean,W2,blind,040114,GBM_LG,100.0,0.6708082419583095,0.8261641303333045,0.6825471702493853,0.7284747619486234,0.5192491541077754,0.3051744764523446,0.32,0.61,0.6407281301882003,1.6264795656703581,,,0.7284747619486234,0.05518551622474488,0.01742895193125734,0.45806101064010124,0.49689841630118914,0.2969721027530555,0.4013803299949712,,0.3496680804883182,0.19027102232577864,0.2680392953431048,
temporal,TT_mean,W2,blind,040114,GBM_LG@EC,100.0,0.6241964503172582,0.7848987537578217,0.6160660536505815,0.7329989945190308,0.4903386065535535,0.2727713916975875,0.3,0.63,0.6174524063885327,1.5031685169080549,,,0.7329989945190308,0.01342893439667064,0.013011911730760094,0.5108466798384795,0.5459012640233516,0.3361150099576453,0.4649410973583804,,0.4130113834181115,0.23535478978093582,0.34575806470372916,
temporal,TT_mean,W2,blind,040114,LSTM_LG,100.0,0.6318410126113694,0.7748360595496733,0.6003709191784649,0.8219226109305116,0.4678841418946969,0.26286613264422576,0.48,0.77,0.8988534405827522,2.249050723016262,,,0.8219226109305116,0.1264947665213595,0.025753474878435677,0.5233085369590339,0.5574700571463274,0.36651682178157985,0.4843709100175779,,0.4279657299792674,0.2703707942724213,0.3695158195487349,
temporal,TT_mean,W2,blind,040114,Pers,100.0,0.9171043558837637,1.1419101417407556,1.3039587718103922,0.5593124712270627,,,,,,,,,0.5593124712270627,0.3479585404260721,0.00020854747854485574,-0.035336647434493086,0.03885950778160807,,,,-0.24241378178405992,,,
temporal,TT_mean,W2,blind,040114,Ridge_L,100.0,0.6789648446168982,0.8382637606682555,0.7026861324496864,0.762545756698945,0.5140461009593014,0.2793607589160559,0.46,0.72,0.9069206861228503,2.211674495844846,,,0.762545756698945,0.12382953601232294,0.015575718192157688,0.44207077685508595,0.4820541033823912,0.30401668142073013,0.4520156231322373,,0.33047964851531675,0.1983847821140594,0.3299534734137157,
temporal,TT_mean,W2,blind,040114,Ridge_LG,100.0,0.5505491362056181,0.6822015206498774,0.4653989147770051,0.8433625563640665,0.4068734052558073,0.2205413702320223,0.47,0.84,0.830533967634945,2.0253929833751925,,,0.8433625563640665,0.07994814867801792,0.0008366293065341421,0.6304756234923812,0.6569571433568915,0.4491211930153227,0.5673936962045838,,0.556567248714843,0.36551232895753183,0.47103172376135305,
temporal,TT_mean,W2,blind,040114,Ridge_LG@EC,100.0,0.5419056963081742,0.6693098868899228,0.4479757246886012,0.8392046459710083,0.40008871112765104,0.21464840961188247,0.48,0.89,0.8369907735657449,2.041138961188115,,,0.8392046459710083,0.052107387094034154,0.00784750272263,0.6443095480026612,0.6697996763108538,0.4583072055656511,0.5789531233978065,,0.5731680891374451,0.3760925357749395,0.48516598445764836,
temporal,TT_mean,W2,blind,040514,CFS_BC,100.0,0.7973167783482505,0.960689807854805,0.9229249069161021,0.6993418871062181,0.6028313430599112,0.33687825415343176,0.23,0.69,0.8163683397269977,1.9908477817483867,,,0.6993418871062181,0.09477521190532777,0.041796258970138306,0.3525076041858203,0.4263637366261258,0.2611214355871181,0.31213425171499887,,0.28799137102203975,0.17085916567716286,0.19303242061948644,
temporal,TT_mean,W2,blind,040514,Chronos,100.0,0.7148240318374752,0.8844731537291481,0.7822927596675853,0.6818498173471135,0.6299733206231795,0.3844199629523725,0.12,0.28,0.2848479755560402,0.6866418346976859,,,0.6818498173471135,0.0016288958114936284,0.012119992123811289,0.45117028548098714,0.5137724725409938,0.22785404554817446,0.2150596774599427,,0.3964848157240858,0.13352779234851464,0.07914968347011475,
temporal,TT_mean,W2,blind,040514,Chronos@abs,100.0,0.7071124160030622,0.8800195581547864,0.7744344227349454,0.704925090722077,0.5631838593278174,0.3519113158479461,0.28,0.54,0.6117505810436393,1.4612204106534687,,,0.704925090722077,0.03893145486075956,0.0013045040694185516,0.45668342459935035,0.5186567561924504,0.309716579485668,0.28143850895327704,,0.4025472847977093,0.22539074921024116,0.15702180474644467,
temporal,TT_mean,W2,blind,040514,ChronosBolt,100.0,0.7718110252808369,1.0026081552501707,1.0052231129741502,0.6168672599710934,0.5892605747854965,0.3347708378022564,0.56,0.91,1.4656829738616943,3.685146378191497,,,0.6168672599710934,0.0840907942974071,0.0016644109048810037,0.29477001122195634,0.3752119743844299,0.2777548603352119,0.3164373478854303,,0.22450079619452223,0.1895245490534413,0.19808058460955613,
temporal,TT_mean,W2,blind,040514,Clim,100.0,1.0193281001356398,1.268425265673286,1.608902654598346,,0.8158733682292234,0.48974419062635766,0.29,0.55,0.8077247592154413,2.0488298526437294,,,0.0,0.0,0.12875080805721098,-0.12875080805721098,0.0,0.0,0.0,,-0.24121969693868595,-0.12216116999100946,-0.17314691332205334,
temporal,TT_mean,W2,blind,040514,Damp,100.0,0.9266780731384661,1.1385197132068188,1.296227137360537,0.6108822783783132,0.7270554266601116,0.41746194365335443,0.24,0.59,0.8338221529960087,2.0334117614358913,,,0.6108822783783132,0.20722939556526287,0.07533617359729025,0.09061158887412582,0.19434085483305197,0.10886241055016033,0.14759184152967286,,0.0,0.0,0.0,
temporal,TT_mean,W2,blind,040514,Ensemble,100.0,0.7388102317100411,0.9281315684793926,0.8614282084080175,0.745838287689451,0.5765088319632478,0.2918398512291618,0.3,0.64,0.6531464698230444,1.605061855760184,,,0.745838287689451,0.12835517469305383,0.03226800233625748,0.39565157435422105,0.4645864956801452,0.29338442163579126,0.40409736998429,,0.33543421243122995,0.2070634358489456,0.30091866895657626,
temporal,TT_mean,W2,blind,040514,GBM_L,100.0,0.93660167902942,1.144906521046124,1.3108109419339389,0.3971632997366774,0.6876867961707391,0.3863691773806782,0.24,0.6,0.7649803927878069,1.7014164175858684,,,0.3971632997366774,0.007843268692985862,0.06951532516635732,0.0803800927983827,0.18527641297156305,0.1571157694933727,0.21107961099746408,,-0.011250963780235601,0.05414804572771137,0.07448048078484137,
temporal,TT_mean,W2,blind,040514,GBM_LG,100.0,0.8871588113802535,1.0895476660811099,1.1871141166627939,0.48917867124186626,0.6747206428399446,0.35673823348009975,0.25,0.54,0.6264347563756316,1.5722126248521837,,,0.48917867124186626,0.018164083779547625,0.0539701543948016,0.16716153422360866,0.26215914103320903,0.17300812955279765,0.27158251122111354,,0.08417739264426005,0.07198183508591405,0.14545927142924786,
temporal,TT_mean,W2,blind,040514,GBM_LG@EC,100.0,0.816361112108019,1.021308079197132,1.0430701926333352,0.588791640884708,0.6611627043059631,0.3610615183131521,0.18,0.54,0.5384594554102292,1.4707241890775402,,,0.588791640884708,0.016706249775239417,0.061751545747370164,0.2682178008530974,0.3516884382953971,0.18962582913944748,0.2627548723929263,,0.1953029198591666,0.09062957229662816,0.13510315418603813,
temporal,TT_mean,W2,blind,040514,LSTM_LG,100.0,0.7511981527261937,0.934278550351491,0.8728764096468834,0.732485273997685,0.5686695790455087,0.3065175716508935,0.36,0.74,0.8732553813606501,2.1410070580244063,,,0.732485273997685,0.11817434613877469,0.030740420670419356,0.3876199098142697,0.45747096186823544,0.3029928403230605,0.37412719228200897,,0.3266022717096544,0.21784563020481518,0.2657592474934318,
temporal,TT_mean,W2,blind,040514,Pers,100.0,0.8279443799655748,1.0849623300642748,1.1771432576585004,0.6281152725288711,,,,,,,,,0.6281152725288711,0.21981983871340316,0.0005522106458613176,0.17415674622475358,0.2683564451247873,,,,0.09186960855064574,,,
temporal,TT_mean,W2,blind,040514,Ridge_L,100.0,0.8166136237747312,1.034209752100978,1.0695898113407665,0.6693455629456017,0.650293152621106,0.3422860529105496,0.34,0.61,0.783948868151374,1.9117875953950443,,,0.6693455629456017,0.15096656220938473,0.04744437263725226,0.24961254778832737,0.33520539090179835,0.20294842564538385,0.30109216308868647,,0.1748438367686579,0.10557967277904778,0.1800784284308995,
temporal,TT_mean,W2,blind,040514,Ridge_LG,100.0,0.7413789370355356,0.9400942229668444,0.883777148055635,0.7441661392020399,0.5862383381210756,0.2952220032565708,0.34,0.68,0.7587083141265788,1.8502343742018157,,,0.7441661392020399,0.1368257887125033,0.03698512764152099,0.3799723263808455,0.45069569900345197,0.2814591565925838,0.39719141358471854,,0.318192681989948,0.19368136647560708,0.29281696752288233,
temporal,TT_mean,W2,blind,040514,Ridge_LG@EC,100.0,0.7213440623304922,0.9251700955986402,0.8559397057899969,0.7782041609889484,0.5752037623094628,0.2933194719044877,0.33,0.69,0.7571135461795057,1.8463452716051927,,,0.7782041609889484,0.123045489247798,0.08305410776932959,0.39950211916338557,0.4679978286171219,0.2949840199369559,0.4010761586996119,,0.33966842606542114,0.20885844295009615,0.2973743442634623,
temporal,TT_mean,W2,blind,150701,CFS_BC,100.0,0.5069826682850835,0.6181386025752357,0.38209533199366513,0.7201275916495705,0.36901221965614533,0.3633002410385818,0.44,0.83,0.754261646183536,1.839390446798239,,,0.7201275916495705,0.04221178334443532,0.008742333590401816,0.4676296313201735,0.47567775937636014,0.2554507514018871,0.2540356721303795,,0.1305796492062048,0.07266251523009593,0.049758517536440006,
temporal,TT_mean,W2,blind,150701,Chronos,100.0,0.5362411154997327,0.6508955115323379,0.4236649669329438,0.6705039658582732,0.4842951859691717,0.4239637085208393,0.09,0.21,0.16623176646302454,0.3977023394714509,,,0.6705039658582732,0.0014351194499148275,0.03842945719748267,0.40971099158427493,0.41863470674458736,0.02284640560405027,0.1294753838760233,,0.03599203306679366,-0.21704663347276631,-0.10891174127464232,
temporal,TT_mean,W2,blind,150701,Chronos@abs,100.0,0.49269913939712195,0.6045050359681278,0.3654263385108274,0.7258683562430462,0.3647896301851587,0.29593754176013876,0.54,0.93,0.8860394665173124,2.1780780431883677,,,0.7258683562430462,0.01979861654048573,0.016231847493867288,0.49085440656062884,0.49855143324790385,0.2639705934295874,0.39235149197975494,,0.1685083045645711,0.08327399444585037,0.22595116481381106,
temporal,TT_mean,W2,blind,150701,ChronosBolt,100.0,0.5281387467184014,0.6617769287099232,0.4379487033727387,0.6846683844160388,0.38855998462597624,0.3118894320437692,0.54,0.94,0.9766779279708863,2.3761360285414934,,,0.6846683844160388,0.0722540882201841,0.0067071325027464644,0.3898095758959382,0.39903415141847576,0.21600958131374703,0.3595974781655593,,0.003490795531815083,0.023538463953724165,0.1842276916119222,
temporal,TT_mean,W2,blind,150701,Clim,100.0,0.7047207873577003,0.8536635261330447,0.7287414158499036,,0.49561828227071103,0.48702093044599226,0.32,0.75,0.8747550437663436,2.086239313651989,,,0.0,0.0,0.01534958358168019,-0.01534958358168019,0.0,0.0,0.0,,-0.6581794237064755,-0.24550187447768845,-0.27384306053525265,
temporal,TT_mean,W2,blind,150701,Damp,100.0,0.545933472978302,0.6629350255758998,0.43948284813531885,0.6479931765556735,0.3979265647260087,0.38232412259745113,0.33,0.85,0.7566968856034202,1.8453291766107212,,,0.6479931765556735,0.011590259555216928,0.020632833033594915,0.38767206427390033,0.39692895370470105,0.19711080288870841,0.2149739391131803,,0.0,0.0,0.0,
temporal,TT_mean,W2,blind,150701,Ensemble,100.0,0.4191514033803921,0.5173253404961609,0.2676255079194688,0.810199074432404,0.31683653721734756,0.27416666037819437,0.35,0.78,0.5247442657226054,1.2920949381752345,,,0.810199074432404,0.02869725991202801,0.0006057590419650245,0.6271195212571311,0.632756555207793,0.3607246775366356,0.43705363930226837,,0.39104447635447726,0.2037813875645509,0.2828946849716194,
temporal,TT_mean,W2,blind,150701,GBM_L,100.0,0.5423478261902869,0.6393601077657416,0.4087813474022207,0.6881944233457624,0.3889103633038858,0.3732914235274918,0.35,0.71,0.7342174669778251,1.4945811274959695,,,0.6881944233457624,0.031183791345758455,0.01197955339529054,0.4304482195831575,0.4390584389587979,0.215302628623656,0.23352077869497723,,0.06985824557968867,0.02265795305304874,0.023625762896132607,
temporal,TT_mean,W2,blind,150701,GBM_LG,100.0,0.4076785610521506,0.5086585528175377,0.2587335233544318,0.8089625643065728,0.3198021983732307,0.2936198283487805,0.37,0.8,0.5183826351418928,1.4036875631555785,,,0.8089625643065728,0.010592312787260008,0.004319465461014295,0.6395086522011916,0.6449583930224678,0.35474091692494925,0.3971104525633089,,0.41127731275017465,0.1963286025062697,0.23201333372853206,
temporal,TT_mean,W2,blind,150701,GBM_LG@EC,100.0,0.41171585696791185,0.501308016054764,0.25130972696076354,0.8122642150294743,0.3152795132506594,0.2867050285267092,0.33,0.75,0.4925255607225505,1.2881952704348498,,,0.8122642150294743,0.002787626541547203,0.007133360161911531,0.6498521683139894,0.6551455406611266,0.3638662564944467,0.41130860995202534,,0.4281694313508587,0.2076942300453244,0.25009955799053574,
temporal,TT_mean,W2,blind,150701,LSTM_LG,100.0,0.43262375666179176,0.5242416375857688,0.2748292945786086,0.813173826208098,0.31513653763660776,0.2898674804602193,0.51,0.89,0.7872681890195236,1.844211704134941,,,0.813173826208098,0.04415415002808674,1.4978654816017633e-05,0.6170825429470151,0.6228713112756387,0.36415473579225754,0.40481514789359985,,0.37465296826785977,0.20805353155149575,0.24182790640856155,
temporal,TT_mean,W2,blind,150701,Pers,100.0,0.58960990777552,0.7420553276057863,0.5506461092281308,0.6497674250779174,,,,,,,,,0.6497674250779174,0.18908589921868768,0.00032262539270022807,0.23278918208099908,0.24438751901326605,,,,-0.25294106826800267,,,
temporal,TT_mean,W2,blind,150701,Ridge_L,100.0,0.5038157119749076,0.6221665839305841,0.3870912581598525,0.6959757158403639,0.3775819397000856,0.3230793576897234,0.34,0.75,0.5963352594443202,1.4542611106649366,,,0.6959757158403639,0.007453765393150095,0.0162595842779604,0.4606688473683964,0.4688222053245009,0.23815978302865148,0.33662120559405606,,0.11921191053930436,0.05112658170969653,0.1549595262397463,
temporal,TT_mean,W2,blind,150701,Ridge_LG,100.0,0.4200337102321878,0.5335697401718449,0.2846966676270501,0.7775281522566467,0.31545726772472304,0.25862771269837126,0.45,0.81,0.5614528676364978,1.369194690308771,,,0.7775281522566467,0.0011999139503688185,1.570256753946467e-05,0.603334411033727,0.6093310172374118,0.36350760452291475,0.46895975813291757,,0.35220073130273644,0.20724752834249616,0.3235380730326549,
temporal,TT_mean,W2,blind,150701,Ridge_LG@EC,100.0,0.40381564228200967,0.5068805120977468,0.256927853544474,0.8029314896233953,0.3027162065178257,0.25973762058337374,0.49,0.81,0.5647037405288144,1.3771224758088547,,,0.8029314896233953,0.002185948851212322,0.0004885506785342924,0.642024477499098,0.6474361852416075,0.38921501214420595,0.4666807844469487,,0.41538593682417224,0.2392661527227764,0.32063501821764107,
temporal,TT_mean,W2,blind,151007,CFS_BC,97.0,0.44068701192406384,0.5414855936924164,0.2932066481764287,0.5163644105707667,0.3220696327088899,0.3749100018636891,0.5257731958762887,0.9072164948453608,0.7476113117938702,1.823172518170607,,,0.5163644105707667,0.039498579876083996,0.00660375883341825,0.22052986579459302,0.22972195328554412,0.11687725092234957,0.13733677787935106,,0.29658642797547863,0.1574261156490001,0.19108165351681272,
temporal,TT_mean,W2,blind,151007,Chronos,97.0,0.48751390653861,0.6154717269063312,0.3788054466210616,0.2856144366986839,0.43561646508263246,0.5485340409472156,0.08247422680412371,0.32989690721649484,0.17278782177966126,0.40747310464443226,,,0.2856144366986839,1.5189155798079285e-05,0.08858919427471672,-0.007028776979808277,0.004846850087468768,-0.19447091907291147,-0.26216996306871665,,0.09123175082397095,-0.13962640310048147,-0.18353537432189215,
temporal,TT_mean,W2,blind,151007,Chronos@abs,97.0,0.5333508641273665,0.6725138055682819,0.45227481867993286,0.12003687559859777,0.39526155483375874,0.4778334890360509,0.4845360824742268,0.8865979381443299,0.8600267972440535,2.0966640674312966,,,0.12003687559859777,0.21113655381058538,0.005614454007316406,-0.20234215631442856,-0.18816324963166342,-0.08381677581197322,-0.09948887797040862,,-0.08502398469820815,-0.03405298037495852,-0.03098950127734801,
temporal,TT_mean,W2,blind,151007,ChronosBolt,97.0,0.49800528271860894,0.6411389150106709,0.4110591083410603,0.21733317117832243,0.38145748126534734,0.44344772128098303,0.6288659793814433,0.9896907216494846,1.1308515268502777,2.754269532577528,,,0.21733317117832243,0.10527171253177267,0.03473495996555899,-0.09277296520290566,-0.079886179342751,-0.04596567108138694,-0.020367656719383564,,0.013854025787930047,0.002060178722273931,0.043202380125425544,
temporal,TT_mean,W2,blind,151007,Clim,97.0,0.4881809520118659,0.6169687204839153,0.38065040205555956,,0.36469407344026106,0.4345960187592831,0.5154639175257731,0.9381443298969072,0.8731451738014273,2.223712159524123,,,0.0,0.0,0.011933466791840734,-0.011933466791840734,0.0,0.0,0.0,,0.08680563463432223,0.0459153212495097,0.06230110923860055,
temporal,TT_mean,W2,blind,151007,Damp,97.0,0.5141031774486313,0.6456267779807973,0.4168339364458657,0.08260949365095833,0.38224497422794784,0.46347076128712994,0.4948453608247423,0.8762886597938144,0.8450097068268768,2.060694442112634,,,0.08260949365095833,0.11421178752846403,0.0007374978453011588,-0.10812495693249746,-0.09505712904783636,-0.04812499589621577,-0.06644042117615467,,0.0,0.0,0.0,
temporal,TT_mean,W2,blind,151007,Ensemble,97.0,0.4382969518133986,0.563566137047412,0.3176067908265423,0.4258648952574284,0.34036094028309066,0.4213406970709163,0.4020618556701031,0.7835051546391752,0.5276391326897549,1.2970408028064293,,,0.4258648952574284,0.018673779866231404,0.007023399861329692,0.15566372928505937,0.16562076616384458,0.06672204164885154,0.030500329308605023,,0.2380495850826917,0.1095737989216311,0.09090123419913687,
temporal,TT_mean,W2,blind,151007,GBM_L,97.0,0.48859531265711764,0.6223836747182304,0.3873614385557681,0.22979750708892838,0.3596896545072554,0.4222240566809647,0.4845360824742268,0.7835051546391752,0.714275594713845,1.6986464443649842,,,0.22979750708892838,0.05872845887037247,0.023852740904824744,-0.02977430551091113,-0.017630446372755904,0.01372223816471052,0.02846772990152746,,0.07070561034783984,0.05900749844062525,0.08899526798975788,
temporal,TT_mean,W2,blind,151007,GBM_LG,97.0,0.45553768037129405,0.6011886980278556,0.36142785063642807,0.4683857739385393,0.3525999300974799,0.4188065486791353,0.4020618556701031,0.7835051546391752,0.5677425652293708,1.4438798356140832,,,0.4683857739385393,0.13577340714717692,0.04444343407230118,0.03916839200852633,0.05049922794072281,0.03316243455423806,0.03633137304208334,,0.13292124504510738,0.0775550919677741,0.09636899744000071,
temporal,TT_mean,W2,blind,151007,GBM_LG@EC,97.0,0.5044097838846404,0.690936334906112,0.4773930188934909,0.48014930497487324,0.38616084218179036,0.4512946659089004,0.422680412371134,0.7835051546391752,0.5275731914374371,1.3559357025750238,,,0.48014930497487324,0.44635102250080194,0.053309533080611975,-0.2691172005135601,-0.25415083319368414,-0.058862400858415986,-0.03842337810017171,,-0.1452834741911424,-0.010244393563974663,0.026271550214763684,
temporal,TT_mean,W2,blind,151007,LSTM_LG,97.0,0.47136077167551493,0.6019657089815458,0.3623627147896551,0.3656302205915639,0.35974755850951345,0.4362976683865862,0.5154639175257731,0.8041237113402062,0.6825715912525187,1.659889332105204,,,0.3656302205915639,0.07987753654534967,0.01712480306811364,0.036683118596372376,0.0480432627081141,0.013563463985267865,-0.003915474495512106,,0.13067847143315503,0.05885601442863786,0.058629573147354286,
temporal,TT_mean,W2,blind,151007,Pers,97.0,0.7508568777688835,0.9744653358752305,0.949582690822426,0.015339414171083487,,,,,,,,,0.015339414171083487,1.522184360575505,0.002452590485845461,-1.5244016534342384,-1.4946320447701122,,,,-1.278083926944726,,,
temporal,TT_mean,W2,blind,151007,Ridge_L,97.0,0.4790348713477604,0.6166093220464682,0.38020705603460514,0.20207423170508226,0.37079424584651555,0.4549253534126454,0.44329896907216493,0.7835051546391752,0.6893121591901463,1.6810004948437989,,,0.20207423170508226,0.048483985617840376,0.0031048707445120944,-0.010754861243153196,0.001164706561612161,-0.016726820780798013,-0.04677754460659811,,0.08786923810369096,0.029956517818344963,0.01843785754845162,
temporal,TT_mean,W2,blind,151007,Ridge_LG,97.0,0.4753271150418102,0.6067770892712748,0.36817843606452066,0.3719153852271065,0.359854832063594,0.45433522837067614,0.422680412371134,0.8144329896907216,0.6258843646870849,1.526321439027107,,,0.3719153852271065,0.06352265625984378,0.05357598238149798,0.02122241512728526,0.032764883272653145,0.013269317296596528,-0.04541967427070781,,0.11672634142077332,0.05857537357967135,0.019711131056213804,
temporal,TT_mean,W2,blind,151007,Ridge_LG@EC,97.0,0.4723622500534552,0.6021862953262527,0.36262833427875674,0.3928496394745815,0.35718763714967056,0.44318683484132204,0.38144329896907214,0.8350515463917526,0.6214981292783459,1.515624886247225,,,0.3928496394745815,0.09684529559706662,0.02150855657096504,0.03597698706727703,0.04734545840351523,0.02058283047975029,-0.019767360286835123,,0.1300412404740674,0.06555308445555807,0.04376527742435421,
temporal,TT_mean,W2,blind,230201,CFS_BC,100.0,0.6896010102505784,0.8299831486584539,0.6888720270570012,0.7376069695401006,0.5076276469813178,0.2937216819918412,0.33,0.78,0.8800967826235234,2.1462600178687326,,,0.7376069695401006,0.020393106320072768,0.05293294069280162,0.47073799450125653,0.5365295375101202,0.35204510071196815,0.4103934201645473,,0.42967734328083684,0.2685253387625871,0.34085863684906226,
temporal,TT_mean,W2,blind,230201,Chronos,100.0,0.8077085662569139,0.9751570755103499,0.9509313219178982,0.6322029041242901,0.7058238354015424,0.4290298755004657,0.12,0.34,0.34903816029662266,0.811932439732598,,,0.6322029041242901,0.005884827304030195,0.12439846540172535,0.2693972192774309,0.3602170472093613,0.09906007897254976,0.13878050872633152,,0.21271635866728933,-0.017068817988622698,0.03721327260508711,
temporal,TT_mean,W2,blind,230201,Chronos@abs,100.0,0.7450706774748006,0.8853373512261989,0.783822225476222,0.641944202503829,0.5411583424943791,0.2930627468595171,0.45,0.92,1.269963195664542,3.0532457067625867,,,0.641944202503829,0.013771529405044204,0.0005332969391601857,0.3977875327840726,0.47264740752602563,0.30924526787500106,0.41171614338698126,,0.3510673151602135,0.22020871478175408,0.34233735438330326,
temporal,TT_mean,W2,blind,230201,ChronosBolt,100.0,0.7428552573736343,0.9162460677613425,0.8395068566881227,0.6325025927347805,0.5601681822708737,0.3070189286356591,0.59,0.97,1.6493742680549621,4.055360324379983,,,0.6325025927347805,0.04481522427547583,0.0002394064434795586,0.3550048990972642,0.4351830008326435,0.284980397962757,0.38370099466254526,,0.3049655639439891,0.19281616397531476,0.3110182613632517,
temporal,TT_mean,W2,blind,230201,Clim,100.0,1.0338739485411228,1.219153091430997,1.4863342603457568,,0.7834305250860751,0.49816554298599064,0.28,0.67,1.1280686306992223,2.903302081907105,,,0.0,0.0,0.14195412293464146,-0.14195412293464146,0.0,0.0,0.0,,-0.23054801303894656,-0.12889749277480878,-0.11793420510146069,
temporal,TT_mean,W2,blind,230201,Damp,100.0,0.9318821443354817,1.0990285197538896,1.2078636872324255,0.4471669025375632,0.6939784436587043,0.445612577835722,0.36,0.74,1.1777278547432553,2.8720820896888064,,,0.4471669025375632,0.042851955609848495,0.08511080698133751,0.07199547613385253,0.18735393547919188,0.11417997967023663,0.10549297495621157,,0.0,0.0,0.0,
temporal,TT_mean,W2,blind,230201,Ensemble,100.0,0.6908038705965827,0.8488704188061674,0.720580987924158,0.7928284327704047,0.5378067838972398,0.27645153457110005,0.36,0.59,0.727884032493334,1.8227971519704707,,,0.7928284327704047,0.12110989557469298,0.061091103263804444,0.44637592497067874,0.5151958700349586,0.313523322520333,0.4450609070349244,,0.403425241158443,0.22503819994482288,0.37961460622636256,
temporal,TT_mean,W2,blind,230201,GBM_L,100.0,0.8945534043219748,1.0793821006046922,1.165065719105798,0.4674097915177749,0.657557201000988,0.3753868387191279,0.29,0.56,0.8284364460743978,1.8504441936006981,,,0.4674097915177749,0.015361061827502649,0.09823359524514942,0.10487725613403771,0.216148244584784,0.16066941490600906,0.24646165515770224,,0.03543277985671567,0.05248180687818038,0.15759370944525553,
temporal,TT_mean,W2,blind,230201,GBM_LG,100.0,0.7378509772847335,0.8963495091515805,0.8034424425562793,0.6920669486268878,0.5765438549016291,0.32487505535387196,0.3,0.55,0.6345868339274956,1.6690617896883375,,,0.6920669486268878,0.0481329343584764,0.04811045336460384,0.3827132736586511,0.45944700058963894,0.2640778774374608,0.34785723354815,,0.3348235806333374,0.16921936096163392,0.2709472947739836,
temporal,TT_mean,W2,blind,230201,GBM_LG@EC,100.0,0.7275379656121721,0.8764433773617659,0.7681529937212989,0.6877796128748154,0.5685804353759746,0.3303346824076329,0.26,0.54,0.6216552354875784,1.5962614280035488,,,0.6877796128748154,0.007958299557348142,0.055256255776887926,0.40982624055199485,0.4831896066618231,0.2742426837229698,0.3368977701114857,,0.36403999735982995,0.18069438529188664,0.25869533572857784,
temporal,TT_mean,W2,blind,230201,LSTM_LG,100.0,0.6803784188160985,0.8295850097171992,0.6882112883474855,0.802986834102967,0.502801829197944,0.27344362906986847,0.4,0.79,0.9612649051100015,2.443172375559807,,,0.802986834102967,0.12250313590769736,0.05103907822257072,0.47124564161243776,0.5369740799842755,0.35820495487752224,0.4510988708073729,,0.43022437413911996,0.2754791826859395,0.3863646524567462,
temporal,TT_mean,W2,blind,230201,Pers,100.0,0.9980348966030234,1.2335537499327867,1.52165485397324,0.5169212229307232,,,,,,,,,0.5169212229307232,0.4356895371555252,0.0006090320062976686,-0.1690910184456285,-0.023763560169343556,,,,-0.25979021478806374,,,
temporal,TT_mean,W2,blind,230201,Ridge_L,100.0,0.7750899416028589,0.958144860661965,0.9180415740129364,0.6825222187896514,0.5952186337593006,0.3291326116114759,0.38,0.68,0.9384488656001077,2.2885611205709506,,,0.6825222187896514,0.116914235038674,0.05425585382471007,0.2946664902781646,0.3823451436829708,0.24024069180364882,0.33931076477376576,,0.23994604381522355,0.14230962186481588,0.26139290499826784,
temporal,TT_mean,W2,blind,230201,Ridge_LG,100.0,0.6528535929565723,0.8161932061113342,0.6661713497022989,0.8166104401158717,0.49847668934088973,0.2560117388784339,0.4,0.79,0.8898599466987978,2.1700690910483775,,,0.8166104401158717,0.13549282536611362,0.043180807008410454,0.48817897853171366,0.5518024663258912,0.363725725026961,0.4860910344302286,,0.4484714154883691,0.28171156626582694,0.42548358908124373,
temporal,TT_mean,W2,blind,230201,Ridge_LG@EC,100.0,0.6262775180054575,0.7702085999399848,0.5932212874215115,0.8190787759354746,0.4668104750039391,0.24920843055409986,0.39,0.81,0.881163583498714,2.148861586367397,,,0.8190787759354746,0.0715331873179044,0.05513017018047825,0.5442266836895728,0.6008829889425316,0.40414566441274313,0.4997477564177736,,0.508867355073189,0.32734153449654624,0.44075090572068154,
temporal,TT_mean,W2,dev,040114,Chronos,151.0,0.6215978100382723,0.7925405246364773,0.6281204831910627,0.21385700294885038,0.5529729291327137,0.5477147817202148,0.11920529801324503,0.26490066225165565,0.23503537162512367,0.5585634164630885,,,0.21385700294885038,0.035918211266395245,0.024770804689409346,-0.01495419824553999,0.006797067283004554,-0.15158281203497492,-0.20978702579687347,,0.03074092611506485,-0.14821938124239153,-0.18648066521695283,
temporal,TT_mean,W2,dev,040114,Chronos@abs,151.0,0.6600578403362889,0.8175415699484139,0.6683742185937173,0.28576017462807113,0.4934421897703218,0.44066352011295506,0.5364238410596026,0.9139072847682119,1.2422752625105398,3.0093362377630504,,,0.28576017462807113,0.10954393387570792,0.052113506406064554,-0.07999856287830676,-0.05685334553527821,-0.02760825084807217,0.02666674852139206,,-0.03137502033293216,-0.024606912865693165,0.045417863585173524,
temporal,TT_mean,W2,dev,040114,ChronosBolt,151.0,0.6726109591616158,0.8158797476278017,0.6656597625892053,0.2242104276092912,0.5035388928189255,0.44149326565499436,0.6158940397350994,0.9735099337748344,1.5261843472916559,3.7051399098209448,,,0.2242104276092912,0.11407569659028341,0.011807003702118575,-0.07561238444366078,-0.05256116634902419,-0.048634939635946894,0.024834014724580578,,-0.027186315803399586,-0.045572188951158665,0.04362043712246688,
temporal,TT_mean,W2,dev,040114,Clim,151.0,0.6376204736943601,0.7952478093127687,0.6324190782167578,,0.4801851185635092,0.45273653134066394,0.44370860927152317,0.8609271523178808,1.0032606058978921,2.500747902953388,,,0.0,0.0,0.021900122132182925,-0.021900122132182925,0.0,0.0,0.0,,0.024107720631230678,0.0029207024952376814,0.019264845863733004,
temporal,TT_mean,W2,dev,040114,Damp,151.0,0.649330180027084,0.8050104912883769,0.6480418910843538,0.07054535892496072,0.48159170465698664,0.4616297574643266,0.4304635761589404,0.8609271523178808,0.9757290884662002,2.3794750443285335,,,0.07054535892496072,0.04457602854774905,0.007545005579662347,-0.04714438646155986,-0.02470325992006428,-0.0029292579863475776,-0.019643270441039196,,0.0,0.0,0.0,
temporal,TT_mean,W2,dev,040114,Ensemble,151.0,0.5795007765317491,0.7235971263389355,0.5235928012459654,0.44720138404983956,0.4470476552231909,0.4112795428424088,0.31125827814569534,0.6754966887417219,0.6267900117675184,1.5161228630204826,,,0.44720138404983956,0.026005235665292954,0.020036034472531973,0.1539478077582672,0.17207937065664036,0.06900976739856113,0.09156978867044552,,0.1920386498936828,0.0717289128939621,0.1090705566696677,
temporal,TT_mean,W2,dev,040114,GBM_L,151.0,0.6040361683695922,0.7582180662143403,0.5748946359338137,0.28081461607038793,0.46539598179505137,0.4405253696761234,0.32450331125827814,0.7086092715231788,0.7685159953312369,1.7632076692925316,,,0.28081461607038793,0.007571791960387429,0.00023378527325395066,0.071051271365118,0.09095937213840322,0.03079882361348485,0.026971893848239503,,0.11287426963732916,0.03362957190774429,0.04571713033433322,
temporal,TT_mean,W2,dev,040114,GBM_LG,151.0,0.6395580609258575,0.7865573818967982,0.6186725150163457,0.2643656162762376,0.48253412556668723,0.4581274342292223,0.2980132450331126,0.6821192052980133,0.6210198917753058,1.5364293068581527,,,0.2643656162762376,0.01294143315733689,0.05663535881193565,0.0003123870998423678,0.021736477715336266,-0.004891877970323533,-0.011907373307372904,,0.04532018141429872,-0.0019568877548916674,0.0075868662677686105,
temporal,TT_mean,W2,dev,040114,GBM_LG@EC,151.0,0.6442811820300907,0.8031813758470391,0.6451003225075426,0.2988317365051433,0.4719414904836717,0.45366897253432414,0.2582781456953642,0.7086092715231788,0.6452551278820473,1.6105034099022446,,,0.2988317365051433,0.024193781149710252,0.10749785170335864,-0.04239122611038952,-0.02005196352795413,0.017167604245001633,-0.0020595669426080043,,0.004539164238116067,0.020038165275683806,0.017244956160820446,
temporal,TT_mean,W2,dev,040114,LSTM_LG,151.0,0.5825373819902565,0.7279545099540867,0.5299177685624946,0.456972702025957,0.4387252653118662,0.4025729441336041,0.3973509933774834,0.8013245033112583,0.830849892391965,1.9714446462542805,,,0.456972702025957,0.011891332759625324,0.05320516587044777,0.14372755176683102,0.1620781427772352,0.08634139553443809,0.11080083831210419,,0.1822785288219636,0.0890099205002961,0.1279311231041821,
temporal,TT_mean,W2,dev,040114,Pers,151.0,0.9715752012661223,1.1662340990058437,1.360101973683972,0.16830569641567664,,,,,,,,,0.16830569641567664,1.2259716939104508,8.826374180652012e-05,-1.1977331502062913,-1.1506340028815596,,,,-1.0987871191600656,,,
temporal,TT_mean,W2,dev,040114,Ridge_L,151.0,0.6208954956150167,0.7706045632529172,0.5938313929062192,0.24302116347154432,0.46530507974857727,0.4400907981921957,0.37748344370860926,0.8145695364238411,0.839176137044688,2.0464683276305,,,0.24302116347154432,0.013646592351148871,0.0049605532446304335,0.04045214029928376,0.061016004481308284,0.030988129868426806,0.02793177107007705,,0.0836527683224697,0.033818325255435044,0.0466585156694439,
temporal,TT_mean,W2,dev,040114,Ridge_LG,151.0,0.5889809506793705,0.7304214674360917,0.5335155200914936,0.43117717287031854,0.4496283376345586,0.4177904242354589,0.3509933774834437,0.7615894039735099,0.7482538543645035,1.8247394633706773,,,0.43117717287031854,0.00468926959519221,0.04331039258771138,0.13791409222153697,0.15638927023540172,0.06363541839939202,0.07718861785180231,,0.1767268020300753,0.06637026076932517,0.09496643689018569,
temporal,TT_mean,W2,dev,040114,Ridge_LG@EC,151.0,0.5894666664139969,0.7500064882112903,0.5625097323590323,0.4496661288685954,0.45462438261661486,0.4232957680862443,0.3841059602649007,0.7218543046357616,0.7404700316660238,1.8057573380251823,,,0.4496661288685954,0.007427938299442129,0.10370815865136013,0.09106353050086599,0.11054275284491721,0.05323100395814051,0.06502846847202337,,0.1319855396727555,0.05599623452729374,0.08304055091388829,
temporal,TT_mean,W2,dev,040514,Chronos,151.0,0.5362216420762385,0.6810211533860359,0.4637898113592466,0.36800199107488585,0.47784563874124436,0.5403481481665616,0.09933774834437085,0.25165562913907286,0.19947112172734863,0.4740449585877082,,,0.36800199107488585,0.00016319313047008182,0.03691685023808747,0.0983454220665228,0.10399698666846124,-0.11525489666360578,-0.14494387336307635,,0.08867763980800603,-0.14862571938132585,-0.1882629335508712,
temporal,TT_mean,W2,dev,040514,Chronos@abs,151.0,0.5921378879546184,0.7623320206040464,0.5811501096382482,0.2732306052341138,0.47236028741540587,0.5322058778262198,0.33774834437086093,0.6291390728476821,0.541545925841025,1.2949202880979014,,,0.2732306052341138,0.1724812662025138,0.03198863512357894,-0.1298149376894926,-0.1227332655449096,-0.10245250938603934,-0.12769121399323868,,-0.14192911653061357,-0.13544025716951658,-0.17035751817523348,
temporal,TT_mean,W2,dev,040514,ChronosBolt,151.0,0.6158331140362482,0.7968396224045223,0.6349533838337817,0.13893410827568076,0.472650686042971,0.48060478183603966,0.6225165562913907,0.9271523178807947,1.3088899029801224,3.2364801424291216,,,0.13893410827568076,0.22206422833919046,0.03165243462026466,-0.23441397651709653,-0.22667667832712723,-0.10313027740382341,-0.018353634299035138,,-0.24764969431180806,-0.13613830546262862,-0.05688314076914858,
temporal,TT_mean,W2,dev,040514,Clim,151.0,0.5704978853587294,0.7194586968780914,0.5176208165135213,,0.4284631613551004,0.47194291417917417,0.3973509933774834,0.8145695364238411,0.7466247957506541,1.8863551350573788,,,0.0,0.0,0.006307528566142559,-0.006307528566142559,0.0,0.0,0.0,,-0.01709742783508572,-0.02992214857567732,-0.037835094973304395,
temporal,TT_mean,W2,dev,040514,Damp,151.0,0.5577813849598933,0.7133860107769814,0.5089196003722953,0.13659299508478873,0.41601509584742896,0.4547378639101752,0.423841059602649,0.8278145695364238,0.7787361745753218,1.899075589137811,,,0.13659299508478873,4.3184392075342934e-05,0.008005941064872396,0.01060852084928538,0.01681001973574736,0.02905282561119582,0.03645578681676542,,0.0,0.0,0.0,
temporal,TT_mean,W2,dev,040514,Ensemble,151.0,0.5068563604403927,0.6510986488247075,0.4239294505013598,0.4908404056558273,0.385416429390483,0.3901493425859896,0.3443708609271523,0.7152317880794702,0.5771083039803659,1.4051686745597545,,,0.4908404056558273,0.06161390920853349,0.003472375762292486,0.17583801885355116,0.18100386039964078,0.10046775510051675,0.1733124264307344,,0.16700113300560993,0.07355181762002194,0.14203462357149077,
temporal,TT_mean,W2,dev,040514,GBM_L,151.0,0.5614686685697055,0.7123841018729697,0.5074911086013577,0.1931216875755458,0.41831387313272383,0.4462669531126379,0.3509933774834437,0.7814569536423841,0.6540318734924949,1.7018250308412441,,,0.1931216875755458,0.022451119792793326,0.001459212236571354,0.013385654182662039,0.01956974601677164,0.023687656577702998,0.05440480256217661,,0.0028069105019586926,-0.00552570641844663,0.018628118460816134,
temporal,TT_mean,W2,dev,040514,GBM_LG,151.0,0.5604077451867432,0.7138363296843271,0.5095623055771913,0.2297969143483894,0.42068939906778036,0.4634250455823791,0.3509933774834437,0.7086092715231788,0.588747122241036,1.5418906702408706,,,0.2297969143483894,0.016099562910481414,0.027348022389584503,0.009359036543975088,0.015568367189342847,0.018143362110137895,0.01804851464209334,,-0.0012628816112130181,-0.011235898088817642,-0.019103713065600214,
temporal,TT_mean,W2,dev,040514,GBM_LG@EC,151.0,0.5685576677975431,0.7437385834876743,0.5531470805682522,0.17789199590724677,0.42122503763790375,0.44591653001364684,0.3973509933774834,0.7682119205298014,0.6293975443711686,1.5990971356939625,,,0.17789199590724677,0.037197990180308116,0.06982177225675844,-0.07537420022920266,-0.06863376224708495,0.01689322296531781,0.05514731418479635,,-0.0869046508792406,-0.012523444082869206,0.0193987230811965,
temporal,TT_mean,W2,dev,040514,LSTM_LG,151.0,0.490291531920564,0.6550189740583253,0.42904985637642107,0.46729779069244165,0.38046158819783665,0.3859977102455367,0.5364238410596026,0.8145695364238411,0.7916155061530357,1.8346654476708923,,,0.46729779069244165,0.026903850255549557,0.025579946033528426,0.16588342889695903,0.17111166574342473,0.11203197260984854,0.18210932159690862,,0.15693980726512857,0.08546206136382928,0.15116435010174745,
temporal,TT_mean,W2,dev,040514,Pers,151.0,0.8038076488978895,1.0140710648793752,1.02834012462559,0.20567227953652545,,,,,,,,,0.20567227953652545,1.0414579872759762,4.092195387771254e-05,-0.9991978226601033,-0.9866668646598522,,,,-1.0206337580107299,,,
temporal,TT_mean,W2,dev,040514,Ridge_L,151.0,0.5511825538709991,0.6940874013020375,0.4817573206462157,0.27877321031442986,0.4151921801796458,0.4512617450567997,0.3443708609271523,0.7549668874172185,0.682941732215646,1.665465166250317,,,0.27877321031442986,0.0035051685273777148,0.010794578212071092,0.06341475604956454,0.06928526582231997,0.030973447363555007,0.04382133622737849,,0.05337243781966616,0.001978090881790906,0.007644225672094218,
temporal,TT_mean,W2,dev,040514,Ridge_LG,151.0,0.50829292327204,0.6598887692104317,0.4354531877300585,0.43137129590444034,0.38947352126671797,0.39904971175525117,0.37748344370860926,0.7615894039735099,0.6607082947977176,1.6112452909683748,,,0.43137129590444034,0.028362893942959197,0.004283599698476968,0.15343470128884007,0.15874096667307513,0.09099881531254617,0.15445343119665722,,0.14435760106015405,0.06379954680886146,0.1224620964616312,
temporal,TT_mean,W2,dev,040514,Ridge_LG@EC,151.0,0.48891941089551433,0.6399427436782648,0.4095267151864652,0.5185744935171283,0.37388058448419376,0.37437723176248316,0.3973509933774834,0.7814569536423841,0.661285138174469,1.6126520179335648,,,0.5185744935171283,0.03989115761402598,0.02518994611364865,0.20383840159887145,0.2088287369413252,0.1273915281264283,0.20673195737323857,,0.19530174336598582,0.1012812077826325,0.17671858564116782,
temporal,TT_mean,W2,dev,150701,Chronos,145.0,0.4517228553720185,0.5608808067048396,0.31458727932987174,0.5527406945774322,0.4005984117117297,0.5091611613925152,0.13793103448275862,0.2689655172413793,0.18101005588743888,0.4276291968007692,,,0.5527406945774322,0.0010018974091743267,0.04590756076582563,0.25861281726694224,0.5066120774373819,0.023420279087948637,-0.08379949888367011,,0.10789726614582895,-0.12908070718507547,-0.22700625478830871,
temporal,TT_mean,W2,dev,150701,Chronos@abs,145.0,0.43440204368712043,0.564187844840493,0.31830792426576016,0.5768081843187317,0.3345217309153553,0.33005088915311154,0.5586206896551724,0.9241379310344827,0.8419647357733966,2.0900162501875403,,,0.5768081843187317,0.05367381433121629,0.029189486031628034,0.24984438113422763,0.5007767452541432,0.1845021621018862,0.2974542926802459,,0.09734630704132452,0.05715544178822407,0.20462412277924402,
temporal,TT_mean,W2,dev,150701,ChronosBolt,145.0,0.4439633467535063,0.5684153990128276,0.32309606583491196,0.5410502143744652,0.341797419975732,0.31810090773547733,0.593103448275862,0.9586206896551724,0.9569829677713328,2.346669174039366,,,0.5410502143744652,0.048193686991082015,0.005981469563290761,0.238560177920282,0.4932671878849708,0.1667654707314309,0.3228910008468314,,0.08376815412611371,0.03664901962232636,0.23342188477652592,
temporal,TT_mean,W2,dev,150701,Clim,145.0,0.6553079247087914,0.7985025760546828,0.6376063639659645,,0.4102055399405603,0.4697927632527593,0.42758620689655175,0.8413793103448276,0.8975130801565562,2.085044123293221,,,0.0,0.0,0.5026455833826482,-0.5026455833826482,0.0,0.0,0.0,,-0.8081162773921577,-0.1561582562154782,-0.13213399346663657,
temporal,TT_mean,W2,dev,150701,Damp,145.0,0.48104352774741416,0.5938313802661884,0.35263570818884654,0.5288527065947423,0.35480051086026115,0.4149621563912557,0.46206896551724136,0.8689655172413793,0.7791822701149266,1.9001634661073734,,,0.5288527065947423,0.00034181543487453957,0.11039920522342472,0.1689441646142853,0.4469382237727001,0.1350665061430606,0.11671232754175787,,0.0,0.0,0.0,
temporal,TT_mean,W2,dev,150701,Ensemble,145.0,0.4410976815379812,0.5379892692505304,0.2894324538287197,0.5834524868618722,0.33077801911142063,0.3757585570287954,0.3448275862068966,0.7379310344827587,0.5188164911349799,1.2831852635472247,,,0.5834524868618722,0.01819496186945607,0.004326700681986901,0.3178951418738602,0.5460640448623727,0.1936285912682918,0.20016103605531987,,0.17923101062209978,0.0677070382187297,0.09447511961909227,
temporal,TT_mean,W2,dev,150701,GBM_L,145.0,0.5162323903006538,0.6494210571461332,0.4217477094648011,0.38678952514939074,0.38386545906771147,0.44657038713881425,0.32413793103448274,0.7379310344827587,0.5469662104109076,1.4350005531856724,,,0.38678952514939074,0.04481140645955565,0.0987266744399392,0.006068055865796326,0.3385453262393816,0.06421190917281505,0.04943110650142324,,-0.1959869623836934,-0.08191912727796957,-0.07617135746170556,
temporal,TT_mean,W2,dev,150701,GBM_LG,145.0,0.48960341317477457,0.6183930308556876,0.3824099406108835,0.34563209651934224,0.3688874691915012,0.4266603457305072,0.3310344827586207,0.7379310344827587,0.4779881245037902,1.3926797211687596,,,0.34563209651934224,0.013844028523579254,0.00684222423496414,0.09877529338581251,0.400241336626156,0.10072528702329597,0.09181158352378849,,-0.0844334017532109,-0.039703884013820634,-0.028190978765354258,
temporal,TT_mean,W2,dev,150701,GBM_LG@EC,145.0,0.4443773078377523,0.5505869616060839,0.3031460022906193,0.5449316482978896,0.33544278189560345,0.38578739991390415,0.3448275862068966,0.7793103448275862,0.5274003492298064,1.4639612581907728,,,0.5449316482978896,0.0006942865069068259,0.010679763892173772,0.2855764509175743,0.5245561847829969,0.18225682192344383,0.17881365978738661,,0.14034229872070736,0.05455947320290566,0.070307029274842,
temporal,TT_mean,W2,dev,150701,LSTM_LG,145.0,0.4647848479945167,0.5628296125607835,0.31677717277532164,0.509365100079366,0.34695893471718126,0.3963897036965826,0.45517241379310347,0.8137931034482758,0.7277616736575447,1.644303897177351,,,0.509365100079366,0.006000818602337788,8.66088013655647e-08,0.2534518999677233,0.5031775235037785,0.1541827183332133,0.15624561572202034,,0.10168719327289921,0.022101366551211976,0.04475697942238788,
temporal,TT_mean,W2,dev,150701,Pers,145.0,0.5502020333702121,0.6981803893230045,0.4874558560352221,0.5090517162633309,,,,,,,,,0.5090517162633309,0.40778257420927483,0.000137271244149775,-0.14878619562278186,0.23549091793374477,,,,-0.3823213154981331,,,
temporal,TT_mean,W2,dev,150701,Ridge_L,145.0,0.4591278760040682,0.6019729678916069,0.36237145407222965,0.4961668446542594,0.3502180919961041,0.3754436643628917,0.42758620689655175,0.8206896551724138,0.6816619583116474,1.6623442281713527,,,0.4961668446542594,0.02338531269421112,0.07679627237111501,0.14599995266883786,0.4316690131223767,0.14623753729203304,0.2008313159968912,,-0.027608508319779457,0.012915479893324755,0.09523396632608383,
temporal,TT_mean,W2,dev,150701,Ridge_LG,145.0,0.4315254542168417,0.5222228589042504,0.2727167143621286,0.5980549587367728,0.313893618632709,0.33093459355377314,0.3931034482758621,0.8344827586206897,0.6235765742424719,1.5206935143957645,,,0.5980549587367728,0.0003556252699998321,2.5018312636014316e-05,0.3572890900870072,0.5722804385674447,0.23478942122967705,0.2955732411405352,,0.2266332988147618,0.11529547161126674,0.20249452038767468,
temporal,TT_mean,W2,dev,150701,Ridge_LG@EC,145.0,0.4277593662093509,0.5199512922028021,0.27034934626336365,0.6029854642398259,0.31245511200172754,0.32794686677354706,0.38620689655172413,0.8482758620689655,0.6186582612127837,1.5086994032713992,,,0.6029854642398259,0.00037286366466580826,0.0003503448896321245,0.3628682615302204,0.5759933376734694,0.2382962159726001,0.30193291079474516,,0.23334665212467998,0.11934988130615021,0.2096945185904241,
temporal,TT_mean,W2,dev,151007,Chronos,151.0,0.4749612677381369,0.6243724725317402,0.38984098445539866,0.368909965280255,0.42545204279668075,0.4700089113052621,0.1390728476821192,0.31125827814569534,0.1731644513151787,0.4183022672852458,,,0.368909965280255,0.0033621598622430937,0.0691207046309515,0.06361169798988435,0.21668869741750618,-0.0038477375650327605,-0.033903731068727794,,0.12922432327565525,-0.07347026928510325,-0.09089469913770243,
temporal,TT_mean,W2,dev,151007,Chronos@abs,151.0,0.5207256496197935,0.6492840920734099,0.4215698322195922,0.29340393559204336,0.3882143651643611,0.4007535168012335,0.5099337748344371,0.8874172185430463,0.8906641826386033,2.1488519495573377,,,0.29340393559204336,0.08743737299271552,0.011248697821212742,-0.012600201393028327,0.15293561330724492,0.084014006375974,0.11844106293847934,,0.0583525832964783,0.020485184713318505,0.06984766325990455,
temporal,TT_mean,W2,dev,151007,ChronosBolt,151.0,0.5453133807332456,0.6825995084202343,0.4659420888955455,0.18808108644567717,0.407480430807119,0.4174435161085314,0.5894039735099338,0.9536423841059603,1.1153482506606753,2.7091089931196524,,,0.18808108644567717,0.1382779739452799,0.0162777741394614,-0.11918125300615502,0.06377800402221534,0.03855601237944628,0.08172717913693928,,-0.04076034575782983,-0.02812557888214351,0.031110032259716758,
temporal,TT_mean,W2,dev,151007,Clim,151.0,0.5546191112297929,0.7054667525012962,0.49768333888472505,,0.42382128969944366,0.45459639730618084,0.46357615894039733,0.847682119205298,0.8817541088212717,2.2733610198580747,,,0.0,0.0,0.19542294222353626,-0.19542294222353626,0.0,0.0,0.0,,-0.11165978820105149,-0.06935566930593406,-0.055122122453378,
temporal,TT_mean,W2,dev,151007,Damp,151.0,0.5296959058043743,0.6690993420517285,0.4476939295340559,0.2583096646345196,0.39633332656713277,0.43084718596284366,0.48344370860927155,0.8675496688741722,0.8497469489351829,2.072246982165913,,,0.2583096646345196,0.03811758191481151,0.10395593119474696,-0.07534963026596048,0.10044420908823681,0.06485743826555801,0.05224240993564577,,0.0,0.0,0.0,
temporal,TT_mean,W2,dev,151007,Ensemble,151.0,0.4777410807310463,0.5889339485124337,0.34684319571044603,0.4141963596611712,0.3628604139711836,0.3782387371245893,0.2847682119205298,0.7086092715231788,0.50839898822795,1.257199957965455,,,0.4141963596611712,0.0028136234210308433,0.001853688952981488,0.16689131198255394,0.3030845748469331,0.1438362753591046,0.167968027538421,,0.22526714608029585,0.08445646720117372,0.12210465926726821,
temporal,TT_mean,W2,dev,151007,GBM_L,151.0,0.5200217461488722,0.6635671315304856,0.44032133804759677,0.2642583646334547,0.39377947488237486,0.4164960902129371,0.3443708609271523,0.7947019867549668,0.5998729087194928,1.5613345827655314,,,0.2642583646334547,0.0802162856342218,0.047257047411012144,-0.05764084976648604,0.11525802926349249,0.07088321315423585,0.08381128253328929,,0.016467928198473203,0.006443696539168875,0.03330901585868595,
temporal,TT_mean,W2,dev,151007,GBM_LG,151.0,0.5254984627035765,0.6450473658444387,0.41608610418284914,0.22033749357803345,0.39013897026765826,0.4297126243971538,0.2582781456953642,0.7284768211920529,0.5059357787740878,1.3865867253654722,,,0.22033749357803345,0.04754907982166763,0.00042795494911023705,0.0005715763054720606,0.16395412168052448,0.07947292939359285,0.054738165670651484,,0.07060141598100977,0.015629158297454704,0.002633327088244486,
temporal,TT_mean,W2,dev,151007,GBM_LG@EC,151.0,0.4915620791905613,0.6143203514842581,0.3773894942477425,0.35494142726813893,0.3703680918920771,0.39718024260410273,0.33112582781456956,0.7880794701986755,0.5374858627311987,1.4596725505770227,,,0.35494142726813893,0.028721588668399026,0.003741961833596244,0.09351986628914828,0.24170759846321754,0.12612202148993812,0.1263013852338276,,0.1570368295131538,0.06551362939865613,0.07814126320334003,
temporal,TT_mean,W2,dev,151007,LSTM_LG,151.0,0.4905576866704541,0.5954399327852626,0.35454871355531803,0.3854550892688479,0.3673977579444369,0.3861709217711468,0.3443708609271523,0.7549668874172185,0.6291095048978629,1.461881296129416,,,0.3854550892688479,8.311316065702675e-06,0.00018446383673961499,0.14838285069045018,0.2876018024838085,0.13313048005450578,0.15051917687976735,,0.20805557063433966,0.07300816429777224,0.10369399092593767,
temporal,TT_mean,W2,dev,151007,Pers,151.0,0.7249473030332884,0.8811368030773262,0.7764020657373307,0.2623903393555332,,,,,,,,,0.2623903393555332,0.9336716298858717,7.541886800651511e-05,-0.8648983585667664,-0.5600322636421697,,,,-0.7342251357872613,,,
temporal,TT_mean,W2,dev,151007,Ridge_L,151.0,0.5000357629582094,0.6429006911445486,0.4133212986741383,0.31904928700687074,0.38275705760455875,0.40928954305025855,0.41721854304635764,0.8211920529801324,0.7262796610184826,1.7711517971791322,,,0.31904928700687074,0.03182570534375929,0.0627541721546552,0.00721257004117809,0.16950947242806313,0.0968904420162704,0.0996639096226869,,0.07677707601640116,0.034254674165722476,0.05003547339971304,
temporal,TT_mean,W2,dev,151007,Ridge_LG,151.0,0.48270545047289404,0.5899534535680164,0.34804507737682977,0.41027572113005,0.36102703055618734,0.3879961532286334,0.36423841059602646,0.8211920529801324,0.6637376553662314,1.6186328824199965,,,0.41027572113005,0.003866196344961902,0.00045554874727741417,0.16400442225654324,0.30066962226066185,0.14816211613104036,0.14650411765733973,,0.22258254039972603,0.08908232955515805,0.09945761311739376,
temporal,TT_mean,W2,dev,151007,Ridge_LG@EC,151.0,0.4736223876561078,0.5858418487049949,0.3432106716940861,0.4531678493679421,0.359669558158888,0.4009202695848924,0.39072847682119205,0.7947019867549668,0.6388360625887076,1.557906273693703,,,0.4531678493679421,0.016956674867730906,0.012787880944856354,0.17561654388817857,0.31038344087789205,0.15136505196812866,0.11807424792488264,,0.23338100194637956,0.09250740715097161,0.06946062862421065,
temporal,TT_mean,W2,dev,230201,Chronos,151.0,0.6101348503834261,0.7624629503481289,0.5813497506535734,0.25045551766732693,0.5342934379958758,0.5258106394078698,0.12582781456953643,0.31125827814569534,0.2640327197449075,0.6205542978932015,,,0.25045551766732693,0.0035122267662704124,0.03831277525712528,0.020902964306613016,0.13769365016611723,-0.08551103489955159,-0.17869772834765318,,0.12948170245735002,-0.10511422585297248,-0.18078644281075484,
temporal,TT_mean,W2,dev,230201,Chronos@abs,151.0,0.6546217065742601,0.8178987778252792,0.6689584107680855,0.1816206031011012,0.4905234017936419,0.43693914134601153,0.5629139072847682,0.9536423841059603,1.2953141217200173,3.133355584343086,,,0.1816206031011012,0.14172050294551064,0.01791124089559265,-0.12664570037029554,0.007745191717048683,0.0034154873382987727,0.02052348368093948,,-0.001704285955198559,-0.01458178387759168,0.01878779969962574,
temporal,TT_mean,W2,dev,230201,ChronosBolt,151.0,0.6759344890236684,0.8287882688612584,0.6868899946020416,0.13238258333106515,0.5113172647191132,0.4330061491543302,0.6490066225165563,0.9668874172185431,1.5903190382269046,3.8551831302955906,,,0.13238258333106515,0.1445307796953062,0.02984006578882699,-0.1568456971147268,-0.01885242630070305,-0.03883090024312974,0.029339982653201258,,-0.028555199392126696,-0.05759109691645481,0.027619921972479644,
temporal,TT_mean,W2,dev,230201,Clim,151.0,0.6432456847199711,0.8210846878491783,0.6741800646203826,,0.4922045200998965,0.44609455567965894,0.543046357615894,0.8807947019867549,1.1787311282430721,2.968524397625839,,,0.0,0.0,0.1354399000795986,-0.1354399000795986,0.0,0.0,0.0,,-0.009523236968334015,-0.018058951335519824,-0.0017720526754807508,
temporal,TT_mean,W2,dev,230201,Damp,151.0,0.6523063815011028,0.8172027007349189,0.6678202540884454,0.031639510158540635,0.48347349576781196,0.44530545096387225,0.5033112582781457,0.9403973509933775,1.2007362674036888,2.928191868911617,,,0.031639510158540635,0.03984910577878987,0.0858807936277897,-0.12472884080350718,0.00943340046033303,0.01773861062940363,0.0017689180595007459,,0.0,0.0,0.0,
temporal,TT_mean,W2,dev,230201,Ensemble,151.0,0.5820137759729825,0.7240339810431895,0.5242252057052497,0.34940632281038797,0.43613763171764264,0.4029615357311262,0.3576158940397351,0.7417218543046358,0.6843017497784347,1.6268647195196893,,,0.34940632281038797,0.003939723449517155,0.0010341322680336206,0.11711092270232627,0.2224255310776203,0.1139097389249385,0.09669030791648259,,0.21502050514954607,0.09790787802130596,0.09508959555983831,
temporal,TT_mean,W2,dev,230201,GBM_L,151.0,0.6286693202219076,0.8013313910007486,0.6421319982031946,0.1229551769936822,0.4739798554489447,0.4385243865743015,0.3708609271523179,0.7417218543046358,0.8065038288976758,1.8144040320880186,,,0.1229551769936822,0.0774509502150738,0.019132245295095534,-0.08146521996062162,0.047536360238171316,0.03702660968504101,0.0169698755767681,,0.038465823292997525,0.019636320091942716,0.015227894414705734,
temporal,TT_mean,W2,dev,230201,GBM_LG,151.0,0.6335727486569555,0.782763868141789,0.6127192732682961,0.16518890180328716,0.4647326539882714,0.42780114111599166,0.31788079470198677,0.7086092715231788,0.6818049642536783,1.6072480840194587,,,0.16518890180328716,0.05690651956949668,0.0023097803061692987,-0.03192892659668993,0.09116376258721604,0.05581392488238335,0.04100793056260432,,0.08250869973292507,0.038762914500158785,0.039308546100192965,
temporal,TT_mean,W2,dev,230201,GBM_LG@EC,151.0,0.6046425181955892,0.7677739477248003,0.5894768348049245,0.26260024264005594,0.4447669833428488,0.41312872242048887,0.3576158940397351,0.7417218543046358,0.6966341495818809,1.6887718916074845,,,0.26260024264005594,0.04946771976187675,0.012275667741010996,0.0072154999317285105,0.12563888234095566,0.09637769427111309,0.07389875720169714,,0.11731213422159126,0.08005922302626489,0.07225765701663034,
temporal,TT_mean,W2,dev,230201,LSTM_LG,151.0,0.5695021846063149,0.7118713052300655,0.5067607552099571,0.39107286725898244,0.4250327975321646,0.3935110389569924,0.4304635761589404,0.8344370860927153,0.8724177173085955,2.0407487463872163,,,0.39107286725898244,0.003937398536147408,0.0024764056776022487,0.14652418329241204,0.24833025803676945,0.13647116152874605,0.11787527118001151,,0.24117192896212725,0.12087673625797579,0.11631209969419831,
temporal,TT_mean,W2,dev,230201,Pers,151.0,1.010384247173882,1.2214297291554455,1.4918905832647447,0.0874181266789145,,,,,,,,,0.0874181266789145,1.5201699709893148,8.273308512372725e-05,-1.5126107752023876,-1.2128963188859623,,,,-1.2339702549170668,,,
temporal,TT_mean,W2,dev,230201,Ridge_L,151.0,0.6327888261984417,0.803391693850748,0.6454382137483741,0.15799346104842754,0.47229877945544096,0.43513496974239885,0.4304635761589404,0.8410596026490066,0.9048578629614011,2.206643964018387,,,0.15799346104842754,0.05479817925956622,0.05719723319158665,-0.08703347871709188,0.042632306086049176,0.040442011057548855,0.02456785405184403,,0.033515066671079285,0.023113400031627984,0.02283933690786666,
temporal,TT_mean,W2,dev,230201,Ridge_LG,151.0,0.5819654719019047,0.7301759917171334,0.5331569788800993,0.32691127210162535,0.43451338081221663,0.3985322604985046,0.46357615894039733,0.8013245033112583,0.8418798650333241,2.053061810751646,,,0.32691127210162535,0.001897214966137625,0.0029055468801072524,0.10206821798085806,0.209177181499264,0.11720969014256732,0.10661931327247332,,0.20164598839871584,0.10126742289738344,0.10503619563633493,
temporal,TT_mean,W2,dev,230201,Ridge_LG@EC,151.0,0.5676881024652153,0.713642281219021,0.5092853055434882,0.3854635492441368,0.42594628486576563,0.3887644658960313,0.45695364238410596,0.8344370860927153,0.8377588087089219,2.0430119405611387,,,0.3854635492441368,0.006073513870082075,0.00023624526345903678,0.14227238866234598,0.24458563480328266,0.1346152514419886,0.12851555584730445,,0.2373916447942308,0.11898731038127841,0.12697123950640377,
temporal,TT_mean,W3_4,blind,040114,CFS_BC,96.0,0.6436604560179954,0.7968114595457287,0.6349085020633946,0.7583448061347475,0.4950778193152077,0.28889153108144233,0.3854166666666667,0.6979166666666666,0.738132328304976,1.8000564658523537,,,0.7583448061347475,0.15178736625059608,0.015141524595808314,0.40815795414514344,0.45704981074355977,0.30789697649197767,0.4538029032223717,,0.23398116621531395,0.15386406986669054,0.28450261247886344,
temporal,TT_mean,W3_4,blind,040114,Chronos,96.0,0.7199001648428922,0.8506037544450685,0.7235267470760465,0.6700302739952912,0.6396107523282913,0.4128302828507609,0.14583333333333334,0.25,0.2771119645778007,0.675713706136715,,,0.6700302739952912,0.04017079661314955,0.08321900127291355,0.32555077018414197,0.3812667762672176,0.10584453941612237,0.2194762473275651,,0.12706301269236864,-0.09315670734986647,-0.02245637926319155,
temporal,TT_mean,W3_4,blind,040114,Chronos@abs,96.0,0.6386379821739067,0.7890033785838797,0.622526331416777,0.6855845376273582,0.47237363704180835,0.2732110116691122,0.5104166666666666,0.9375,1.13471176865555,2.777613214225996,,,0.6855845376273582,0.050239730404831,8.619761750495521e-05,0.41970023021138253,0.4676385835732473,0.3396367001972975,0.48344951192328733,,0.24892028876229444,0.19266771575086983,0.3233385403875073,
temporal,TT_mean,W3_4,blind,040114,ChronosBolt,96.0,0.6990274841979661,0.8831298665104909,0.7799183611228374,0.7040930367569844,0.5434972861737379,0.27328365443936925,0.6354166666666666,0.9375,1.531862196822961,3.8818836198653095,,,0.7040930367569844,0.15183611873754616,0.07092663195145016,0.2729842537206759,0.33304276064972926,0.24020810395111525,0.48331216878253225,,0.05902637704018798,0.07111051269143598,0.3231586261056777,
temporal,TT_mean,W3_4,blind,040114,Clim,96.0,0.9448357457123194,1.0813731373339728,1.1693678621475192,,0.7153238788147979,0.528914439102297,0.17708333333333334,0.59375,0.8263821218859168,2.0384169553877407,,,0.0,0.0,0.09004851193692892,-0.09004851193692892,0.0,0.0,0.0,,-0.41084550469304393,-0.22255777159381496,-0.3099619015595665,
temporal,TT_mean,W3_4,blind,040114,Damp,96.0,0.7688620273955147,0.9104075435452651,0.8288418953441238,0.5885589968393866,0.5851043569763168,0.4037632227873203,0.2708333333333333,0.625,0.7864999070654003,1.9180087212226848,,,0.5885589968393866,0.06719951858509653,0.05182292415199958,0.22737925002348897,0.2912051697555864,0.182042744126253,0.23661902013374847,,0.0,0.0,0.0,
temporal,TT_mean,W3_4,blind,040114,Ensemble,96.0,0.5500321851767712,0.6671076306179756,0.4450325908287294,0.8755036232625593,0.42168550481770267,0.19177733430680513,0.25,0.6145833333333334,0.5018619011553113,1.273306126124898,,,0.8755036232625593,0.15114271185132014,0.030209483352266905,0.5851543991422823,0.6194246436605189,0.4104970946637727,0.6374133127613224,,0.4630669693114897,0.2792986417040624,0.5250252537046382,
temporal,TT_mean,W3_4,blind,040114,GBM_L,96.0,0.8242818872141845,0.9625733176787161,0.9265473919070105,0.5660303306572205,0.6064922969412669,0.3856565397334754,0.10416666666666667,0.5104166666666666,0.49253029989570535,1.2617128367111776,,,0.5660303306572205,0.08171827969053166,0.10237084398176625,0.1363012115516245,0.20765105498501912,0.15214308524671538,0.2708526914333571,,-0.11788194722266154,-0.03655406033118269,0.04484480515300049,
temporal,TT_mean,W3_4,blind,040114,GBM_LG,96.0,0.5968251202920517,0.7536191897411502,0.5679418831461077,0.758091748557008,0.47038052848889483,0.22621394944849663,0.17708333333333334,0.5208333333333334,0.3967364688243736,1.0829997016443553,,,0.758091748557008,0.0811133154425603,0.02300762109091792,0.4705821626967437,0.5143171780836404,0.3424230024751075,0.5723052109667501,,0.314776573992672,0.19607413125461592,0.4397361208708863,
temporal,TT_mean,W3_4,blind,040114,GBM_LG@EC,96.0,0.532141854165537,0.6653318635458664,0.4426664886494154,0.8154122255613161,0.4545909912187538,0.2405153594862001,0.22916666666666666,0.3645833333333333,0.40525176840625216,0.9170579642882081,,,0.8154122255613161,0.048066267918380284,0.029470823348348715,0.5873600063281296,0.621448046437271,0.36449627269265195,0.5452660360446651,,0.4659216780232539,0.22305997930356514,0.4043158318733502,
temporal,TT_mean,W3_4,blind,040114,LSTM_LG,96.0,0.5325815219434711,0.648648926854691,0.42074543030974226,0.8925201239619354,0.3936360353016158,0.1836622600405258,0.3333333333333333,0.71875,0.6472076983385099,1.655670520849526,,,0.8925201239619354,0.1601966089188555,0.02860142462539343,0.6077941381327796,0.6401941220301264,0.4497093596905761,0.6527561993727236,,0.49236949450406997,0.3272379010543772,0.5451238506255218,
temporal,TT_mean,W3_4,blind,040114,Pers,96.0,0.8557287761311105,1.0319740500152297,1.0649704399048356,0.6370229885537841,,,,,,,,,0.6370229885537841,0.39851106408215187,1.9691423853362112e-05,0.007267532439989367,0.08927680127189397,,,,-0.2848897309452181,,,
temporal,TT_mean,W3_4,blind,040114,Ridge_L,96.0,0.6138677091330177,0.7499771230627102,0.5624656851174196,0.7937756606880836,0.46312479258033346,0.2696114643192273,0.3645833333333333,0.71875,0.7448550784771156,1.8164509922152068,,,0.7937756606880836,0.12658518040207886,0.02780771416861645,0.4756869049301083,0.5190002194138778,0.3525662901849812,0.49025504999102154,,0.3213836218017291,0.20847488647383405,0.3322535359758525,
temporal,TT_mean,W3_4,blind,040114,Ridge_LG,96.0,0.4274998262214648,0.5330738980190697,0.2841677807492455,0.9075128343768429,0.3195858710071015,0.16368431993809104,0.4375,0.8645833333333334,0.640133477774597,1.5610702329252655,,,0.9075128343768429,0.0779518645514213,0.010520086043872282,0.7351075939633975,0.7569902594831216,0.5532291309265178,0.6905277908164028,,0.6571507999951391,0.4537968018924916,0.5946031963780152,
temporal,TT_mean,W3_4,blind,040114,Ridge_LG@EC,96.0,0.4348844541272446,0.537400210542263,0.28879898629086853,0.8972748103297833,0.32273419133548065,0.1614104153273895,0.3958333333333333,0.875,0.6472325273134748,1.578382426869145,,,0.8972748103297833,0.060898818131036786,0.013412739559798043,0.7307905275615137,0.7530298243698135,0.5488278793793229,0.6948269825997864,,0.6515632379188998,0.44841601760872907,0.6002349738217455,
temporal,TT_mean,W3_4,blind,040514,CFS_BC,96.0,0.8495165721010535,1.0359037123453076,1.07309650125079,0.6255295201182126,0.6794989910432946,0.3779440021720019,0.21875,0.5520833333333334,0.6514259669958005,1.5886088157223017,,,0.6255295201182126,0.17827394786378803,0.09919030390582612,0.11382292876970723,0.23269512082395682,0.13816424570275143,0.22745332474480906,,0.03799444974142829,0.024625186172374858,0.05146170322864363,
temporal,TT_mean,W3_4,blind,040514,Chronos,96.0,0.693376075760748,0.886469734875778,0.785828590850732,0.6383879778456678,0.6115542211996375,0.3971291222208683,0.14583333333333334,0.3125,0.3037802575175495,0.7256014936190693,,,0.6383879778456678,0.007691510951066413,0.04879518754988725,0.3510525117569272,0.4381026205443913,0.2243413154859648,0.18823746042907308,,0.29552331494033945,0.12215530484858539,0.0033121863956607767,
temporal,TT_mean,W3_4,blind,040514,Chronos@abs,96.0,0.6432219913379958,0.8531639037907373,0.7278886467314504,0.6919371437469763,0.5141158241294326,0.352198441838953,0.34375,0.65625,0.5907366606352561,1.4577338920960177,,,0.6919371437469763,0.07057296625225772,0.009303972181651412,0.39890007246281467,0.47953188787504875,0.3479263325992049,0.28007923473035,,0.347465100007621,0.2620215293091863,0.11607616941250065,
temporal,TT_mean,W3_4,blind,040514,ChronosBolt,96.0,0.9424556195590457,1.1865122864351918,1.4078114058616669,0.5562096899172589,0.7145831270370455,0.38791406969189296,0.5729166666666666,0.9375,1.8520243919144075,4.808110536273024,,,0.5562096899172589,0.43900261777887656,0.03295560156389704,-0.16258900018492023,-0.0066387873022120125,0.09366563245004234,0.20707373816505892,,-0.2620695199151821,-0.025735716587269808,0.026439502030411677,
temporal,TT_mean,W3_4,blind,040514,Clim,96.0,0.9628320498682327,1.1825932873759697,1.3985268833467028,,0.7884321202215222,0.4892183401697481,0.28125,0.46875,0.6435708277065944,1.5012032863473879,,,0.0,0.0,0.15492172053160708,-0.15492172053160708,0.0,0.0,0.0,,-0.2537461657895417,-0.1317409482772709,-0.22780710493386191,
temporal,TT_mean,W3_4,blind,040514,Damp,96.0,0.8550098258209048,1.056162152693637,1.1154784927824573,0.6031022847755068,0.6966542311839725,0.39844885911138356,0.25,0.5208333333333334,0.62183637476855,1.5164497532234293,,,0.6031022847755068,0.18898822885422076,0.09592080904469287,0.0788233280025228,0.2023903822906179,0.11640556832180204,0.18553981648944207,,0.0,0.0,0.0,
temporal,TT_mean,W3_4,blind,040514,Ensemble,96.0,0.6880491561576157,0.8519524608596187,0.7258229955647603,0.8025205472833488,0.5526284945863121,0.26816360669577616,0.20833333333333334,0.4479166666666667,0.4577948258645252,1.1603806610155456,,,0.8025205472833488,0.18866997127814913,0.05476334342586883,0.40060591410794766,0.4810089071524666,0.2990791719253617,0.45185291581110953,,0.34931690726348086,0.2067391973675189,0.3269811154841006,
temporal,TT_mean,W3_4,blind,040514,GBM_L,96.0,0.8557153694766151,1.0432524269988255,1.0883756264389397,0.4746330767837149,0.6559676843093429,0.372897873741445,0.17708333333333334,0.4270833333333333,0.4741218245994876,1.282438782832101,,,0.4746330767837149,0.032842742704670844,0.09122858674240794,0.10120522813009705,0.22176996423948958,0.1680099434241229,0.2377680002510585,,0.024297076563002062,0.05840278441355662,0.06412613510030396,
temporal,TT_mean,W3_4,blind,040514,GBM_LG,96.0,0.8038196393309168,0.9724100696073007,0.9455813434736754,0.643927516154395,0.6425995477631824,0.32553664998374393,0.15625,0.375,0.3889530320735661,1.0747340730174593,,,0.643927516154395,0.11726287981365088,0.07825315889428279,0.219126607352835,0.3238733164636204,0.18496528580972305,0.3345779925773228,,0.15230876292826523,0.07759183968340155,0.182990131507084,
temporal,TT_mean,W3_4,blind,040514,GBM_LG@EC,96.0,0.7589012786634953,0.9255684601709525,0.8566769744632281,0.693819442989378,0.6135626881345865,0.3613565988304382,0.11458333333333333,0.3958333333333333,0.3706419464301856,0.9111660732878076,,,0.693819442989378,0.07342958807927721,0.11541083784677927,0.2925449935440343,0.38744332721500285,0.2217938965218762,0.2613592558589374,,0.23200942016701098,0.11927228649450816,0.09309164634996858,
temporal,TT_mean,W3_4,blind,040514,LSTM_LG,96.0,0.6712123732014259,0.8256317231846126,0.6816677423287928,0.7960971241961506,0.518479637783488,0.26587915239541027,0.23958333333333334,0.6041666666666666,0.5932063401851337,1.5064592687413096,,,0.7960971241961506,0.15588756007323312,0.04081317358722739,0.43706989749292074,0.5125815953587189,0.34239153316354853,0.4565225165042749,,0.38890104404573855,0.2557575701473521,0.33271448439237317,
temporal,TT_mean,W3_4,blind,040514,Pers,96.0,0.8059526702831072,1.0464852082235814,1.0951312910307527,0.6436437314405202,,,,,,,,,0.6436437314405202,0.31839160189565885,0.0002593388308727328,0.09562631229614496,0.2169394066919318,,,,0.01824078355912573,,,
temporal,TT_mean,W3_4,blind,040514,Ridge_L,96.0,0.7727306525879346,0.9600315405290558,0.9216605588105921,0.6997664641302626,0.6355252670394176,0.33334994604618223,0.2604166666666667,0.53125,0.5528643833206578,1.3482502659396332,,,0.6997664641302626,0.17571174715076318,0.07508065419864186,0.23888070297196495,0.34097758878610906,0.19393787906451987,0.318607013117053,,0.17375317877120566,0.08774649088209152,0.1633808494530119,
temporal,TT_mean,W3_4,blind,040514,Ridge_LG,96.0,0.6718532741249629,0.8318826143684949,0.6920286840885619,0.8134251180578863,0.54406218727756,0.2612180978088932,0.17708333333333334,0.5520833333333334,0.5123374670492709,1.2494187490449744,,,0.8134251180578863,0.17781989624684516,0.05532682963718086,0.4285136968034603,0.5051731272891062,0.3099441621877388,0.46605007138886845,,0.37961270560908733,0.21903555175008482,0.3444124839723244,
temporal,TT_mean,W3_4,blind,040514,Ridge_LG@EC,96.0,0.6841420958843848,0.8480358236333873,0.7191647581655575,0.8430073744203702,0.5612681845327461,0.2985826445411743,0.20833333333333334,0.4895833333333333,0.5050676049874151,1.231690000813138,,,0.8430073744203702,0.1717304737410021,0.13282658628918018,0.40610437329694404,0.48576980054571295,0.28812110752787556,0.38967405752291984,,0.3552858591009963,0.19433750717502452,0.25063747150118554,
temporal,TT_mean,W3_4,blind,150701,CFS_BC,96.0,0.4883422432605889,0.5837888084047299,0.3408093728186145,0.7285256611464654,0.3521185908003101,0.36704183065445156,0.375,0.8020833333333334,0.6606954874090635,1.6112140580554215,,,0.7285256611464654,0.06994154484246096,0.02030363336447267,0.440504460741961,0.44989008458535595,0.25217802782986065,0.27682048686845184,,0.045283198729422214,0.02867881009987705,0.03155548079735915,
temporal,TT_mean,W3_4,blind,150701,Chronos,96.0,0.4834761212381713,0.5965135914759307,0.3558284648155136,0.7291175263094838,0.43476023091073546,0.4283936179002345,0.09375,0.2604166666666667,0.1651952752639166,0.3930325144667828,,,0.7291175263094838,0.0288388990007844,0.08692535683173312,0.4158481113391433,0.42564734924128955,0.07666547068174556,0.15593956288481503,,0.0032098855729219,-0.19928863696081778,-0.13032198694391717,
temporal,TT_mean,W3_4,blind,150701,Chronos@abs,96.0,0.4358241572320281,0.5357948256802016,0.2870760952256776,0.7706641871254476,0.3194388093629344,0.27356355072155497,0.5208333333333334,0.8958333333333334,0.8135884125672636,2.0519595103249664,,,0.7706641871254476,0.02657642283109733,0.03863025103094662,0.5287166154556829,0.5366224668175021,0.3215826524168277,0.4609999763007875,,0.19580741254737855,0.11882617811950313,0.2781991064137843,
temporal,TT_mean,W3_4,blind,150701,ChronosBolt,96.0,0.5154067416597722,0.6169445252124304,0.38062054718959115,0.7312639245852625,0.37597140804667256,0.3298115812456297,0.5208333333333334,0.9583333333333334,0.9894393781820933,2.472028279854682,,,0.7312639245852625,0.06664550789496844,0.09295365446928235,0.37514776503558966,0.3856297575155617,0.2015199220069147,0.35017494238985913,,-0.06624072074480214,-0.03711932562919107,0.12978796542787785,
temporal,TT_mean,W3_4,blind,150701,Clim,96.0,0.6642488640814549,0.7871020229196958,0.6195295944842772,,0.470858845960999,0.5075390328261217,0.2708333333333333,0.8125,0.752046259059927,1.8985282236866468,,,0.0,0.0,0.017061360976052337,-0.017061360976052337,0.0,0.0,0.0,,-0.7355018961091844,-0.2988668774753982,-0.3391481666965839,
temporal,TT_mean,W3_4,blind,150701,Damp,96.0,0.488134900974231,0.5974732726306061,0.35697431150792663,0.6711174854387213,0.3625150922904472,0.37900140212126116,0.3854166666666667,0.8229166666666666,0.6747690133800311,1.6455346540379274,,,0.6711174854387213,0.01378967634385899,0.022641990410399486,0.4139670125073338,0.42379780613210705,0.23009815914029963,0.25325664114763047,,0.0,0.0,0.0,
temporal,TT_mean,W3_4,blind,150701,Ensemble,96.0,0.3606566290722924,0.42454540444854644,0.1802388004383799,0.8586920258076121,0.2627730285334992,0.2446088455352415,0.2916666666666667,0.7604166666666666,0.42184545761054487,1.073811684555919,,,0.8586920258076121,0.03198208106742024,0.0012620253370738965,0.7041078887810865,0.709071524519473,0.4419282322344549,0.5180491948113037,,0.4950930791713911,0.27513906559519086,0.3545964627936149,
temporal,TT_mean,W3_4,blind,150701,GBM_L,96.0,0.46445555606962524,0.5543310522321476,0.3072829154688,0.759564756263999,0.3585391899269479,0.3760496269815486,0.23958333333333334,0.6666666666666666,0.507715655432675,1.271985531111939,,,0.759564756263999,0.06351912008411441,0.017875755675930624,0.4955437431983431,0.504006074601496,0.23854209599654508,0.25907249953250433,,0.13920160201225906,0.010967549898071027,0.007788296093870772,
temporal,TT_mean,W3_4,blind,150701,GBM_LG,96.0,0.37266168297785723,0.4366732568636413,0.19068353325989965,0.8454576964656816,0.267539268791718,0.2654835272658888,0.2916666666666667,0.7395833333333334,0.42877714955706264,1.0781738740269924,,,0.8454576964656816,0.026833185205184264,0.0010044169069971121,0.6869611144008752,0.6922123899203997,0.4318057925710539,0.4769199803459431,,0.4658340191079393,0.26199136399715617,0.2995183506446566,
temporal,TT_mean,W3_4,blind,150701,GBM_LG@EC,96.0,0.2906586725724316,0.3600914531481369,0.12966585463033686,0.8887818191101061,0.23544061066034705,0.19749739850896367,0.3125,0.6770833333333334,0.3763666695103789,0.9353422529896611,,,0.8887818191101061,0.0007612698764540332,0.002040021367758305,0.7871318307364571,0.7907027270613662,0.49997623984354644,0.6108724930785284,,0.6367641859645197,0.3505356999820798,0.478900612494899,
temporal,TT_mean,W3_4,blind,150701,LSTM_LG,96.0,0.3703360901913326,0.4295551098657844,0.1845175924118061,0.8569052460809555,0.26115046872905884,0.26671680478768256,0.40625,0.9270833333333334,0.5853339777968358,1.5719889162573963,,,0.8569052460809555,0.036617226121523655,0.0005858379258439759,0.6970835367136954,0.7021650070398875,0.445374190228785,0.47449006374440306,,0.4831068049900591,0.2796149062951978,0.2962643322824786,
temporal,TT_mean,W3_4,blind,150701,Pers,96.0,0.5927147884305559,0.71464029307767,0.510710748490138,0.6632027653274749,,,,,,,,,0.6632027653274749,0.27796605010676906,0.0002888980323128195,0.16158295979892787,0.17564753477955264,,,,-0.4306652664523667,,,
temporal,TT_mean,W3_4,blind,150701,Ridge_L,96.0,0.4531182414007539,0.560607105668496,0.3142803269260083,0.7165029204235596,0.3513767087204296,0.3399764392545304,0.3229166666666667,0.6875,0.5181581616039025,1.2636134651778888,,,0.7165029204235596,0.004505125138812139,0.02481498690580744,0.4840563229308701,0.4927113575782791,0.25375362120831013,0.3301472058977515,,0.11959959920244934,0.030725296151514536,0.10296785882138959,
temporal,TT_mean,W3_4,blind,150701,Ridge_LG,96.0,0.334492974531962,0.4160365106191029,0.17308637816811892,0.8489749790134569,0.25643978178854554,0.21860010939034832,0.3854166666666667,0.7708333333333334,0.46256056278883423,1.1280296228298008,,,0.8489749790134569,0.0015044614605312508,0.0034042683278168975,0.7158497852025513,0.7206164488200062,0.4553786469378843,0.5692939946448636,,0.5151293171854032,0.2926093637417835,0.42322084254346004,
temporal,TT_mean,W3_4,blind,150701,Ridge_LG@EC,96.0,0.3330330093689788,0.4099605960236478,0.16806769029206456,0.8515632281756934,0.2532439543819462,0.21086824167770404,0.4479166666666667,0.7604166666666666,0.4641688113648723,1.1319516001460403,,,0.8515632281756934,0.00029521432890448765,0.0007759172115539019,0.7240888000405498,0.7287172529151392,0.4621658771959818,0.5845280302806866,,0.5291882780525159,0.301425072313825,0.4436214734365628,
temporal,TT_mean,W3_4,blind,151007,CFS_BC,94.0,0.30411170094073814,0.3847616071216759,0.1480414943148549,0.5120673134191408,0.22826828300538654,0.3706932480378918,0.5531914893617021,0.9361702127659575,0.6109489415230588,1.489898965703951,,,0.5120673134191408,0.045908134994586736,0.008354914844436808,0.20794988363327302,0.22677445296113852,0.15779340214163573,0.1592889318302012,,0.33481428109662037,0.16385291263617685,0.11363635844524433,
temporal,TT_mean,W3_4,blind,151007,Chronos,94.0,0.33691958373559633,0.4489714265031401,0.20157534181626452,0.37034171382871844,0.30106881978216454,0.5333652283048202,0.14893617021276595,0.39361702127659576,0.12668288489890364,0.3154643722952008,,,0.37034171382871844,0.019514132609107473,0.19610522211633186,-0.07846636972384693,-0.05283457632450328,-0.11080761239171522,-0.2096418081155298,,0.0942739447490708,-0.10281557053189161,-0.2753281818357254,
temporal,TT_mean,W3_4,blind,151007,Chronos@abs,94.0,0.3716703697601625,0.469403737514359,0.22033986879244924,0.2859874713724375,0.2812112996644924,0.4212747707446523,0.5638297872340425,0.9148936170212766,0.744614682208441,1.7588068621861537,,,0.2859874713724375,0.19386884154101117,0.06678014577415321,-0.1788601535331636,-0.1508423119477853,-0.03754235521267035,0.044572933603794995,,0.009960452614299564,-0.030077442439570223,-0.007308986254333183,
temporal,TT_mean,W3_4,blind,151007,ChronosBolt,94.0,0.428719367896531,0.513725551854181,0.2639139426278828,0.30820935968510715,0.31798153939245993,0.41562019955704266,0.6170212765957447,0.9680851063829787,0.9969655097799098,2.455622479947134,,,0.30820935968510715,0.2913998655281331,0.21558286970018678,-0.41198972583081606,-0.3784311189511611,-0.1732078891887472,0.05739717739118533,,-0.18582824678998233,-0.1647668896348431,0.006211643904994513,
temporal,TT_mean,W3_4,blind,151007,Clim,94.0,0.34528823753248994,0.43756102683921366,0.19145965220858707,,0.2710359709670369,0.44092823571941214,0.5425531914893617,0.9574468085106383,0.6697380250868833,1.8996084973463379,,,0.0,0.0,0.024345508758674386,-0.024345508758674386,0.0,0.0,0.0,,0.13972614918018467,0.007194802925968302,-0.054302334194720636,
temporal,TT_mean,W3_4,blind,151007,Damp,94.0,0.3611508733263173,0.47175908427435076,0.22255663359537398,0.11435348473670807,0.27300015326856336,0.4182180209780096,0.5638297872340425,0.9468085106382979,0.705772610468272,1.7211419987690886,,,0.11435348473670807,0.20074828789009214,0.0030486979040934203,-0.19072026632275704,-0.16242054672129091,-0.007246943254500149,0.051505467107019975,,0.0,0.0,0.0,
temporal,TT_mean,W3_4,blind,151007,Ensemble,94.0,0.3100520261730668,0.3864490613211197,0.14934287699597457,0.5136302276103609,0.23635314319244277,0.40349625918502874,0.3723404255319149,0.7659574468085106,0.38632560439363,0.9783454892619026,,,0.5136302276103609,0.05771750959094868,0.005111262043911285,0.20098723908021118,0.2199772888270375,0.12796392910818544,0.0848935801838816,,0.328966858532323,0.13423805678258782,0.03520116555129249,
temporal,TT_mean,W3_4,blind,151007,GBM_L,94.0,0.3584322794847176,0.45848570190364824,0.21020913885008097,0.33204693364279686,0.25177238801799623,0.40111032660346857,0.5106382978723404,0.8723404255319149,0.5142323071827801,1.3248755204234481,,,0.33204693364279686,0.16372201270156456,0.07119197736037071,-0.12465882392035132,-0.09792917946527524,0.0710738979785952,0.09030473870873168,,0.055480236853967524,0.07775733821542707,0.04090616261473956,
temporal,TT_mean,W3_4,blind,151007,GBM_LG,94.0,0.3374485592001781,0.41494797471815786,0.17218182172270097,0.560422942104561,0.2546844483624545,0.3963296125923012,0.39361702127659576,0.7659574468085106,0.4347790482505152,1.0664248705386803,,,0.560422942104561,0.1997526607570313,0.03552666694604657,0.07879454633405429,0.1006887365745538,0.060329713972065546,0.10114712443929674,,0.22634603632735806,0.06709045649542478,0.05233731519871376,
temporal,TT_mean,W3_4,blind,151007,GBM_LG@EC,94.0,0.39038765506199097,0.5102558319377742,0.2603610140265101,0.6180381533811686,0.32325981473534954,0.4399898110651728,0.30851063829787234,0.7446808510638298,0.3763244775876387,0.951895031894307,,,0.6180381533811686,0.7370510419995596,0.037900999938720904,-0.3929808829034756,-0.35987405713480536,-0.19268233504940957,0.0021282934006442433,,-0.16986409176132455,-0.18410122069544554,-0.05205846949457005,
temporal,TT_mean,W3_4,blind,151007,LSTM_LG,94.0,0.35438655173562034,0.4486076279376018,0.20124880384380175,0.4425880828853776,0.26966722639989765,0.4182142890378468,0.43617021276595747,0.8191489361702128,0.4909401734438824,1.3198449805854482,,,0.4425880828853776,0.22528750448489124,0.047316036169678,-0.07671932954241537,-0.05112905785783961,0.005050047645910771,0.05151393093369394,,0.09574115768803182,0.01220851647429999,8.923432218588268e-06,
temporal,TT_mean,W3_4,blind,151007,Pers,94.0,0.6489208441230264,0.8554085865989707,0.7317238500272487,0.057959712573130824,,,,,,,,,0.057959712573130824,2.9140095136054627,0.004211409694710525,-2.914861595018613,-2.8218175035127873,,,,-2.2878096608775182,,,
temporal,TT_mean,W3_4,blind,151007,Ridge_L,94.0,0.3189204564179359,0.4300165562719418,0.18491423866798007,0.2704790416328503,0.2538019687978124,0.4076935581589247,0.5212765957446809,0.851063829787234,0.5384840829525686,1.3131815503911355,,,0.2704790416328503,0.046571406797642406,0.015913808122612064,0.010673697042370697,0.034186908129740345,0.06358566395351428,0.07537434636333107,,0.16913625228457962,0.07032298055842012,0.025165015114540612,
temporal,TT_mean,W3_4,blind,151007,Ridge_LG,94.0,0.3580562470673924,0.43698808141119144,0.19095858329543408,0.4876513461158553,0.2747708846185925,0.45133406378417046,0.30851063829787234,0.723404255319149,0.4515587199508806,1.1011998287978464,,,0.4876513461158553,0.19970397773300128,0.05976455252646924,-0.021664694890864797,0.0026170992549756633,-0.013780140098119453,-0.023599822424119177,,0.14197757123424026,-0.006486191779853101,-0.07918368206305049,
temporal,TT_mean,W3_4,blind,151007,Ridge_LG@EC,94.0,0.37151282822539333,0.4430368699501368,0.19628166813521444,0.5088498799889646,0.2819506255609154,0.4482073143839046,0.35106382978723405,0.6808510638297872,0.45222789950361475,1.1028317326374746,,,0.5088498799889646,0.3002820282515314,0.008790382063665376,-0.05014420995041312,-0.025185546254800517,-0.040270132982481055,-0.016508533758596844,,0.1180596823185669,-0.03278559438590145,-0.07170731987054157,
temporal,TT_mean,W3_4,blind,230201,CFS_BC,96.0,0.7760494959085681,0.926753054273146,0.8588712236046048,0.7172024076944061,0.5954410007460623,0.3448343319266199,0.2708333333333333,0.65625,0.7630111700190777,1.8607275923876532,,,0.7172024076944061,0.17415811918346114,0.1356124933353163,0.20460868108387567,0.3203171199735627,0.21432872615362752,0.3268139133736072,,0.1336152736817814,0.08421479316379099,0.20358945726637945,
temporal,TT_mean,W3_4,blind,230201,Chronos,96.0,0.7951082086929612,0.9592599168883225,0.9201795881485914,0.597833742422851,0.7026743992839727,0.46512400414988964,0.13541666666666666,0.3333333333333333,0.337414381077906,0.7768179193112615,,,0.597833742422851,0.010289642251904457,0.19928387127269817,0.14783167005470912,0.27179966515876375,0.07283662076855346,0.09198423950347101,,0.07177057662285125,-0.08070962409458726,-0.0742250010717469,
temporal,TT_mean,W3_4,blind,230201,Chronos@abs,96.0,0.6115994445619867,0.7508882572935384,0.563833174941327,0.7066721909620692,0.45606787354028455,0.24519437567466387,0.4895833333333333,0.90625,1.1107505525329282,2.6896561899355476,,,0.7066721909620692,0.012592628288887884,0.008952741264819966,0.47784021592542336,0.5538006796988739,0.3982284949880128,0.5213311815531368,,0.431234348601763,0.29856994836074613,0.43371245921115376,
temporal,TT_mean,W3_4,blind,230201,ChronosBolt,96.0,0.6494563108223703,0.803927508421749,0.6462994387972013,0.7562418012157334,0.5002609841658557,0.242538837571355,0.6458333333333334,0.9583333333333334,1.5022439335783322,3.808067205733741,,,0.7562418012157334,0.10317429244381372,0.0672582654936129,0.40146910396859015,0.4885395483649585,0.3399166597651748,0.526515326918437,,0.34804666053206745,0.23060117075848963,0.43984554500423556,
temporal,TT_mean,W3_4,blind,230201,Clim,96.0,0.9882180158587364,1.1241153041465528,1.263635217016497,,0.7578754888555247,0.512242214711721,0.17708333333333334,0.6041666666666666,0.8385212022540133,2.289080068966822,,,0.0,0.0,0.1702388603420266,-0.1702388603420266,0.0,0.0,0.0,,-0.2746896409756847,-0.16560861688737094,-0.1830466472127421,
temporal,TT_mean,W3_4,blind,230201,Damp,96.0,0.859753816026353,0.9956544343159378,0.9913277525729901,0.49082294460627574,0.650197225617075,0.4329856442419778,0.22916666666666666,0.65625,0.9009191959803654,2.1970388800867116,,,0.49082294460627574,0.047381785735350644,0.11158325006973062,0.08194212714689396,0.21549531128646282,0.14207909455028778,0.15472479267322226,,0.0,0.0,0.0,
temporal,TT_mean,W3_4,blind,230201,Ensemble,96.0,0.6311145957138365,0.7599961951438882,0.577594216633187,0.8286729928263885,0.4942378708757063,0.2203395070158074,0.25,0.5625,0.5468860958333682,1.3538542482730185,,,0.8286729928263885,0.13316450489519893,0.0884381595825135,0.4650962645621313,0.5429106368237232,0.34786402497056623,0.569852892464535,,0.41735292375902744,0.23986468812344464,0.4911159066219093,
temporal,TT_mean,W3_4,blind,230201,GBM_L,96.0,0.7948871155787719,0.9545470365156664,0.9111600449208409,0.5270433003719324,0.6185119181978914,0.3288867459626838,0.17708333333333334,0.4479166666666667,0.5051193454957997,1.2706745127018217,,,0.5270433003719324,0.018682007152404156,0.10290806216502262,0.15618457114951217,0.27893743965751994,0.18388715917978504,0.3579468139935046,,0.08086902383603611,0.048731840387526204,0.2404211309627564,
temporal,TT_mean,W3_4,blind,230201,GBM_LG,96.0,0.6270678212045224,0.7712916020069603,0.5948907353264633,0.7588986755814524,0.5022884451491427,0.2273470335921648,0.23958333333333334,0.4583333333333333,0.44397540930242013,1.1218138544245118,,,0.7588986755814524,0.07156872850664533,0.0552803249745468,0.4490781463180904,0.5292227319122771,0.3372414696935858,0.5561727888434365,,0.3999050931617468,0.2274829461592338,0.47493170589944567,
temporal,TT_mean,W3_4,blind,230201,GBM_LG@EC,96.0,0.6146658479404948,0.7374421465280432,0.5438209194758878,0.7804435779185394,0.5035395853358445,0.2595513885079082,0.19791666666666666,0.40625,0.45633486615554847,0.9884331980569215,,,0.7804435779185394,0.025251116226227496,0.08746771356758494,0.4963733485204788,0.5696377307686351,0.33559061779891486,0.4933034001229707,,0.45142167354399065,0.22555869896560055,0.4005542863613841,
temporal,TT_mean,W3_4,blind,230201,LSTM_LG,96.0,0.5736040411370532,0.7008684259135737,0.49121655044257045,0.8725749357064069,0.42756055405464766,0.20223822575969078,0.3645833333333333,0.6875,0.6821067355728397,1.7397678047418594,,,0.8725749357064069,0.15325849620994356,0.0630388384420801,0.5450896837710164,0.6112671253319798,0.4358432745986929,0.6051902401806026,,0.5044862315539755,0.342414059597274,0.5329216373587938,
temporal,TT_mean,W3_4,blind,230201,Pers,96.0,0.918183113513118,1.1244556052691137,1.2644004082211286,0.5879891915284279,,,,,,,,,0.5879891915284279,0.5166715931974037,7.191768924681291e-06,-0.1709474956120742,-0.0006055475459429971,,,,-0.2754615261596165,,,
temporal,TT_mean,W3_4,blind,230201,Ridge_L,96.0,0.7192055669080223,0.8605390906934512,0.7405275266115119,0.730266093818849,0.5503529178118778,0.28796973168894885,0.2708333333333333,0.6354166666666666,0.7545348806853402,1.8400567738412452,,,0.730266093818849,0.14910261882953577,0.06998045445787245,0.31420549449403173,0.413970490344569,0.2738214576078041,0.4378250690427534,,0.2529942547361621,0.15356003358894554,0.33492083278397455,
temporal,TT_mean,W3_4,blind,230201,Ridge_LG,96.0,0.5915169108038086,0.7260408678259084,0.5271353417533982,0.8238532723969166,0.45306760228975845,0.2216352013771065,0.3541666666666667,0.7083333333333334,0.6806637619225456,1.6599099629380174,,,0.8238532723969166,0.08952590034961258,0.07738263312752562,0.5118256809619699,0.5828421567752837,0.4021872867613908,0.5673234360392612,,0.4682532185896955,0.30318435016425827,0.48812344167871824,
temporal,TT_mean,W3_4,blind,230201,Ridge_LG@EC,96.0,0.5601242407369942,0.6954669313097518,0.48367425254540297,0.8622132054276478,0.4307329575734083,0.20058786704783782,0.3854166666666667,0.75,0.6704029098874719,1.6348871962299085,,,0.8622132054276478,0.06640186047531871,0.12493522714090294,0.5520745239975975,0.6172358557025809,0.43165735809207595,0.6084120728692297,,0.5120945103271577,0.3375349192475904,0.5367332157189546,
temporal,TT_mean,W3_4,dev,040114,Chronos,145.0,0.4443106635980811,0.5643598696914428,0.31850206251814234,0.39497778516511567,0.38838370390693466,0.4587952378467762,0.1310344827586207,0.296551724137931,0.1903847677677324,0.4645466539546333,,,0.39497778516511567,5.422536242907937e-06,0.03488889039147209,0.12111313784622527,0.15361929103380423,-0.0339184730131199,-0.018024657149379397,,0.10862613468969196,-0.07305900919681285,-0.0407987416181943,
temporal,TT_mean,W3_4,dev,040114,Chronos@abs,145.0,0.5746391756748762,0.7091852947629117,0.5029437823079579,0.1972745394228538,0.42188637628716874,0.45252435967537313,0.5517241379310345,0.9172413793103448,1.04762612316996,2.5822642793678883,,,0.1972745394228538,0.33623634808371594,0.09052334549789813,-0.387842449677115,-0.336512271457275,-0.12310612821281075,-0.004110152215916818,,-0.4075605656214365,-0.16562299699583205,-0.026572957278608422,
temporal,TT_mean,W3_4,dev,040114,ChronosBolt,145.0,0.6801318723431744,0.8457929202981062,0.7153656640263986,0.03274072221744842,0.508891084527002,0.4845986087089641,0.5655172413793104,0.9724137931034482,1.4299598973372887,3.5861381398949477,,,0.03274072221744842,0.9389525324307253,0.036126996470888406,-0.9740075740102936,-0.9009977301300776,-0.3547218581813263,-0.07527997631651062,,-1.0020537763932507,-0.40600688818418296,-0.09933491136771977,
temporal,TT_mean,W3_4,dev,040114,Clim,145.0,0.4964716672509603,0.613441631747956,0.37631063556159483,,0.37564248443601045,0.45067202903657677,0.43448275862068964,0.8551724137931035,0.8128169273195379,1.9122240945487965,,,0.0,0.0,0.038406065784844595,-0.038406065784844595,0.0,0.0,0.0,,-0.053159477605614125,-0.03785650146053254,-0.022370857433439584,
temporal,TT_mean,W3_4,dev,040114,Damp,145.0,0.49260161532691354,0.5977590723061167,0.35731590852426925,0.23045920257527344,0.3619406766806243,0.4408107153679479,0.41379310344827586,0.8758620689655172,0.7537569164401988,1.838159580728346,,,0.23045920257527344,0.02279663906747042,0.016306089177593557,0.014008715806566947,0.05047618972814416,0.03647566056314977,0.021881352809292154,,0.0,0.0,0.0,
temporal,TT_mean,W3_4,dev,040114,Ensemble,145.0,0.434746522984354,0.5306167387649189,0.2815541234575182,0.568775143871705,0.33362769127958253,0.4048632995300794,0.2689655172413793,0.6551724137931034,0.4083902100319502,1.038079089054356,,,0.568775143871705,0.05339885033502841,0.04703760957807018,0.22306870437318016,0.25180397030943547,0.1118478204602148,0.10164537968869491,,0.21203026022449045,0.07822548617829173,0.0815484165530389,
temporal,TT_mean,W3_4,dev,040114,GBM_L,145.0,0.4705248649848187,0.5748789849656908,0.330485847355183,0.34400699851882055,0.35687788481519356,0.4456073250606983,0.2827586206896552,0.6896551724137931,0.532298135886292,1.2714020198990872,,,0.34400699851882055,0.02723204763495589,0.0030641471240538997,0.08804462027091801,0.12177383224373728,0.04995334765978365,0.011238114747670447,,0.07508778794623394,0.013987905177892168,-0.010881336422928323,
temporal,TT_mean,W3_4,dev,040114,GBM_LG,145.0,0.49004545089218726,0.5923331576030552,0.35085856959600575,0.4206749473047248,0.37326497408425474,0.4741606779771631,0.2620689655172414,0.6137931034482759,0.38985704568981083,1.022771378197991,,,0.4206749473047248,1.254148447997418e-05,0.14512752418001765,0.0318273456253354,0.06763578692801275,0.006329183865678378,-0.0521191629993083,,0.018071792422936328,-0.03128771683659903,-0.07565597079775555,
temporal,TT_mean,W3_4,dev,040114,GBM_LG@EC,145.0,0.46676783628599366,0.5817386790521499,0.3384198907053403,0.5098395992030672,0.35589442946068545,0.45102595412367724,0.27586206896551724,0.7103448275862069,0.4165388941548873,1.0489928151098344,,,0.5098395992030672,0.005048374837254855,0.1887369267004971,0.06615111537779225,0.10069007164707822,0.0525714097673875,-0.0007853273873177358,,0.052883225650294685,0.016705077957496317,-0.023173753267777597,
temporal,TT_mean,W3_4,dev,040114,LSTM_LG,145.0,0.4526581811400452,0.5568739237087045,0.31010856690672806,0.5167569381782828,0.3378645822609749,0.41261552213443553,0.33793103448275863,0.7793103448275862,0.55821089469346,1.4509938088984324,,,0.5167569381782828,0.01459084199165847,0.10817241815348035,0.14427447301025487,0.17592399044493845,0.10056876881685872,0.08444390698818494,,0.13211654026967234,0.06651944909992558,0.06396213215910063,
temporal,TT_mean,W3_4,dev,040114,Pers,145.0,0.877035087814664,1.042406821454904,1.0866119814157162,0.21044500960479193,,,,,,,,,0.21044500960479193,2.0391981927976253,0.003527874388902601,-1.998438965118967,-1.8875399171062197,,,,-2.041040030664945,,,
temporal,TT_mean,W3_4,dev,040114,Ridge_L,145.0,0.49011630406257295,0.5968807253927165,0.35626660034533547,0.2594122870770774,0.37517474331070894,0.4707654180574367,0.30344827586206896,0.7034482758620689,0.5446115109645887,1.328124286251803,,,0.2594122870770774,0.037461654244043616,0.012928863220592302,0.01690421722192411,0.05326459930197358,0.00124517631706067,-0.044585391873142255,,0.0029366399701246104,-0.036564187124406455,-0.06795366275178982,
temporal,TT_mean,W3_4,dev,040114,Ridge_LG,145.0,0.45184297061126394,0.5486241037582753,0.3009884072245708,0.5052536663796451,0.3522683162750893,0.44847417540744833,0.2620689655172414,0.6275862068965518,0.45463608016026336,1.1087044752280828,,,0.5052536663796451,0.0033652479143323846,0.08247502646866273,0.16944099300707854,0.20015971173553282,0.06222450635746146,0.004876836119221517,,0.15764061984347,0.02672360701273102,-0.017384922308668838,
temporal,TT_mean,W3_4,dev,040114,Ridge_LG@EC,145.0,0.45231783645573603,0.5696809851066683,0.32453642479210404,0.5308377115652975,0.35667179030931845,0.42820322917359777,0.31724137931034485,0.6206896551724138,0.45059718876174654,1.0988549776542929,,,0.5308377115652975,0.013092345155076637,0.16423464476156313,0.10446168610324219,0.1375837031345778,0.050501993019172464,0.04985621120310413,,0.09173810331464372,0.014557320331130108,0.02860067996266058,
temporal,TT_mean,W3_4,dev,040514,Chronos,145.0,0.3984299320811242,0.490624727299409,0.24071262303761942,0.48976650185865916,0.35257342754083904,0.5172864679437805,0.13793103448275862,0.27586206896551724,0.15792868746442573,0.38169389420192973,,,0.48976650185865916,0.02657979252143723,0.03283300955211177,0.18045842426931896,0.1866836281674944,-0.05039970382580772,-0.05302871574780643,,0.1442094884759858,-0.10413597647218364,-0.1221238161533631,
temporal,TT_mean,W3_4,dev,040514,Chronos@abs,145.0,0.5264024916068811,0.6633345826285271,0.44001276851096216,0.19922746793440776,0.4191960601711203,0.5644901140901368,0.2896551724137931,0.6137931034482759,0.5114311638937248,1.2187102502916545,,,0.19922746793440776,0.5089797845234398,0.028800072087900575,-0.49808827263178496,-0.4867088561009232,-0.2488842977189114,-0.14912014276250596,,-0.5643498354560492,-0.3127746309716428,-0.2245203388396262,
temporal,TT_mean,W3_4,dev,040514,ChronosBolt,145.0,0.6466945690258595,0.798035928713015,0.6368613435168444,0.0747282477707673,0.49455976740298374,0.4967273102710835,0.6620689655172414,0.9586206896551724,1.4436775281511505,3.7180649242667108,,,0.0747282477707673,1.154205514223114,0.019667033616743507,-1.1682882368249683,-1.1518180090976982,-0.47341062208688944,-0.011176889453193839,,-1.2641932444605266,-0.5487872569242289,-0.07752585758644237,
temporal,TT_mean,W3_4,dev,040514,Clim,145.0,0.4547423656909432,0.5440260243857187,0.2959643152089305,,0.33565644226353264,0.49123681074207975,0.3103448275862069,0.7448275862068966,0.5713203400700296,1.3002844521572263,,,0.0,0.0,0.007654098839974373,-0.007654098839974373,0.0,0.0,0.0,,-0.05222339198190351,-0.05115792821595022,-0.06561558993810412,
temporal,TT_mean,W3_4,dev,040514,Damp,145.0,0.4420966155649847,0.530353817431653,0.28127517166432714,0.3031489904061353,0.31932065891679723,0.4609887612198063,0.31724137931034485,0.8206896551724138,0.5546290713811342,1.3525537465374375,,,0.3031489904061353,0.038925262396328424,0.010616794308195362,0.04235725367973532,0.04963146835534493,0.04866816568921917,0.061575290900084734,,0.0,0.0,0.0,
temporal,TT_mean,W3_4,dev,040514,Ensemble,145.0,0.3818240623064849,0.4716307194370902,0.22243553551674727,0.6397096527979377,0.29434501265363516,0.3802317578850342,0.2827586206896552,0.6896551724137931,0.3771873038832484,0.9348119974130897,,,0.6397096527979377,0.1523521935553757,0.014190785862051107,0.24268546046543119,0.24843799037149794,0.12307652828383009,0.2259705511265685,,0.2091888729439615,0.07821494026689246,0.17518215220927258,
temporal,TT_mean,W3_4,dev,040514,GBM_L,145.0,0.4087186131749003,0.493973390030525,0.24400971005824915,0.4141054936680427,0.3063377439005982,0.412613874630061,0.3103448275862069,0.7586206896551724,0.4505990234323236,1.216157221457265,,,0.4141054936680427,0.002235516924144257,1.483702798733978e-05,0.16923300593392177,0.17554347764528633,0.08734734291176094,0.16005098639340187,,0.13248756150631902,0.04065792379434452,0.10493723634767627,
temporal,TT_mean,W3_4,dev,040514,GBM_LG,145.0,0.40217466107727706,0.5002187265828588,0.25021877442417684,0.4629678393947113,0.31862088998930194,0.4518325867971022,0.296551724137931,0.6827586206896552,0.40672785716147597,1.0277521681622548,,,0.4629678393947113,0.007712924260223803,0.05853296418432552,0.14809333186925788,0.15456437967009795,0.05075294297749733,0.08021431432520743,,0.11041286387414573,0.0021914301751381204,0.01986203394303221,
temporal,TT_mean,W3_4,dev,040514,GBM_LG@EC,145.0,0.4288316920221489,0.5500849070303617,0.30259340494260173,0.2879225834369828,0.331355172780136,0.4436535517342079,0.296551724137931,0.6896551724137931,0.3696364084663583,1.0470292498827716,,,0.2879225834369828,0.02048113601237902,0.09264208916838962,-0.030223811127742313,-0.022398273687121772,0.012814500011948615,0.09686419658980949,,-0.07579137949550607,-0.037687864932266946,0.03760440805482612,
temporal,TT_mean,W3_4,dev,040514,LSTM_LG,145.0,0.38047767459754067,0.48347369099918786,0.23374680988837818,0.5609068147520921,0.2875864742229556,0.3830079433504192,0.4,0.8068965517241379,0.5282348067997473,1.3136067667911793,,,0.5609068147520921,0.04087050847419074,0.06957138534530422,0.2041745610158428,0.2102196181206205,0.14321181418837803,0.2203191312722802,,0.16897460765811623,0.0993803056823529,0.16915991110725725,
temporal,TT_mean,W3_4,dev,040514,Pers,145.0,0.698169637252744,0.8670376288203273,0.7517542497903756,0.24957589190211632,,,,,,,,,0.24957589190211632,1.6206669775397538,0.001079205196734083,-1.559458056917751,-1.5400165194229198,,,,-1.6726647977572533,,,
temporal,TT_mean,W3_4,dev,040514,Ridge_L,145.0,0.449029968984926,0.5306532457064028,0.28159286717873994,0.22409837210816844,0.3520675346419072,0.504762172227629,0.20689655172413793,0.5310344827586206,0.38468807990584064,0.9381248307616868,,,0.22409837210816844,0.0028580443153945973,0.00608642355336124,0.04127561251277529,0.04855804328993274,-0.04889252912205322,-0.02753328168774094,,-0.0011294829633663461,-0.10255169783312579,-0.0949554841467184,
temporal,TT_mean,W3_4,dev,040514,Ridge_LG,145.0,0.4076765711810474,0.4967719531758606,0.24678237346215942,0.5581694416878935,0.31838934592967455,0.41756948994939996,0.22758620689655173,0.6,0.37787578196609733,0.9215119275145052,,,0.5581694416878935,0.14029842276855956,0.011461637830249057,0.15979306503536614,0.16617524214718926,0.051442767543550594,0.14996294899275842,,0.12263008497362604,0.0029165447368231234,0.09418726642167186,
temporal,TT_mean,W3_4,dev,040514,Ridge_LG@EC,145.0,0.37144137342113903,0.46924570495125606,0.22019153161520125,0.6708413337133198,0.29117118875139114,0.3711475673363719,0.27586206896551724,0.6551724137931034,0.37955879072807974,0.9256162197774513,,,0.6708413337133198,0.1669216838848042,0.03278090890282744,0.25032550223063404,0.2560199986955821,0.13253210101421187,0.2444630385583214,,0.21716683946076443,0.08815424050825582,0.194888035113283,
temporal,TT_mean,W3_4,dev,150701,Chronos,139.0,0.4095929284729785,0.5220075285248701,0.27249185983664304,0.5224005958165572,0.36029335331214324,0.5337844439624116,0.15827338129496402,0.34532374100719426,0.18268857313413844,0.43264229954067196,,,0.5224005958165572,0.008907588971812597,0.0865136831034158,0.17748111043426557,0.5063859963105912,0.0368909597421605,-0.11905744025372611,,0.048783286298069495,-0.12118891704847212,-0.2413760868274224,
temporal,TT_mean,W3_4,dev,150701,Chronos@abs,139.0,0.359607294749789,0.495055466227452,0.24507991464167989,0.6060072532036107,0.28524567962605013,0.28705282691854406,0.6187050359712231,0.920863309352518,0.7113613731937075,1.7848788506693116,,,0.6060072532036107,0.07477447239844832,0.03224602914637308,0.26022428939056375,0.5560422320040614,0.23750274542441552,0.398205389193241,,0.1444731187949444,0.11235027875850734,0.3324261899659545,
temporal,TT_mean,W3_4,dev,150701,ChronosBolt,139.0,0.4170220868342538,0.5368047211629057,0.28815930866278494,0.5417858641821665,0.31740216144651234,0.2717023644290242,0.5755395683453237,0.9496402877697842,0.8725680413006021,2.1543564672762407,,,0.5417858641821665,0.16175941702940386,0.001583716551205304,0.13018878904700773,0.4780047002700154,0.151544461544161,0.4303870112965681,,-0.005908766497306539,0.012283234232327356,0.3681254263745246,
temporal,TT_mean,W3_4,dev,150701,Clim,139.0,0.6244773148015499,0.7429901060239665,0.5520342976495051,,0.3740940415383153,0.476994678522834,0.4172661870503597,0.7913669064748201,0.7460136937764378,1.8429729878083863,,,0.0,0.0,0.6663200059520155,-0.6663200059520155,0.0,0.0,0.0,,-0.9270456400998985,-0.16413497348993022,-0.10930506529313,
temporal,TT_mean,W3_4,dev,150701,Damp,139.0,0.43971245171935225,0.5352257880121404,0.2864666441532166,0.5530896149782677,0.32134937104142525,0.42999414087845156,0.4460431654676259,0.8489208633093526,0.6896893053253536,1.6819202274082976,,,0.5530896149782677,0.0014461475811492531,0.16916386401441472,0.13529811060124444,0.48107093096759257,0.14099307831794994,0.09853472116279072,,0.0,0.0,0.0,
temporal,TT_mean,W3_4,dev,150701,Ensemble,139.0,0.3775995266724282,0.4702433305556858,0.22112878993210397,0.6017510027044508,0.2907013971546974,0.40144356166107753,0.3381294964028777,0.7482014388489209,0.39115734862263857,1.0528387949426914,,,0.6017510027044508,0.019310017963090884,0.010273297657650978,0.33252095363507006,0.5994292548965825,0.2229189324713602,0.15838985268289496,,0.22808189209689167,0.0953727520530202,0.0663976005790381,
temporal,TT_mean,W3_4,dev,150701,GBM_L,139.0,0.4710548667754149,0.5991180390608293,0.3589424247280933,0.34732850945087584,0.3506405561491587,0.4885579496335115,0.2949640287769784,0.6762589928057554,0.4561955232015545,1.182910681111129,,,0.34732850945087584,0.09563131800239659,0.10847639651435084,-0.08347062103938029,0.34978238443439746,0.06269408968053425,-0.024241928959221948,,-0.25299902119184625,-0.09115059106170631,-0.13619675988007107,
temporal,TT_mean,W3_4,dev,150701,GBM_LG,139.0,0.4270353734872295,0.5309765273796093,0.281936072628109,0.39754716853103206,0.33132513584832674,0.44118087399180667,0.2158273381294964,0.6474820143884892,0.3388573785868844,1.003830364075363,,,0.39754716853103206,0.004578666291431852,0.004491407410590599,0.14897367750501836,0.48927797814636065,0.11432661561279678,0.07508218884524298,,0.015815354483939226,-0.031043361854333762,-0.026016012893806506,
temporal,TT_mean,W3_4,dev,150701,GBM_LG@EC,139.0,0.4020430990102579,0.48762956075100267,0.2377825885182158,0.5449539927917457,0.2979115373230821,0.38597081383154147,0.31654676258992803,0.697841726618705,0.4153943518159971,1.0266903291591127,,,0.5449539927917457,0.007507274413381265,0.00721625235091691,0.2822513274953679,0.5692612043659875,0.20364532913158018,0.19082784104253947,,0.16994668185159512,0.07293567634000986,0.10238122537431127,
temporal,TT_mean,W3_4,dev,150701,LSTM_LG,139.0,0.3956907039169071,0.48683126149773265,0.23700467717147372,0.5409784540086037,0.30273410653680477,0.42694237989975936,0.39568345323741005,0.841726618705036,0.507081713112031,1.4505231944884327,,,0.5409784540086037,0.007979798675513985,7.84298195430557e-05,0.28459945920648194,0.5706703764954264,0.19075400053973268,0.10493261429682521,,0.17266222085978067,0.057928429871489495,0.0070972152607886585,
temporal,TT_mean,W3_4,dev,150701,Pers,139.0,0.5469773948393308,0.6788971157603702,0.4609012937877494,0.5002840204601282,,,,,,,,,0.5002840204601282,0.6414797239068911,3.86716800686911e-05,-0.3912342944592099,0.16508576414507015,,,,-0.6089178380615807,,,
temporal,TT_mean,W3_4,dev,150701,Ridge_L,139.0,0.4353855599270816,0.5834836051849035,0.34045311751957236,0.44210181691430606,0.3431970432700688,0.4299651893704397,0.4028776978417266,0.7553956834532374,0.5665355528577151,1.3815896499190001,,,0.44210181691430606,0.09101868267912973,0.13209583107177889,-0.027660497231978012,0.38327542515169744,0.08259152736353337,0.09859541682526973,,-0.1884564031038849,-0.06798728797209042,6.733000582925808e-05,
temporal,TT_mean,W3_4,dev,150701,Ridge_LG,139.0,0.36549079983540333,0.4610128735134521,0.21253286954513018,0.6024466933506112,0.2814396349564493,0.36074248162407097,0.38848920863309355,0.7913669064748201,0.4963932230546432,1.2105361010493711,,,0.6024466933506112,1.4132612600022446e-05,0.0044600766570816455,0.3584678090594037,0.6150006069367986,0.24767677721051395,0.2437180164331707,,0.25808859815645047,0.12419422498210264,0.16105256483938069,
temporal,TT_mean,W3_4,dev,150701,Ridge_LG@EC,139.0,0.36532822783842583,0.454523764542171,0.20659185253358694,0.6186826759125506,0.27904429287724614,0.3595414319094007,0.39568345323741005,0.7841726618705036,0.4870722634458773,1.1878054158208347,,,0.6186826759125506,0.0004462346823752888,0.005921201685413857,0.37640081710652484,0.6257626502316433,0.2540798251429355,0.24623596845391382,,0.2788275467663476,0.131648237017167,0.16384574177015598,
temporal,TT_mean,W3_4,dev,151007,Chronos,145.0,0.4020804688589756,0.5202032617309071,0.27061143351547473,0.3573092008541487,0.3572890330654648,0.45945110510958687,0.13793103448275862,0.2620689655172414,0.15281062911872767,0.362493106930352,,,0.3573092008541487,0.0036910787695496926,0.14401124083581257,-0.0200324545903319,0.2206953717750415,-0.026354991399739403,-0.038755331908369994,,0.15579332978450233,-0.07190506079049053,-0.044838171784519654,
temporal,TT_mean,W3_4,dev,151007,Chronos@abs,145.0,0.44390108899828534,0.5636188865193941,0.3176662492413616,0.2086776595520161,0.3287289376256876,0.41147151437590423,0.4827586206896552,0.9241379310344827,0.7497009765925666,1.841463702605863,,,0.2086776595520161,0.22299368092100433,0.017951773637250774,-0.19739908896214797,0.08518729216775744,0.05568725954194387,0.06971987936684676,,0.008999867344626544,0.013778260009751686,0.06427225870011999,
temporal,TT_mean,W3_4,dev,151007,ChronosBolt,145.0,0.5065053862782135,0.6296090242201702,0.39640752337947477,0.03944230395924754,0.3735144806486166,0.45519469301462767,0.5379310344827586,0.9241379310344827,0.9634950407620134,2.3763444006118664,,,0.03944230395924754,0.4913466506707255,0.004412500297302951,-0.4942034556264148,-0.14157119534697182,-0.0729645079913428,-0.02913217351508779,,-0.2366435187647815,-0.12058312747714584,-0.03515866120722344,
temporal,TT_mean,W3_4,dev,151007,Clim,145.0,0.4461105003767926,0.5892769357786755,0.34724730704070517,,0.34811447896618614,0.44230926282274496,0.4482758620689655,0.8275862068965517,0.6878684001541067,1.8867863281576367,,,0.0,0.0,0.30890080418704235,-0.30890080418704235,0.0,0.0,0.0,,-0.08328199222731181,-0.0443804237056713,-0.00585589280680221,
temporal,TT_mean,W3_4,dev,151007,Damp,145.0,0.44699854051111565,0.5661723829572921,0.32055116722353866,0.24778523042632056,0.33332152830958484,0.4397342263298751,0.4896551724137931,0.8758620689655172,0.7039936924411783,1.7168038160691865,,,0.24778523042632056,0.0927400519293488,0.17693085766889347,-0.2082733891808175,0.07687932858191204,0.04249449979941278,0.005821800964412205,,0.0,0.0,0.0,
temporal,TT_mean,W3_4,dev,151007,Ensemble,145.0,0.3683270224218472,0.4581775476259832,0.2099266651485601,0.4637493733689694,0.2818884356564728,0.3530320642808477,0.2689655172413793,0.6896551724137931,0.35445503862456734,0.9390231512426224,,,0.4637493733689694,0.0043753445849319065,0.0019777313701059493,0.2087104053450739,0.3954548792974455,0.19024213961564684,0.20184338435994942,,0.34510715725403607,0.15430474267279137,0.19716946477572128,
temporal,TT_mean,W3_4,dev,151007,GBM_L,145.0,0.4422239883468065,0.5773608629626595,0.333345566080987,0.20397580704167945,0.3310618767374485,0.41148666365876363,0.36551724137931035,0.7241379310344828,0.47085017529481493,1.2046190711292322,,,0.20397580704167945,0.21944170625100226,0.07866453366990571,-0.25650011006260354,0.04003412172779952,0.04898561610933172,0.06968562893590913,,-0.03991374908495038,0.006779194802075894,0.06423780770233012,
temporal,TT_mean,W3_4,dev,151007,GBM_LG,145.0,0.4007101180967623,0.5046865321237551,0.2547084957071021,0.2944695684887517,0.3020599292369683,0.3773958752856569,0.2482758620689655,0.6620689655172414,0.32354474527902777,0.9766843256683131,,,0.2944695684887517,0.04153764309203209,0.005263208781522901,0.03991147489239665,0.2664925240809871,0.13229713933757792,0.1467601811520327,,0.20540456017282482,0.09378811873075665,0.14176370023436358,
temporal,TT_mean,W3_4,dev,151007,GBM_LG@EC,145.0,0.3737849312237552,0.47473547084273776,0.2253737672762759,0.45388214962241663,0.2880166322400846,0.35739519968461253,0.30344827586206896,0.6827586206896552,0.34824387494585457,0.9862513179478802,,,0.45388214962241663,0.04376236575337931,0.011761954436670588,0.15048468555581593,0.3509704389158673,0.17263817036446527,0.19197893934263288,,0.296917964054363,0.1359195018073408,0.18724725462578462,
temporal,TT_mean,W3_4,dev,151007,LSTM_LG,145.0,0.3777323406144942,0.4645662701975713,0.21582181940528283,0.4325165810399954,0.28205978247229435,0.3707721972921158,0.31724137931034485,0.8206896551724138,0.4450976977734987,1.1983072706851465,,,0.4325165810399954,8.069706225093188e-05,0.0005004609138543208,0.18648943489842162,0.37847806151601426,0.18974992562808046,0.16173539996447595,,0.32671647626608724,0.15379068401990292,0.15682661232293083,
temporal,TT_mean,W3_4,dev,151007,Pers,145.0,0.6797108193967908,0.836500705510073,0.6997334303188499,0.23664877878390497,,,,,,,,,0.23664877878390497,1.6911680440318175,0.0023832036989874517,-1.6375486032308915,-1.0150867008360285,,,,-1.182907135792414,,,
temporal,TT_mean,W3_4,dev,151007,Ridge_L,145.0,0.4348224179657097,0.5549757213288016,0.30799805126442364,0.2516552829422939,0.33297604925882685,0.4318963547364881,0.3724137931034483,0.7724137931034483,0.5340311567691046,1.3023223612442318,,,0.2516552829422939,0.12342024050692497,0.10086629181339575,-0.16095615088755472,0.11302969088736703,0.043486929220286186,0.023542143385836822,,0.039161036497992296,0.0010364738590696865,0.017824110847144414,
temporal,TT_mean,W3_4,dev,151007,Ridge_LG,145.0,0.3800679329704298,0.4628795229050026,0.21425745272476282,0.4535786882654232,0.28677036245652315,0.3717256685441906,0.33793103448275863,0.7448275862068966,0.46000369826200715,1.12179429029208,,,0.4535786882654232,0.009858282562781753,0.003489244665843219,0.19238609921995697,0.38298311209178926,0.17621822766993156,0.15957973348353927,,0.33159671642889743,0.13965844357291424,0.15465832249015465,
temporal,TT_mean,W3_4,dev,151007,Ridge_LG@EC,145.0,0.3789416613464342,0.4668303430664506,0.21793056920753998,0.5010647893551436,0.29153382160750446,0.3859550915693756,0.3448275862068966,0.696551724137931,0.4313811869151099,1.0519936127669154,,,0.5010647893551436,0.041330141715194176,0.03119498789261836,0.17854079352370195,0.37240530080772194,0.16253462805314,0.12740897826495046,,0.32013796394768856,0.12536756000731075,0.12229917877749197,
temporal,TT_mean,W3_4,dev,230201,Chronos,145.0,0.44724496292830995,0.581765525738931,0.33845112693829477,0.22236545187724924,0.38990098465657064,0.5209812489264838,0.1310344827586207,0.33793103448275863,0.20196814389149267,0.486942651328181,,,0.22236545187724924,0.0021637855783809565,0.11916977849536768,-0.07188716988517539,0.14447466899716976,-0.05069020058228402,-0.20348126737770955,,0.06922216553104277,-0.09554602151157265,-0.23267594844736617,
temporal,TT_mean,W3_4,dev,230201,Chronos@abs,145.0,0.5211308017300917,0.6653559736773998,0.44269857170820087,0.09512284061678344,0.3943134837456833,0.44337406369238047,0.5724137931034483,0.9586206896551724,1.062575140845012,2.6297181151653155,,,0.09512284061678344,0.3860397181392949,0.025051299173089993,-0.4020426625053789,-0.11903850201742494,-0.06258083368004996,-0.02420649724805579,,-0.21746977658072275,-0.10794428674360024,-0.049052236726643494,
temporal,TT_mean,W3_4,dev,230201,ChronosBolt,145.0,0.6661130109295564,0.8433404023187906,0.7112230341832196,-0.06990411331837793,0.5026646178834677,0.49875949930030966,0.6068965517241379,0.9724137931034482,1.4433175185631062,3.5952576614460243,,,-0.06990411331837793,1.2447415493576424,0.012614549288557991,-1.2524695135873718,-0.7978055716368473,-0.35456130908413575,-0.15214840375053518,,-0.9559415906515509,-0.4123899244879419,-0.18009782523650664,
temporal,TT_mean,W3_4,dev,230201,Clim,145.0,0.4672683504504715,0.628972338048164,0.3956062020297738,,0.37109034084498993,0.432895187526816,0.5172413793103449,0.8344827586206897,0.8783899168145346,2.2608910916788405,,,0.0,0.0,0.2528993953092306,-0.2528993953092306,0.0,0.0,0.0,,-0.08796057900228083,-0.04269176671147212,-0.024258525546699605,
temporal,TT_mean,W3_4,dev,230201,Damp,145.0,0.4593170011730841,0.6030106271962014,0.3636218165115562,0.1799882534566055,0.3558964908827903,0.42264250355715377,0.593103448275862,0.9172413793103448,0.9041918027487951,2.205019667200088,,,0.1799882534566055,0.017935276201538033,0.16606416491875184,-0.1516036697379306,0.08084904977250695,0.04094380340809334,0.023683986944362023,,0.0,0.0,0.0,
temporal,TT_mean,W3_4,dev,230201,Ensemble,145.0,0.41195968941487265,0.5083070653707352,0.2583760727058089,0.4401025024831212,0.3085723618135799,0.3749326591957971,0.30344827586206896,0.7379310344827587,0.44319126070246,1.1045193774519158,,,0.4401025024831212,0.011846925994213948,0.00012981404368699113,0.18171347265400478,0.34688568738271897,0.16847104909562916,0.13389506282609898,,0.2894373742902262,0.13297160910978467,0.11288463408154326,
temporal,TT_mean,W3_4,dev,230201,GBM_L,145.0,0.49047702336680754,0.6255007472944317,0.39125118486589255,0.05753399848463952,0.3654318700730132,0.45930895324165155,0.3448275862068966,0.7310344827586207,0.5598014905813169,1.3389979334895903,,,0.05753399848463952,0.1869148785387163,0.05550217818264223,-0.23910689573972801,0.011008465341383888,0.01524822974128659,-0.061016538127255826,,-0.07598380267554239,-0.026792563103307465,-0.08675523492288661,
temporal,TT_mean,W3_4,dev,230201,GBM_LG,145.0,0.45852573321720175,0.5492556800280389,0.3016818020430635,0.28471391070543967,0.3325439726510672,0.408679244898537,0.20689655172413793,0.7172413793103448,0.43161198582635285,1.0849031908247688,,,0.28471391070543967,0.021240824913579332,0.015258551315097213,0.044562634720508525,0.2374189269652589,0.10387327276196634,0.05593950527985225,,0.17034185424494241,0.06561603957880524,0.033037989651053756,
temporal,TT_mean,W3_4,dev,230201,GBM_LG@EC,145.0,0.4109965754722481,0.5197067515307464,0.27009510758664096,0.4517288703515505,0.3043769376585797,0.36670682861327775,0.31724137931034485,0.7517241379310344,0.45655752357131857,1.1309914154632918,,,0.4517288703515505,0.03756106568246251,0.02189904855770012,0.1445988580689253,0.3172627066996455,0.17977671699700049,0.1528969617141751,,0.25720873907449626,0.14475993594771874,0.1323474910192316,
temporal,TT_mean,W3_4,dev,230201,LSTM_LG,145.0,0.39948951211377565,0.4995518237727059,0.2495520246346366,0.47536746147744424,0.29527217870206046,0.3484911299096099,0.4482758620689655,0.8551724137931035,0.5865949106868357,1.493115200050946,,,0.47536746147744424,0.007652316683275959,0.008662349235529939,0.20965955751270354,0.36919081815644783,0.20431187179458243,0.19497573558028447,,0.31370447728153394,0.1703425398501489,0.1754470338961458,
temporal,TT_mean,W3_4,dev,230201,Pers,145.0,0.9109663927113274,1.1105970121275446,1.2334257233466295,0.0796834603888013,,,,,,,,,0.0796834603888013,2.90830347613005,0.00435061858427214,-2.906304640854789,-2.1178118973316815,,,,-2.3920564370411763,,,
temporal,TT_mean,W3_4,dev,230201,Ridge_L,145.0,0.4852805470721084,0.6280369795395786,0.3944304476691971,0.06790619963060593,0.3750460203400331,0.46906220470387877,0.36551724137931035,0.7517241379310344,0.5671444778869124,1.3830746132433172,,,0.06790619963060593,0.16463799205458185,0.08914899788956021,-0.24917573799587037,0.002972032173773287,-0.010659613198327644,-0.08354682200023844,,-0.0847271251576891,-0.05380645762969727,-0.10983207026277642,
temporal,TT_mean,W3_4,dev,230201,Ridge_LG,145.0,0.4213074624228759,0.5239093270887771,0.27448098301061524,0.38646012664992174,0.3234939383800238,0.4009903125447964,0.36551724137931035,0.7655172413793103,0.5091798124611258,1.241718291633264,,,0.38646012664992174,0.01740567734891275,0.0012371228868598872,0.1307086292545009,0.30617623889031576,0.1282609575786503,0.07370115423157308,,0.24514709913756771,0.09104487774631598,0.051230510017621356,
temporal,TT_mean,W3_4,dev,230201,Ridge_LG@EC,145.0,0.39857961596350716,0.5025593299137949,0.2525658800834025,0.4598028652090077,0.30670897662709684,0.3764442632076971,0.4,0.7793103448275862,0.5011623824487706,1.2221664766268692,,,0.4598028652090077,0.007897132855627948,0.0034069755654280993,0.20011456643335684,0.36157249611472453,0.17349242793895892,0.1304032152485457,,0.30541604322199467,0.13820735948726381,0.10930807943032472,
temporal,TT_min,W1,blind,040114,Clim,102.0,1.3097760613032916,1.651161176595992,2.7263332310978603,,0.9777800598192702,0.46804890701897345,0.39215686274509803,0.7941176470588235,1.7671698158266915,4.209499195268572,0.028018674085144645,0.029411764705882353,0.0,0.0,0.0126152969801971,-0.0126152969801971,0.0,0.0,0.0,0.0,-0.1504605831105219,-0.06886638735850203,-0.07356135963652277,0.03318711892642878
temporal,TT_min,W1,blind,040114,Damp,102.0,1.2420951045607072,1.5394074954361772,2.369775437005084,0.4197814842532385,0.9147823071091848,0.435977788151244,0.4019607843137255,0.8333333333333334,1.7344164188162579,4.229658246157653,0.028980451785077656,0.029411764705882353,0.4197814842532385,0.052949014177759775,0.0034500018889590035,0.11981747845513319,0.1307829101834318,0.06442936944503619,0.06852087118842343,-0.03432631026758459,0.0,0.0,0.0,0.0
temporal,TT_min,W1,blind,040114,GBM_LG,102.0,1.1382321499011128,1.4295493293729191,2.0436112851105626,0.5217284548731227,0.8535617927856376,0.39888099201736665,0.35294117647058826,0.7549019607843137,1.3836583716092121,3.157009222559465,0.028154412919334782,0.029411764705882353,0.5217284548731227,0.025484342138211984,0.005754797962174126,0.24096144052390991,0.25041764454903936,0.12704111296419018,0.1477792469213114,-0.0048445845002387244,0.1376350462585294,0.0669235881015352,0.08508872961438163,0.028503312228148614
temporal,TT_min,W1,blind,040114,Pers,102.0,1.231069728453854,1.559515141332857,2.432087476046441,0.45596823077774273,,,,,,,,,0.45596823077774273,0.10405183107552687,0.007181669391416291,0.0966735270116417,0.10792728918648375,,,,-0.026294491059501768,,,
temporal,TT_min,W1,blind,040114,Ridge_LG,102.0,1.0783220081915876,1.3529345438591251,1.8304318799672992,0.5916434284680061,0.7978537905534071,0.369430579115918,0.4215686274509804,0.9019607843137255,1.6187948498150724,3.9476961305699088,0.02762628049908857,0.029411764705882353,0.5916434284680061,0.028100078976682447,0.0018012847269511802,0.32014058274574303,0.32861036241332575,0.1840150731843725,0.21070090416653342,0.014004716456733513,0.2275926860476728,0.12782113913558846,0.1526389895171455,0.0467270591925818
temporal,TT_min,W1,blind,040514,Clim,102.0,1.947620098650851,2.5357469924013025,6.430012809472251,,1.4307218308048653,0.4707802383848554,0.3627450980392157,0.7745098039215687,2.3398312766832405,5.954298103513354,0.11639110702316079,0.7549019607843137,0.0,0.0,0.0015411146171802957,-0.0015411146171802957,0.0,0.0,0.0,0.0,-0.302835490805351,-0.1184436189197764,-0.07342920382887175,0.0230097593869385
temporal,TT_min,W1,blind,040514,Damp,102.0,1.7066678039837826,2.2215757628928534,4.935398870272963,0.5743233130272148,1.2792078264854296,0.438575955177672,0.47058823529411764,0.8627450980392157,2.4389462193889635,5.9477694496308935,0.1191323128776858,0.7549019607843137,0.5743233130272148,0.08689549695283888,0.0116912792488271,0.23126049168489024,0.23244338440469758,0.10590039311429256,0.06840619163979622,-0.023551677826894046,0.0,0.0,0.0,0.0
temporal,TT_min,W1,blind,040514,GBM_LG,102.0,1.7519428558808448,2.3062930465730727,5.318987616671305,0.43273043775897485,1.346810445579384,0.439919776978763,0.3137254901960784,0.6666666666666666,1.7101132953694238,4.0865491891998085,0.11323654485019288,0.7549019607843137,0.43273043775897485,0.014661467788065919,0.0010815937960370827,0.17151257017897098,0.1727873996089495,0.05864968536775339,0.06555173494955513,0.027103120278254345,-0.07772193423084506,-0.052847252568560155,-0.003064057172369461,0.049489243388954884
temporal,TT_min,W1,blind,040514,Pers,102.0,1.5888661638017745,2.1354319066019603,4.5600694277336835,0.5837161607781862,,,,,,,,,0.5837161607781862,0.0043185130785494035,0.046684102232623884,0.2897219410424521,0.2908148766024068,,,,0.07604845168644314,,,
temporal,TT_min,W1,blind,040514,Ridge_LG,102.0,1.5298299506443533,2.108526029824214,4.445882018446262,0.6114208070340668,1.1797609274472167,0.3688573224984776,0.43137254901960786,0.8529411764705882,2.167078157156165,5.284774693115228,0.09713943438727599,0.7549019607843137,0.6114208070340668,0.05169656045158091,0.014631029720228238,0.3075078131023804,0.3085733807719798,0.1754085930292042,0.21649786370824142,0.16540501356391335,0.09918486118217773,0.07774100265743311,0.15896592564211742,0.18460884338735284
temporal,TT_min,W1,blind,150701,Clim,102.0,0.8422208134030974,1.0116414295471863,1.0234183819762745,,0.5724166728587674,0.46238633481267205,0.3333333333333333,0.7450980392156863,1.0164424920601847,2.3386099881845226,0.0006250000000000002,0.0,0.0,0.0,0.010968114864515474,-0.010968114864515474,0.0,0.0,0.0,0.0,-0.686187538473793,-0.2382423831839633,-0.31975880593453687,0.0
temporal,TT_min,W1,blind,150701,Damp,102.0,0.6266224203174687,0.7790649553172859,0.6069422046035247,0.6631737930818948,0.46228160223919956,0.3503566960367813,0.4803921568627451,0.8333333333333334,0.9301190196917839,2.2682474282804854,0.0006250000000000002,0.0,0.6631737930818948,0.03772634872723429,0.0016316569477762678,0.4004414741556173,0.4069461568283662,0.19240367348059684,0.2422857907798629,0.0,0.0,0.0,0.0,0.0
temporal,TT_min,W1,blind,150701,GBM_LG,102.0,0.6107140039846567,0.7775021136803196,0.6045095367773646,0.6673488380680128,0.41892130276614836,0.31394737624434316,0.43137254901960786,0.8235294117647058,0.7473509862398519,1.9746377405815443,0.0006250000000000002,0.0,0.6673488380680128,0.016528704769922426,0.025981219232324295,0.4028445476684801,0.40932315910720196,0.26815321315857454,0.3210279962717031,0.0,0.004008071621496745,0.09379629053594729,0.10392071909656286,0.0
temporal,TT_min,W1,blind,150701,Pers,102.0,0.6059201265491836,0.7711070510182096,0.5946060841299997,0.7038251119686043,,,,,,,,,0.7038251119686043,0.041928148699122925,0.040814118425447105,0.41262752111304835,0.4189999958943632,,,,0.020325033223852595,,,
temporal,TT_min,W1,blind,150701,Ridge_LG,102.0,0.44730622530981873,0.5867536610314799,0.3442798587338448,0.833263634739582,0.34380402257679943,0.2229769621112353,0.4803921568627451,0.8333333333333334,0.6946735308918371,1.6940750770391453,0.0006250000000000002,0.0,0.833263634739582,0.014547247311268415,0.01987260324845857,0.6599084344196925,0.663598128783829,0.39938153642560603,0.5177691351939053,0.0,0.43276335683602674,0.2562887622793518,0.3635715696787293,0.0
temporal,TT_min,W1,blind,151007,Clim,98.0,0.6851128636760402,0.8906429888540369,0.793244933594852,,0.5025223355099993,0.46664694100338433,0.42857142857142855,0.8877551020408163,1.0155933693137014,2.5517823713993577,0.0006250000000000002,0.0,0.0,0.0,0.0812896409457181,-0.0812896409457181,0.0,0.0,0.0,0.0,-0.03893954673156341,-0.008919628864988205,-0.029460637802775302,0.0
temporal,TT_min,W1,blind,151007,Damp,98.0,0.6738512987595761,0.8737929061530247,0.7635140428433487,0.2317739315412312,0.49807964988779685,0.4532926504109668,0.5,0.8877551020408163,1.0263621950366737,2.502952159980235,0.0006250000000000002,0.0,0.2317739315412312,0.00017669922356089356,0.09430526503014904,-0.04076280891163061,0.037480089052404075,0.008840772455802615,0.028617546626799162,0.0,0.0,0.0,0.0,0.0
temporal,TT_min,W1,blind,151007,GBM_LG,98.0,0.6876895657248907,0.8962557096580066,0.803274297094577,0.37182946599850286,0.5139065917335002,0.458399580114101,0.40816326530612246,0.8367346938775511,0.8650188031449271,2.0833068922864024,0.0006250000000000002,0.0,0.37182946599850286,0.07640099771538451,0.1568170413076645,-0.09496088723831721,-0.012643463670512833,-0.022654229312906837,0.01767366324431463,0.0,-0.0520753411465229,-0.031775925495588275,-0.011266297166971695,0.0
temporal,TT_min,W1,blind,151007,Pers,98.0,0.8256887923667862,1.0765991933669,1.1590658231582596,0.20850241674333017,,,,,,,,,0.20850241674333017,0.4645404858270846,0.15888092501802514,-0.5799481530573005,-0.4611701557368528,,,,-0.5180674592989336,,,
temporal,TT_min,W1,blind,151007,Ridge_LG,98.0,0.6455004417383717,0.8611711080511896,0.7416156773421136,0.4160571391833243,0.4927568547373526,0.42061472517532034,0.46938775510204084,0.7959183673469388,0.8539054793650962,2.082388239094734,0.0006250000000000002,0.0,0.4160571391833243,0.004810227867351623,0.1792059797629487,-0.010912664564888208,0.06508614687113523,0.019432928812479155,0.09864463212613273,0.0,0.02868102519723781,0.010686634460258082,0.07209012810161342,0.0
temporal,TT_min,W1,blind,230201,Clim,102.0,1.2264268461862207,1.5132223963716958,2.2898420208808976,,0.9367773907073683,0.4621048759062746,0.4117647058823529,0.7843137254901961,1.6287888664451435,4.577598936299566,0.0006250000000000002,0.0,0.0,0.0,0.011720971418855362,-0.011720971418855362,0.0,0.0,0.0,0.0,-0.1181246524321391,-0.07675146966153634,-0.10050526323699094,0.0
temporal,TT_min,W1,blind,230201,Damp,102.0,1.1622810311660325,1.4310593613227967,2.047930895629611,0.32067865758813396,0.8700033546291168,0.41990246784195656,0.4803921568627451,0.8725490196078431,1.8507050983046207,4.513247219830096,0.0006250000000000002,0.0,0.32067865758813396,0.00764292932472779,2.9243520875541434e-05,0.09516262858692434,0.10564533406467236,0.07128058036053786,0.09132647211642408,0.0,0.0,0.0,0.0,0.0
temporal,TT_min,W1,blind,230201,GBM_LG,102.0,1.0118272085112516,1.2383449223203689,1.5334981466366406,0.6047522826592104,0.7470725511296504,0.3347969132959075,0.35294117647058826,0.7450980392156863,1.2910133428298718,3.0133444920145322,0.0006250000000000002,0.0,0.6047522826592104,0.03924523378338344,0.004025623498069402,0.3224544661000727,0.33030395431091486,0.20250791859362693,0.2754958219401866,0.0,0.25119634167871374,0.14129922930225014,0.20267933880798528,0.0
temporal,TT_min,W1,blind,230201,Pers,102.0,1.219365348466729,1.5500523584352137,2.4026623138905685,0.42841717419237757,,,,,,,,,0.42841717419237757,0.20794554432481135,0.03716409581206129,-0.06156836499389065,-0.0492699024565324,,,,-0.17321454499171463,,,
temporal,TT_min,W1,blind,230201,Ridge_LG,102.0,0.9369390538264737,1.1877719302322303,1.4108021582475982,0.6387534101352143,0.7047731701610727,0.3243933108429453,0.5098039215686274,0.8725490196078431,1.4879638524358694,3.6286433351082206,0.0006250000000000002,0.0,0.6387534101352143,0.024114098792385696,0.0072265816947573456,0.37666523847222216,0.38388668502778833,0.24766206235091492,0.29800933130872287,0.0,0.31110851383788274,0.18991901995421834,0.2274555743619947,0.0
temporal,TT_min,W1,dev,040114,Clim,152.0,1.1246697854374923,1.3968960765168017,1.9513186485880343,,0.8498821046752262,0.462034287117892,0.4276315789473684,0.8421052631578947,1.6494112318129306,4.070925392916766,0.02588994669641628,0.02631578947368421,0.0,0.0,0.0016737133522395393,-0.0016737133522395393,0.0,0.0,0.0,0.0,-0.025482896608880035,-0.03170160640873987,-0.03651324513106702,-0.09149022676341123
temporal,TT_min,W1,dev,040114,Damp,152.0,1.1213012783094451,1.3794306987220653,1.9028290525768454,0.15290095713672977,0.8237673561773244,0.44575820838591196,0.4276315789473684,0.8486842105263158,1.6822840891280577,4.102525029610038,0.02371981540612376,0.02631578947368421,0.15290095713672977,1.660955589745688e-05,0.0001445598802948907,0.023217533257135724,0.02484965540931816,0.030727495442301578,0.035226993289844466,0.0838213888865561,0.0,0.0,0.0,0.0
temporal,TT_min,W1,dev,040114,GBM_LG,152.0,1.0784751138775606,1.3180065091269113,1.737141158100907,0.3746701023119407,0.8034503647342353,0.42308888485524665,0.3355263157894737,0.7171052631578947,1.248668161948786,2.9915947379624925,0.023829786775538236,0.02631578947368421,0.3746701023119407,6.049451368535164e-05,0.03204680974472846,0.10827038130802633,0.10976038723460413,0.05463315404050573,0.08429115186576641,0.0795737413072084,0.08707450322537413,0.024663506378026057,0.05085565022515415,-0.00463626581959331
temporal,TT_min,W1,dev,040114,Pers,152.0,1.279961279053772,1.5572435487724,2.4250074701932576,0.19121270286925135,,,,,,,,,0.19121270286925135,0.2787250219815483,0.002670475774379961,-0.24483320001736364,-0.24275318741405072,,,,-0.2744221383992791,,,
temporal,TT_min,W1,dev,040114,Ridge_LG,152.0,1.0298761488101467,1.2443052747898242,1.5482956168697801,0.5121032400558255,0.7543354981738306,0.4016777122138477,0.3815789473684211,0.8289473684210527,1.3927657102697228,3.396487087817422,0.022681611667809836,0.02631578947368421,0.5121032400558255,0.0415045271503129,0.015534417858070994,0.20521078346729058,0.20653881005538477,0.11242336551833587,0.1306322422098598,0.12392204071438062,0.18631912058886724,0.08428576039440427,0.09888880416062229,0.043769469556912854
temporal,TT_min,W1,dev,040514,Clim,153.0,1.539735551647693,1.9721627119280667,3.8894257623194664,,1.1604273386268376,0.4643343691810358,0.4117647058823529,0.8104575163398693,2.1758313350641028,5.667990405739963,0.08312813312729954,0.803921568627451,0.0,0.0,0.0005719429779040424,-0.0005719429779040424,0.0,0.0,0.0,0.0,-0.028467262820177197,-0.01978395456172044,0.014359341417466753,-0.014465744709685202
temporal,TT_min,W1,dev,040514,Damp,153.0,1.5445827900349929,1.9446771315855655,3.781769146111863,0.1700494785813665,1.1379148823003031,0.47109904115441326,0.4117647058823529,0.8627450980392157,2.351346784638911,5.734143893778403,0.08194276993659233,0.803921568627451,0.1700494785813665,0.0006584515919154756,0.0011351768998491656,0.027123196674029976,0.027679308665709557,0.01940014301384363,-0.014568535999841092,0.014259470844749766,0.0,0.0,0.0,0.0
temporal,TT_min,W1,dev,040514,GBM_LG,153.0,1.4922696795243442,1.847335236103987,3.412647474551373,0.36672044541781906,1.079127363126599,0.4449653869220523,0.28104575163398693,0.7450980392156863,1.663006806784116,3.9737117822301933,0.09079233643901308,0.803921568627451,0.36672044541781906,8.875740176145685e-06,0.012393633579910445,0.12208137576735703,0.12258320814015633,0.07006037585812397,0.04171343657620119,-0.09219746701128062,0.09760555372344548,0.05166249258895783,0.055473800516174454,-0.10799691674163059
temporal,TT_min,W1,dev,040514,Pers,153.0,1.587802210449928,1.9736291590198978,3.895212057333589,0.22208779951842214,,,,,,,,,0.22208779951842214,0.051187976830058685,0.00019550677244175498,-0.0020604929075655758,-0.001487699050636282,,,,-0.029997312590685166,,,
temporal,TT_min,W1,dev,040514,Ridge_LG,153.0,1.4053623417404346,1.7574970738381033,3.0887959645494956,0.4627844741479185,1.0369787585917196,0.42729091591400475,0.4117647058823529,0.8169934640522876,1.9398241241041918,4.730578547113055,0.0775036753751635,0.803921568627451,0.4627844741479185,0.008417939195997561,0.00035792431231228505,0.2053936060040556,0.20584781576921363,0.10638199904976198,0.07977753904447349,0.06766009942173157,0.18324047682149813,0.08870270112342704,0.09299132754135542,0.054173108437313044
temporal,TT_min,W1,dev,150701,Clim,147.0,0.739593003649161,0.9177389636862214,0.8422448054678596,,0.4553809693698541,0.46078623634778987,0.46938775510204084,0.8843537414965986,1.0413835475573252,2.361819999903963,0.0006250000000000002,0.0,0.0,0.0,0.31795126003211593,-0.31795126003211593,0.0,0.0,0.0,0.0,-0.6183124157200899,-0.08579812781181384,-0.16329010003207634,0.0
temporal,TT_min,W1,dev,150701,Damp,147.0,0.5525593281940514,0.7214196834067593,0.5204463596067089,0.463913057048034,0.41939745308602977,0.39610604124894055,0.5374149659863946,0.9115646258503401,0.9355657070493484,2.281530066663192,0.0006250000000000002,0.0,0.463913057048034,0.01083777170711114,0.0187760874819482,0.1856014653105931,0.3820723425921214,0.0790184893620336,0.1403691994177324,0.0,0.0,0.0,0.0,0.0
temporal,TT_min,W1,dev,150701,GBM_LG,147.0,0.5421213900501627,0.684437437056663,0.4684546052446936,0.5175815540964374,0.39715311380076207,0.3660407584611992,0.4489795918367347,0.8163265306122449,0.7035464224476685,1.745971507073873,0.0006250000000000002,0.0,0.5175815540964374,3.094871357453509e-05,0.0009011471870160449,0.26695856924029276,0.44380232183863555,0.1278662471329587,0.20561698768944814,0.0,0.09989839183677718,0.05303880393547544,0.07590210614547588,0.0
temporal,TT_min,W1,dev,150701,Pers,147.0,0.6744458543377806,0.8796723169939964,0.7738233852855861,0.3555962800830142,,,,,,,,,0.3555962800830142,0.337257391530196,7.620938496407014e-05,-0.21088488650628262,0.08123697497221849,,,,-0.4868456105070065,,,
temporal,TT_min,W1,dev,150701,Ridge_LG,147.0,0.45957543651481053,0.6016048756882394,0.36192842645186196,0.6748913614659278,0.34996866230712925,0.3163593039198703,0.5374149659863946,0.891156462585034,0.8092989689705805,1.9736079643719848,0.0006250000000000002,0.0,0.6748913614659278,0.017331261869563602,0.00449552079845408,0.4336515671133159,0.570281200783644,0.23148158169321842,0.31343586469216866,0.0,0.3045807319598427,0.1655441402136002,0.20132673835931691,0.0
temporal,TT_min,W1,dev,151007,Clim,154.0,0.6647391144122102,0.8608341251095759,0.741035390953169,,0.5083640349158508,0.4582695136999589,0.43506493506493504,0.8376623376623377,0.9917317434019234,2.488334536157695,0.0006250000000000002,0.0,0.0,0.0,0.2053505873160065,-0.2053505873160065,0.0,0.0,0.0,0.0,-0.059081581791047943,-0.04049798970400498,-0.024711301688780773,0.0
temporal,TT_min,W1,dev,151007,Damp,154.0,0.6563657411059842,0.8364784700520901,0.6996962308606854,0.09777733180631432,0.488577623355589,0.44721817056638824,0.4025974025974026,0.8636363636363636,0.992135131254905,2.419483864249313,0.0006250000000000002,0.0,0.09777733180631432,0.03632118990394249,0.11134850691112867,-0.13810929019990908,0.055785675822190295,0.03892173757637496,0.024115379276148596,0.0,0.0,0.0,0.0,0.0
temporal,TT_min,W1,dev,151007,GBM_LG,154.0,0.6118258960927903,0.7584720023706953,0.575279778380212,0.32290334481032823,0.43607474177398875,0.37870834151743615,0.43506493506493504,0.8246753246753247,0.7747493848815602,1.8354903848615562,0.0006250000000000002,0.0,0.32290334481032823,0.031045397472895038,0.00895761274781382,0.06426355986898888,0.22368110159995325,0.1421998571433719,0.17361218628785668,0.0,0.17781495310819473,0.10746067578987029,0.15319106771128388,0.0
temporal,TT_min,W1,dev,151007,Pers,154.0,0.8307049461983325,1.0499032409743407,1.1022968154084245,0.1204430840430624,,,,,,,,,0.1204430840430624,0.7987419724201783,0.008734414191182056,-0.7929698501175562,-0.4875090027624418,,,,-0.5753933875740711,,,
temporal,TT_min,W1,dev,151007,Ridge_LG,154.0,0.5834829535184949,0.730445896258122,0.533551207360331,0.3738068858045879,0.435209070095305,0.3932847863235987,0.44155844155844154,0.8896103896103896,0.9087501995468829,2.2161360636992926,0.0006250000000000002,0.0,0.3738068858045879,2.8861019512599266e-05,0.007564463293829709,0.1321382635615819,0.2799922731436052,0.1439027149760017,0.1418046050056635,0.0,0.2374530777391527,0.10923249594147322,0.12059747969203605,0.0
temporal,TT_min,W1,dev,230201,Clim,154.0,1.0208627582080463,1.2656647755790447,1.6019073241415536,,0.7429486474788052,0.46512359650415297,0.4935064935064935,0.8571428571428571,1.5632566290486423,4.689955855457573,0.0006250000000000002,0.0,0.0,0.0,0.142190504913941,-0.142190504913941,0.0,0.0,0.0,0.0,-0.07346819263396931,-0.010131053297318227,-0.010954333758675272,0.0
temporal,TT_min,W1,dev,230201,Damp,154.0,0.9845914786416121,1.221586158570218,1.4922727428103417,0.15866736468314663,0.7354972852815846,0.46008368624807,0.564935064935065,0.9090909090909091,1.898572914224833,4.6299807217365565,0.0006250000000000002,0.0,0.15866736468314663,0.00827226013311056,0.08092202781942842,-0.06401895533704434,0.06844002750905953,0.010029444460941894,0.010835636579100028,0.0,0.0,0.0,0.0,0.0
temporal,TT_min,W1,dev,230201,GBM_LG,154.0,0.939640400494366,1.1116016629320757,1.235658257033356,0.35243561242727756,0.6819038328078967,0.4271233101154086,0.2922077922077922,0.8311688311688312,1.189762478878484,2.883005836120892,0.0006250000000000002,0.0,0.35243561242727756,0.003723464503694935,0.0015353242279225303,0.11895207217537274,0.2286331185260464,0.08216559095714626,0.08169933040239785,0.0,0.1719621878864538,0.07286696164102058,0.0716399583768107,0.0
temporal,TT_min,W1,dev,230201,Pers,154.0,1.1838613080863498,1.4482476430350943,2.097421235556706,0.1578759196537835,,,,,,,,,0.1578759196537835,0.5022233541863682,0.018202835673026545,-0.49550138385286685,-0.3093274523110714,,,,-0.40552137379840536,,,
temporal,TT_min,W1,dev,230201,Ridge_LG,154.0,0.913268575238985,1.098360418030602,1.2063956078963587,0.3994410211194705,0.6639533496364991,0.4392098798060117,0.36363636363636365,0.8636363636363636,1.3180000087882084,3.214158690570768,0.0006250000000000002,0.0,0.3994410211194705,0.01970229107304799,3.3938602230600864e-05,0.13981689967768668,0.24690049810287606,0.1063267267668857,0.0557136143874607,0.0,0.19157163882495187,0.0972728752053722,0.04536958615568787,0.0
temporal,TT_min,W2,blind,040114,Clim,100.0,1.123705213084681,1.397674385592418,1.953493688141143,,0.8463949188215413,0.48273056753807253,0.36,0.76,1.3770997673953056,3.348002675360088,0.010182453518100992,0.01,0.0,0.0,0.016753823494628863,-0.016753823494628863,0.0,0.0,0.0,0.0,-0.09641179985009773,-0.055287570258742536,-0.07465492489906933,-0.0035860647118093336
temporal,TT_min,W2,blind,040114,Damp,100.0,1.0677726866598096,1.3348090906322525,1.7817153084345008,0.3662832088338041,0.8020514432990208,0.44919588265359706,0.42,0.77,1.3950760817163843,3.4021213066445988,0.010146069057888916,0.01,0.3662832088338041,0.05428517205947305,0.00722487967648353,0.07265333733763157,0.0879339312685975,0.05239099920904666,0.06946874123903624,0.003573250803197481,0.0,0.0,0.0,0.0
temporal,TT_min,W2,blind,040114,GBM_LG,100.0,0.95833668700106,1.1967755043080033,1.4322716077116755,0.5401278898579097,0.7331466473804775,0.39017941110897275,0.29,0.67,0.9861183600137358,2.3085727874030613,0.010125000000000002,0.01,0.5401278898579097,0.03210550965710662,0.0051009352519754865,0.2545316924932762,0.2668153388944088,0.13380074587255608,0.19172425086132616,0.005642404161124492,0.19612768609473485,0.08591069375191462,0.13138248551163945,0.002076573475767174
temporal,TT_min,W2,blind,040114,Pers,100.0,1.069478105723299,1.3478759265329843,1.816769513327151,0.5006318546826454,,,,,,,,,0.5006318546826454,0.1847303962419673,0.01149352265413427,0.05440833502688376,0.06998956569145232,,,,-0.019674414159605913,,,
temporal,TT_min,W2,blind,040114,Ridge_LG,100.0,0.8768241452429111,1.1053187424264916,1.221729522359281,0.6546459062828028,0.6512445595788218,0.34881490985850533,0.46,0.83,1.3141372267067541,3.2047386643840436,0.010267913171431269,0.01,0.6546459062828028,0.05920799090542867,0.005238696204007103,0.36411457550339654,0.37459254167244127,0.2305665533938137,0.2774128399668939,-0.008392835103873342,0.31429588297540634,0.18802644765514775,0.22346814980159058,-0.012008997065480864
temporal,TT_min,W2,blind,040514,Clim,100.0,1.753639539082562,2.244661779283851,5.038506503377744,,1.3159593011929471,0.47025028978380384,0.38,0.7,1.8813904404534947,4.979120123553631,0.10393711310467058,0.76,0.0,0.0,0.002051077535597286,-0.002051077535597286,0.0,0.0,0.0,0.0,-0.16396779990865107,-0.05960136672000327,-0.015017731703646842,0.07476873271822915
temporal,TT_min,W2,blind,040514,Damp,100.0,1.6122061003133619,2.080560881495755,4.3287335816103925,0.480652247898797,1.241938093442159,0.4632926845470145,0.42,0.74,2.0168536007401623,4.918427530503622,0.11233636041076146,0.76,0.480652247898797,0.08213761323073245,0.00978140862510154,0.13910756155433265,0.1408697044037811,0.05624885791200829,0.014795536308947477,-0.08081085817375322,0.0,0.0,0.0,0.0
temporal,TT_min,W2,blind,040514,GBM_LG,100.0,1.6476567753425453,2.0950343215199223,4.389168808346441,0.3850524486475551,1.2925825406921205,0.4415555753837775,0.29,0.6,1.2390233691023633,3.259813338324778,0.09590124046614028,0.76,0.3850524486475551,0.017616384897143414,0.00356071453880849,0.12708828877352615,0.1288750336227602,0.0177640451947374,0.06102008871322262,0.07731475695729328,-0.013961410559613308,-0.040778560153183596,0.04691874033040366,0.14630276327740765
temporal,TT_min,W2,blind,040514,Pers,100.0,1.45350590531239,1.8661600433363692,3.4825533073451997,0.6081951861082537,,,,,,,,,0.6081951861082537,0.0005828269247540567,0.06192385467739123,0.3073947028031081,0.308812382198863,,,,0.19547986918390892,,,
temporal,TT_min,W2,blind,040514,Ridge_LG,100.0,1.430703303567368,1.8657841160986068,3.4811503678858595,0.6443796892254268,1.1014412225442685,0.3540112660639607,0.41,0.74,1.7107262905935718,4.171885991984686,0.07312500870953177,0.76,0.6443796892254268,0.08945388962146245,0.01809757683780861,0.3076737174269865,0.30909082571350366,0.16301269990205103,0.2471854377235656,0.2964494921473263,0.19580396846904402,0.11312711288892763,0.23587987060469984,0.3490530720227373
temporal,TT_min,W2,blind,150701,Clim,100.0,0.7907024444198573,0.9511432801170882,0.9046735393118935,,0.5365727901145081,0.4790302156250648,0.34,0.71,0.8831401524529793,2.0394499103385955,0.0006250000000000002,0.0,0.0,0.0,0.012066758681873405,-0.012066758681873405,0.0,0.0,0.0,0.0,-0.5899932570535771,-0.18897036982761062,-0.2761529710932171,0.0
temporal,TT_min,W2,blind,150701,Damp,100.0,0.5928333479855863,0.754307285994532,0.5689794817044367,0.6343986007052677,0.4512919781106959,0.3753705288282982,0.42,0.8,0.8195890644293965,1.998702045954097,0.0006250000000000002,0.0,0.6343986007052677,0.038638962707614154,0.0003452952780911777,0.36347732659109633,0.3710665151793763,0.1589361472944103,0.2163948816078456,0.0,0.0,0.0,0.0,0.0
temporal,TT_min,W2,blind,150701,GBM_LG,100.0,0.5420434112072509,0.6888956282405809,0.4745771866089846,0.7515084331409597,0.3916195665359154,0.3253709125766134,0.37,0.73,0.6038701369497139,1.5121952427105307,0.0006250000000000002,0.0,0.7515084331409597,0.0550092979717222,0.04066956912855072,0.4690860579817074,0.47541608548653447,0.2701464298024854,0.3207716299230694,0.0,0.16591511316481966,0.13222573072225907,0.13320069747552188,0.0
temporal,TT_min,W2,blind,150701,Pers,100.0,0.594609503121384,0.758873180992602,0.5758885048298304,0.6905309924612468,,,,,,,,,0.6905309924612468,0.07915415006060757,0.04193076375580933,0.3557481377330976,0.36342948057499413,,,,-0.012142833524852348,,,
temporal,TT_min,W2,blind,150701,Ridge_LG,100.0,0.37982558869809757,0.5119499177218404,0.2620927182553992,0.8664770126559174,0.2968076273931144,0.2159263665653507,0.44,0.82,0.5281404808657051,1.2879569841410439,0.0006250000000000002,0.0,0.8664770126559174,0.026110448850078967,0.017877542438179246,0.7067944221728645,0.7102902794584327,0.4468455485232977,0.5492427001006644,0.0,0.5393634978360319,0.34231574725595626,0.4247647324915067,0.0
temporal,TT_min,W2,blind,151007,Clim,97.0,0.5902395053294833,0.7238549700106844,0.5239660176091688,,0.4168442808933753,0.48210061946872457,0.44329896907216493,0.8556701030927835,0.8122764522474889,2.1132562000366346,0.0006250000000000002,0.0,0.0,0.0,0.13799535366624194,-0.13799535366624194,0.0,0.0,0.0,0.0,-0.00972888166990482,0.025324729953323133,0.023087103744575677,0.0
temporal,TT_min,W2,blind,151007,Damp,97.0,0.5937889409426925,0.7203593064296862,0.5189175303598585,0.19212343067087229,0.4276750356797426,0.49349396585575855,0.3917525773195876,0.865979381443299,0.8416302015661297,2.0524529655335497,0.0006250000000000002,0.0,0.19212343067087229,0.002914310337497386,0.1610277085348295,-0.12703060625958143,0.009635142508566341,-0.02598273571885157,-0.02363271468016248,0.0,0.0,0.0,0.0,0.0
temporal,TT_min,W2,blind,151007,GBM_LG,97.0,0.5525100536977994,0.7143310496964379,0.5102688485604149,0.47100968881141964,0.4132054515149692,0.4499697970743106,0.4742268041237113,0.8041237113402062,0.7036649668414102,1.5922354041386555,0.0006250000000000002,0.0,0.47100968881141964,0.06716053254620687,0.26293623496690177,-0.10824664055887828,0.026141330903964866,0.00872946936109431,0.06664754430272701,0.0,0.016666775149118518,0.033833127860211865,0.08819594927766439,0.0
temporal,TT_min,W2,blind,151007,Pers,97.0,0.8408727424691408,1.0530252379357714,1.1088621517296882,0.05827563064280737,,,,,,,,,0.05827563064280737,1.1465164741573473,0.26520365347103486,-1.4083240785015652,-1.1162863896963615,,,,-1.1368754895613473,,,
temporal,TT_min,W2,blind,151007,Ridge_LG,97.0,0.5459255748952955,0.7151749303511572,0.5114751810027826,0.4763696750308583,0.4189705755370635,0.4462313748058365,0.4020618556701031,0.7525773195876289,0.646962521087701,1.577723972505494,0.0006250000000000002,0.0,0.4763696750308583,0.006197502958573164,0.3315972234940576,-0.11086665916362523,0.02383902044522157,-0.005100932749110054,0.07440198832852774,0.0,0.014342065784354707,0.020352976948594392,0.09577136564975997,0.0
temporal,TT_min,W2,blind,230201,Clim,100.0,1.0699203922730485,1.2821377557216462,1.6438772246469397,,0.8264773223253742,0.49996881226649337,0.36,0.71,1.2295837226798485,3.728489518472316,0.0006250000000000002,0.0,0.0,0.0,0.014666127607708737,-0.014666127607708737,0.0,0.0,0.0,0.0,-0.09925772875535577,-0.09541652347972529,-0.10971878600298823,0.0
temporal,TT_min,W2,blind,230201,Damp,100.0,1.006309992400279,1.2228830498417909,1.4954429535903597,0.32845960018176534,0.754486813563819,0.4505364949865299,0.5,0.81,1.561725044207118,3.8085220710548104,0.0006250000000000002,0.0,0.32845960018176534,0.029359772304081763,0.001572553528288254,0.07695338311919513,0.09029522937058743,0.08710524392732633,0.09887080167235507,0.0,0.0,0.0,0.0,0.0
temporal,TT_min,W2,blind,230201,GBM_LG,100.0,0.8084474322763083,0.9881158630033678,0.9763729587188904,0.6933404340023747,0.6240894225234024,0.3039638808456735,0.28,0.69,0.8542810751657973,2.1841026839685833,0.0006250000000000002,0.0,0.6933404340023747,0.07922490481378754,0.004152111267301268,0.39734394134151246,0.4060548171846661,0.244880161058181,0.3920343161651958,0.0,0.3471011673332315,0.17282925121578252,0.32532905940336454,0.0
temporal,TT_min,W2,blind,230201,Pers,100.0,1.0837764495439242,1.3553388201997165,1.8369433175403598,0.4910544409760661,,,,,,,,,0.4910544409760661,0.31798191113530555,0.05698671924999393,-0.1338341663829827,-0.11744556710120801,,,,-0.22836067609941457,,,
temporal,TT_min,W2,blind,230201,Ridge_LG,100.0,0.8035328034816868,0.9767984395786865,0.9541351915633569,0.6789190710641547,0.5911559449931609,0.3204979649178227,0.42,0.85,1.16648895042403,2.844674182443536,0.0006250000000000002,0.0,0.6789190710641547,0.0374837179547226,0.012377415159474782,0.4110699719404174,0.41958244979744197,0.28472817217792956,0.35896408524979984,0.0,0.3619715220345884,0.21647942102415896,0.2886304028990929,0.0
temporal,TT_min,W2,dev,040114,Clim,151.0,0.9363259218596064,1.1324373550651834,1.2824143631470284,,0.6949187833046787,0.4870895684498468,0.3509933774834437,0.847682119205298,1.2590808329654686,3.2084015271946407,0.006951588657563263,0.006622516556291391,0.0,0.0,0.0005525687177832598,-0.0005525687177832598,0.0,0.0,0.0,0.0,-0.0012401115353006809,-0.025005658286786137,-0.04183268604636736,-0.005089060243737231
temporal,TT_min,W2,dev,040114,Damp,151.0,0.926625809771583,1.1317358331583427,1.280825996054608,0.04061628558284486,0.6779658021265748,0.4675314711984076,0.40397350993377484,0.8609271523178808,1.3204500904255128,3.220133615559114,0.00691639072847682,0.006622516556291391,0.04061628558284486,0.000939089142550846,2.390226821151098e-05,0.0006866912437848542,0.0012385755634570783,0.02439562951152985,0.04015297907873994,0.005063292841435363,0.0,0.0,0.0,0.0
temporal,TT_min,W2,dev,040114,GBM_LG,151.0,0.9381736132128886,1.1288229617596304,1.274241278995784,0.2853064284511575,0.6876828734805759,0.4863600314175639,0.31125827814569534,0.6490066225165563,0.9509492952850109,2.1566645782478604,0.00691639072847682,0.006622516556291391,0.2853064284511575,0.009782902281083292,0.06579270219411938,0.005824153640352783,0.006373200726782158,0.0104125978430063,0.0014977471897101857,0.005063292841435363,0.005140992671219591,-0.014332686580240006,-0.0402722840686931,0.0
temporal,TT_min,W2,dev,040114,Pers,151.0,1.1615033124984966,1.411631316747269,1.9927029744216285,0.13322541686159622,,,,,,,,,0.13322541686159622,0.5671765220238648,0.005299368166269867,-0.5547268784921886,-0.5538682595004323,,,,-0.5557952294533763,,,
temporal,TT_min,W2,dev,040114,Ridge_LG,151.0,0.8635235915473959,1.044408960759447,1.090790077314628,0.4754724974518887,0.6451248952799535,0.4508660808471257,0.33774834437086093,0.7417218543046358,1.0424367706554356,2.542152642967927,0.006965351304648791,0.006622516556291391,0.4754724974518887,0.041148478105355296,0.03597099366286994,0.14895462406491106,0.1494246254090268,0.07165425546267579,0.07436720050893642,-0.001979784444028354,0.1483698170753539,0.04844035900278332,0.03564549421360674,-0.007078919930070704
temporal,TT_min,W2,dev,040514,Clim,151.0,1.2988657939562,1.65031449733909,2.723537940127573,,0.9835083359141682,0.4790874043322732,0.39072847682119205,0.7682119205298014,1.684418959409949,4.5204858403460735,0.06446117292034892,0.8145695364238411,0.0,0.0,5.559812806279764e-05,-5.559812806279764e-05,0.0,0.0,0.0,0.0,0.008662047872566192,-0.011772769431221075,0.023931522998316468,0.08076305954945773
temporal,TT_min,W2,dev,040514,Damp,151.0,1.3179619869858623,1.657508820995681,2.7473354916784922,0.019637906691057787,0.9720644453270452,0.4908338048206907,0.3973509933774834,0.8211920529801324,1.891740817105841,4.613319534950966,0.07012465457355838,0.8145695364238411,0.019637906691057787,0.009175388071701167,4.077784767183863e-06,-0.00879381847726166,-0.008737734547514586,0.01163578402869958,-0.02451828284817692,-0.08785880548911984,0.0,0.0,0.0,0.0
temporal,TT_min,W2,dev,040514,GBM_LG,151.0,1.2795063871848467,1.573800282726871,2.476847329911179,0.33960337505080673,0.9787630255810844,0.4826015616888492,0.271523178807947,0.6556291390728477,1.274733487499758,3.0018730579825905,0.08438465085030758,0.8145695364238411,0.33960337505080673,1.6828563589629326e-06,0.024802069453995435,0.09052670003554451,0.09057726223738183,0.004824880643917506,-0.007335106965447924,-0.30907718596087297,0.09845472552828183,-0.0068910865799494125,0.016771956313907266,-0.20335210723627828
temporal,TT_min,W2,dev,040514,Pers,151.0,1.3916915192427113,1.7403079669239396,3.028671819738936,0.16182450453171496,,,,,,,,,0.16182450453171496,0.13769537123012945,0.0005894730206519348,-0.11209767398384635,-0.11203584687242141,,,,-0.1024033391308028,,,
temporal,TT_min,W2,dev,040514,Ridge_LG,151.0,1.2431053610756366,1.565608096855685,2.4511287129400796,0.32123957947850174,0.9420693245182801,0.46363783231875644,0.39072847682119205,0.7549668874172185,1.5711178660479077,3.8314280040952156,0.06904010110450133,0.8145695364238411,0.32123957947850174,3.210051322467668e-05,0.0031924507241927586,0.09997031618610719,0.10002035336975457,0.04213386901024152,0.03224791942724847,-0.07103389492788681,0.10781602015320091,0.030857131904123314,0.05540770060014388,0.015466079307661751
temporal,TT_min,W2,dev,150701,Clim,145.0,0.6803110567664992,0.8421414658264033,0.7092022484642432,,0.40220128426762347,0.4634389254818377,0.4413793103448276,0.8758620689655172,0.8899017224875655,2.030546725965684,0.0006250000000000001,0.0,0.0,0.0,0.3897884472941124,-0.3897884472941124,0.0,0.0,0.0,0.0,-0.7402095852063535,-0.06279089473355293,-0.047665397012125243,0.0
temporal,TT_min,W2,dev,150701,Damp,145.0,0.5090291500766376,0.6383873515343627,0.40753841059905793,0.5010422745647556,0.37843877498447837,0.44235394888820023,0.47586206896551725,0.903448275862069,0.8299982426126657,2.0240865302457287,0.0006250000000000001,0.0,0.5010422745647556,0.0017080083138079458,0.04796814895197729,0.2013672036352387,0.42535657285129813,0.05908113726293718,0.045496775161290914,0.0,0.0,0.0,0.0,0.0
temporal,TT_min,W2,dev,150701,GBM_LG,145.0,0.4822500020357652,0.5902876559021631,0.3484395167104706,0.5692408747758612,0.35478875278179134,0.4228352876487183,0.38620689655172413,0.7379310344827587,0.5318932682969718,1.370612944679669,0.0006250000000000001,0.0,0.5692408747758612,0.006854571872713395,2.2884174545838885e-07,0.3171803728011288,0.5086880823277051,0.11788259595482542,0.0876137838247052,0.0,0.14501429154055767,0.062493654894789974,0.04412453260231908,0.0
temporal,TT_min,W2,dev,150701,Pers,145.0,0.6634359847741234,0.835554177683258,0.6981507838439455,0.34742621488149955,,,,,,,,,0.34742621488149955,0.4887045012480484,0.00013191412121245423,-0.3681314405823749,0.01558295203410498,,,,-0.7130919827107931,,,
temporal,TT_min,W2,dev,150701,Ridge_LG,145.0,0.4427364844273258,0.5442110622435342,0.2961656802682359,0.6658246236990765,0.3282412651253613,0.387053778173584,0.4413793103448276,0.8551724137931035,0.6786919490343372,1.6551013745551986,0.0006250000000000001,0.0,0.6658246236990765,0.020138215809310064,0.003565398085061384,0.4196188156296453,0.5823960218547332,0.18388807305013344,0.16482246766137743,0.0,0.273281554411302,0.13264367495422735,0.12501339900684993,0.0
temporal,TT_min,W2,dev,151007,Clim,151.0,0.5735347443289786,0.7235828143268349,0.5235720891891429,,0.43057096059053074,0.46592211894210944,0.39072847682119205,0.8278145695364238,0.7830236530809511,2.0489438858317848,0.0006250000000000002,0.0,0.0,0.0,0.3168987077257831,-0.3168987077257831,0.0,0.0,0.0,0.0,-0.04236333649775137,-0.03697872491735832,-0.03288838105820502,0.0
temporal,TT_min,W2,dev,151007,Damp,151.0,0.5528466559278375,0.7087265130898346,0.5022932703564755,0.03587904201634902,0.41521677373356425,0.45108661060236466,0.4503311258278146,0.8410596026490066,0.795853464560823,1.940818901731945,0.0006250000000000002,0.0,0.03587904201634902,0.06082027524534342,0.20384483891115332,-0.2633778085004858,0.04064162179772013,0.035660061319296,0.03184117631811345,0.0,0.0,0.0,0.0,0.0
temporal,TT_min,W2,dev,151007,GBM_LG,151.0,0.5001880812185938,0.6323282562715488,0.3998390236794175,0.26630354972383036,0.3604248936247747,0.3886096366317345,0.3576158940397351,0.7549668874172185,0.5949087560809874,1.3980440688111364,0.0006250000000000002,0.0,0.26630354972383036,0.0700927116271543,0.006507762411415907,-0.005682893443057618,0.23632479283101404,0.16291406849535384,0.16593434646527483,0.0,0.20397296305472434,0.13195969810205277,0.13850327742426394,0.0
temporal,TT_min,W2,dev,151007,Pers,151.0,0.7729851307700907,0.9877704660879738,0.975690493675653,0.05605912298741118,,,,,,,,,0.05605912298741118,1.4429484263728105,0.014269916057294368,-1.4540757171599872,-0.863526558848289,,,,-0.9424717615332758,,,
temporal,TT_min,W2,dev,151007,Ridge_LG,151.0,0.4853601125790551,0.610383198829018,0.37256764941274456,0.30460102304692327,0.36614765977179853,0.38549946836983034,0.41721854304635764,0.8145695364238411,0.6948136501650779,1.6944167808151709,0.0006250000000000002,0.0,0.30460102304692327,0.003317163139258836,0.02655402227373867,0.06291059782823477,0.28841193580478885,0.1496229581539249,0.1726096429053019,0.0,0.25826669119350376,0.11817709944746191,0.14539811355728705,0.0
temporal,TT_min,W2,dev,230201,Clim,151.0,0.8064780190964933,1.012612111685336,1.025383288731835,,0.5797897883574811,0.4606610065973859,0.4503311258278146,0.8741721854304636,1.1904215258918431,3.8048535523436193,0.0006250000000000002,0.0,0.0,0.0,0.22506453906612106,-0.22506453906612106,0.0,0.0,0.0,0.0,-0.027025755611903568,0.025366966905290056,0.011096675129788736,0.0
temporal,TT_min,W2,dev,230201,Damp,151.0,0.7913419479232543,0.9992000570219997,0.9984007539527673,0.016877837279215355,0.5948800919629204,0.46583017268937327,0.5761589403973509,0.9403973509933775,1.6055111336496124,3.9153016150375874,0.0006250000000000002,0.0,0.016877837279215355,0.01985951640873807,0.17325282021578736,-0.19282747523330176,0.026314584093172555,-0.026027197974958227,-0.011221193063786217,0.0,0.0,0.0,0.0,0.0
temporal,TT_min,W2,dev,230201,GBM_LG,151.0,0.7174218888650096,0.8743373090448365,0.764465729987766,0.32240330435345116,0.524960204485753,0.4268673605913469,0.3708609271523179,0.8013245033112583,0.89590440296883,2.124875040469003,0.0006250000000000002,0.0,0.32240330435345116,0.016746112232478787,0.0005341546186559006,0.08666362380688937,0.2544585635550629,0.09456803995644325,0.07335903304612534,0.0,0.2343097428951545,0.11753610252186009,0.08364166681836582,0.0
temporal,TT_min,W2,dev,230201,Pers,151.0,1.0568095568579896,1.3206333714603977,1.744072501814857,0.08211691919313259,,,,,,,,,0.08211691919313259,1.0608335232326516,0.029619629072089773,-1.0837099638869698,-0.7008981138866388,,,,-0.7468661706332869,,,
temporal,TT_min,W2,dev,230201,Ridge_LG,151.0,0.7127575260628862,0.8934402064930758,0.7982354025783899,0.3101198722108178,0.5336627138217863,0.4456966139414543,0.41721854304635764,0.8344370860927153,1.005519717205938,2.4521243672594437,0.0006250000000000002,0.0,0.3101198722108178,0.0486113519386322,0.0012452757374950226,0.046317707463926765,0.22152485675320022,0.07955827346730393,0.03248460894588012,0.0,0.2004859777818706,0.10290708828250683,0.043220812923478236,0.0
temporal,TT_min,W3_4,blind,040114,Clim,96.0,1.0234194001683807,1.2499530233926042,1.562382560688312,,0.7790073571716892,0.4747327339248044,0.3541666666666667,0.625,1.1436803396060748,2.595958393968244,0.0006250000000000002,0.0,0.0,0.0,0.022896332371826117,-0.022896332371826117,0.0,0.0,0.0,0.0,-0.23071530945262175,-0.13350028617776588,-0.20306256991226346,0.0
temporal,TT_min,W3_4,blind,040114,Damp,96.0,0.9080396767610993,1.1267171110521208,1.269491448337637,0.609467635554076,0.6872581918779668,0.39460352752843564,0.375,0.7291666666666666,1.0606026692263864,2.5864531591853224,0.0006250000000000002,0.0,0.609467635554076,0.19213770230075455,0.010452779657857273,0.1688603168292642,0.1874644019462436,0.11777702026696191,0.16878803728975822,0.0,0.0,0.0,0.0,0.0
temporal,TT_min,W3_4,blind,040114,GBM_LG,96.0,0.8328116393574764,1.0707873480168617,1.1465855446729836,0.5374427078807713,0.6384024484203921,0.2860930629833347,0.21875,0.5,0.5809649248251824,1.5268666681123229,0.0006250000000000002,0.0,0.5374427078807713,0.03421445268660058,0.005303047982181396,0.2493271635854341,0.26613009289616485,0.18049240158884483,0.3973597299303768,0.0,0.09681507018073665,0.07108790267610199,0.27498604795741854,0.0
temporal,TT_min,W3_4,blind,040114,Pers,96.0,0.9010336249038962,1.1115930402829022,1.2356390872053857,0.6263912300358061,,,,,,,,,0.6263912300358061,0.19054947154236593,0.010792947011141953,0.19102355451226227,0.20913154159822323,,,,0.02666608048173924,,,
temporal,TT_min,W3_4,blind,040114,Ridge_LG,96.0,0.6973893542933434,0.9026321600875545,0.8147448164243247,0.7672654424369181,0.520780664215999,0.2778133859419511,0.4479166666666667,0.8229166666666666,0.99506758849378,2.426635141074965,0.0006250000000000002,0.0,0.7672654424369181,0.12162567369649276,0.00048634771381764007,0.4665842377476093,0.4785241227568575,0.3314817126929629,0.41480044225061696,0.0,0.3582116543666285,0.24223433002240358,0.2959683161425072,0.0
temporal,TT_min,W3_4,blind,040514,Clim,96.0,1.6573651839954955,2.0764262808666754,4.311546099873813,,1.2592944931383576,0.4974501401497075,0.25,0.5416666666666666,1.4432595453178305,3.9051207070322604,0.10076309701751818,0.7916666666666666,0.0,0.0,0.0021736981415374774,-0.0021736981415374774,0.0,0.0,0.0,0.0,-0.17919398639452955,-0.07887597731111629,-0.02953194095382461,-0.04547239100003675
temporal,TT_min,W3_4,blind,040514,Damp,96.0,1.5242194657906882,1.9121585034282318,3.6563501422328955,0.598073783802659,1.1672282260625533,0.48318087119165787,0.2708333333333333,0.71875,1.5959235404470435,3.891920700160336,0.09638044761864462,0.7916666666666666,0.598073783802659,0.19711499676991912,0.010457519524558744,0.1501197345775518,0.15196311078758806,0.07310940179398462,0.028684822470359084,0.04349458808428264,0.0,0.0,0.0,0.0
temporal,TT_min,W3_4,blind,040514,GBM_LG,96.0,1.5587931601830132,1.9814831066986964,3.926275302132318,0.31724528312505934,1.2205882787380438,0.4499000941105848,0.1875,0.4583333333333333,1.0387019893254155,2.456231796310296,0.08732209907853328,0.7916666666666666,0.31724528312505934,0.007486634336814325,0.005779474867172844,0.08737846046111189,0.08935792145485144,0.03073642790563791,0.09558756185054551,0.13339206849356877,-0.07382366277825403,-0.045715183615368415,0.06887850712921118,0.09398533378837537
temporal,TT_min,W3_4,blind,040514,Pers,96.0,1.3177790618765655,1.6692172894131918,2.7862863592759233,0.6497108585300014,,,,,,,,,0.6497108585300014,7.875634713921134e-05,0.06968850225537522,0.3523569410892771,0.3537616681502095,,,,0.2379596453050946,,,
temporal,TT_min,W3_4,blind,040514,Ridge_LG,96.0,1.3331232766955847,1.733225798739301,3.004071669415488,0.7298234507564949,1.0288442419644426,0.39076783839831736,0.3125,0.6354166666666666,1.3213505098411173,3.222329435642974,0.07069311559813733,0.7916666666666666,0.7298234507564949,0.2026372267060758,0.028270014038126425,0.30173502852991574,0.30324955368019624,0.18299949092892265,0.21445828062141892,0.29842256053476623,0.17839606368198302,0.11855777731226191,0.19125970894796462,0.2665201568905986
temporal,TT_min,W3_4,blind,150701,Clim,96.0,0.78101679212841,0.9085359882640274,0.8254376419708929,,0.5297142999318544,0.4994432217067643,0.23958333333333334,0.65625,0.7461205148969204,1.7800452704795655,0.0006250000000000002,0.0,0.0,0.0,0.013170078930137842,-0.013170078930137842,0.0,0.0,0.0,0.0,-0.6691316500485542,-0.21114761918502767,-0.3196298828659132,0.0
temporal,TT_min,W3_4,blind,150701,Damp,96.0,0.5895778143665346,0.7032291081151565,0.49453117850043843,0.6704805088929352,0.43736559568873634,0.3784721975392796,0.3229166666666667,0.7604166666666666,0.6846832549383631,1.6697121543813676,0.0006250000000000002,0.0,0.6704805088929352,0.055414916212183855,0.001133490652673477,0.392995705940472,0.40088608350880506,0.1743368156287235,0.24221176484102902,0.0,0.0,0.0,0.0,0.0
temporal,TT_min,W3_4,blind,150701,GBM_LG,96.0,0.4887199024641042,0.6140968856842339,0.377114985007075,0.8095706421355409,0.3818844007764273,0.3053095126383007,0.2604166666666667,0.5625,0.38076055073116183,1.030127952557518,0.0006250000000000002,0.0,0.8095706421355409,0.073694206011835,0.04459410562170063,0.5371163129742164,0.54313328368859,0.27907477516548973,0.3887002578692407,0.0,0.2374293039508717,0.12685313033125212,0.19331059289602315,0.0
temporal,TT_min,W3_4,blind,150701,Pers,96.0,0.6199698565770069,0.7646108178191093,0.5846297027260072,0.6738881483988309,,,,,,,,,0.6738881483988309,0.1263470966474885,0.04537240982639744,0.2824057300785188,0.2917336537620333,,,,-0.1821897751700381,,,
temporal,TT_min,W3_4,blind,150701,Ridge_LG,96.0,0.35694285339236753,0.4289356426247071,0.1839857855138705,0.907244066661551,0.2805994085455104,0.17547772409323112,0.28125,0.625,0.38468422589625345,0.9381154321286628,0.0006250000000000002,0.0,0.907244066661551,0.030970450125460652,0.01795172210093208,0.7741696242661961,0.777105166812397,0.4702816054208686,0.6486533073898468,0.0,0.627959179294279,0.35843282756697004,0.5363524051855375,0.0
temporal,TT_min,W3_4,blind,151007,Clim,94.0,0.49865189402894117,0.6168230867704476,0.3804707203730232,,0.3642076828086386,0.4529103880099599,0.4574468085106383,0.8191489361702128,0.6435602959726379,1.712409192523486,0.0006250000000000002,0.0,0.0,0.0,0.20846824484356233,-0.20846824484356233,0.0,0.0,0.0,0.0,0.00034119440132485135,0.03092132075145393,0.060811345691399454,0.0
temporal,TT_min,W3_4,blind,151007,Damp,94.0,0.5113513897773552,0.6169283419974912,0.38060057915977347,0.19892902817776828,0.375828805862344,0.4822357956862005,0.3829787234042553,0.776595744680851,0.6606673537644391,1.6111454495593949,0.0006250000000000002,0.0,0.19892902817776828,0.01173280639781699,0.2367206600269948,-0.20888070817306045,-0.000341310854677479,-0.031907956921961356,-0.06474880782729087,0.0,0.0,0.0,0.0,0.0
temporal,TT_min,W3_4,blind,151007,GBM_LG,94.0,0.5105667065279481,0.64394201184298,0.41466131461638467,0.49740468518405545,0.38981009982009424,0.48092358865840684,0.3191489361702128,0.648936170212766,0.46657243324493164,1.049025647913542,0.0006250000000000002,0.0,0.49740468518405545,0.10323012561251979,0.4612472460287681,-0.31706595079823857,-0.08986393015956695,-0.07029620246892931,-0.06185153043526759,0.0,-0.08949207468839071,-0.03720123029332445,0.0027210900549728967,0.0
temporal,TT_min,W3_4,blind,151007,Pers,94.0,0.7476791729161906,0.9589585195391195,0.9196014421966597,0.11818021980088624,,,,,,,,,0.11818021980088624,1.541959710788089,0.39288638857128516,-1.9208795350071883,-1.4170097538519104,,,,-1.4161850836559484,,,
temporal,TT_min,W3_4,blind,151007,Ridge_LG,94.0,0.4645551110598771,0.6058329311729265,0.36703354049357984,0.539056578694534,0.35905988760576746,0.4299550359055894,0.2553191489361702,0.6914893617021277,0.43916659285239384,1.0709795990993054,0.0006250000000000002,0.0,0.539056578694534,0.007725799530232052,0.4486446641777157,-0.16578846867409136,0.03531725086826443,0.014134230127089031,0.05068409273020624,0.0,0.035646395221322846,0.04461850181520832,0.10841327053753413,0.0
temporal,TT_min,W3_4,blind,230201,Clim,96.0,1.0057183114121724,1.1540046270892603,1.3317266793434228,,0.7836310145733445,0.501048235380092,0.25,0.59375,0.9896444587909334,3.0267155908188133,0.0006250000000000002,0.0,0.0,0.0,0.017731932831721354,-0.017731932831721354,0.0,0.0,0.0,0.0,-0.1898212037107918,-0.17292481848362917,-0.20074987896101315,0.0
temporal,TT_min,W3_4,blind,230201,Damp,96.0,0.8869301033630078,1.0579537884420693,1.1192662184789268,0.46356352612931984,0.6680999516971871,0.4172794385901915,0.40625,0.8020833333333334,1.2820347694155274,3.1264515692374046,0.0006250000000000002,0.0,0.46356352612931984,0.06894128190327262,0.0013152969866286944,0.14463456386754728,0.15953758692380082,0.14743043693728664,0.16718709073259985,0.0,0.0,0.0,0.0,0.0
temporal,TT_min,W3_4,blind,230201,GBM_LG,96.0,0.6940966506477292,0.8850078845907275,0.7832389557877545,0.7046774614272548,0.5345307714183166,0.2255323327963277,0.13541666666666666,0.5833333333333334,0.42993055806757513,1.3939748489528194,0.0006250000000000002,0.0,0.7046774614272548,0.09013926505224852,0.004997799078708126,0.40143326051260364,0.4118620825604302,0.31787951028285033,0.5498789999225517,0.0,0.3002210351240927,0.19992394841454808,0.45951726363919376,0.0
temporal,TT_min,W3_4,blind,230201,Pers,96.0,0.9042616859140279,1.1306010326873184,1.2782586951136305,0.6273947041797823,,,,,,,,,0.6273947041797823,0.3132717163767831,0.05722303761629032,0.023129360839763087,0.04014936777879485,,,,-0.14205063461199896,,,
temporal,TT_min,W3_4,blind,230201,Ridge_LG,96.0,0.6605470081301084,0.7949809213491765,0.6319946653091856,0.7730336863666131,0.4811555800043858,0.2773223537439575,0.34375,0.8020833333333334,0.8834588066542749,2.154458863607955,0.0006250000000000002,0.0,0.7730336863666131,0.0696253725176573,0.010938561685250417,0.5170171460546473,0.5254321512723796,0.38599216843611583,0.44651565625496625,0.0,0.43534911098446183,0.27981497561540447,0.3354037412413349,0.0
temporal,TT_min,W3_4,dev,040114,Clim,145.0,0.7505978965243228,0.8897850456509871,0.7917174274641292,,0.5548096830889632,0.4734543680558263,0.33793103448275863,0.7517241379310344,1.0509633100509423,2.278561859159644,0.0006250000000000001,0.0,0.0,0.0,0.0003349050658216753,-0.0003349050658216753,0.0,0.0,0.0,0.0,-0.003601495405342714,-0.01253020400752547,-0.047149618766266777,0.0
temporal,TT_min,W3_4,dev,040114,Damp,145.0,0.7508590240754947,0.8881870822743805,0.7888762931190771,0.0709954484634048,0.5479438350511069,0.4521363132554466,0.31724137931034485,0.7793103448275862,0.9634254220876152,2.349470540570623,0.0006250000000000001,0.0,0.0709954484634048,0.00168905142276099,9.643433219608163e-05,0.003254867947562896,0.0035885711827163824,0.01237514096659209,0.045026630312693605,0.0,0.0,0.0,0.0,0.0
temporal,TT_min,W3_4,dev,040114,GBM_LG,145.0,0.7015867871641972,0.8427625564886676,0.7102487266193146,0.42999553582560296,0.5436608312399118,0.47066224714406657,0.2,0.5724137931034483,0.6244683445188332,1.4821588866922433,0.0006250000000000001,0.0,0.42999553582560296,0.0003128724390556969,0.08198249658003218,0.10260079181085952,0.10290123473189017,0.020094912163354572,0.005897339004865776,0.0,0.0996703376506386,0.007816501504749218,-0.04097422247558602,0.0
temporal,TT_min,W3_4,dev,040114,Pers,145.0,0.9794525022386901,1.2050820547035432,1.4522227585685135,0.18030520585240664,,,,,,,,,0.18030520585240664,0.8618997677055725,0.005493536628477779,-0.8348833370765715,-0.8342690310859806,,,,-0.8408751425735992,,,
temporal,TT_min,W3_4,dev,040114,Ridge_LG,145.0,0.7078252727008049,0.8393292725143482,0.704473627699465,0.5031894058314582,0.532427303497944,0.43019692300736134,0.2620689655172414,0.6689655172413793,0.7395448744675429,1.8035011908098457,0.0006250000000000001,0.0,0.5031894058314582,0.09748628692722988,0.045815662388440946,0.10989762882534512,0.11019562881684464,0.04034244583908986,0.09136560557270923,0.0,0.1069910024623747,0.028317740908090805,0.04852384027754486,0.0
temporal,TT_min,W3_4,dev,040514,Clim,145.0,1.0682503110694626,1.3604891077927375,1.850930612422679,,0.8052741898930728,0.46420708561319146,0.4068965517241379,0.7379310344827587,1.295906256021928,3.26752571484708,0.06814646340221446,0.8,0.0,0.0,0.0007632630332955787,-0.0007632630332955787,0.0,0.0,0.0,0.0,0.0465239834547615,0.025596540866536177,0.08521248843772877,0.11265816007079976
temporal,TT_min,W3_4,dev,040514,Damp,145.0,1.0875382291662339,1.3932857085834696,1.941245065742941,-0.19372798927076135,0.8264278850253696,0.5074479917422792,0.4,0.7931034482758621,1.3983256124838497,3.410045819153615,0.07679843363145343,0.8,-0.19372798927076135,0.08528524019713403,0.0018398777278401928,-0.049594584098082,-0.048794078348539216,-0.026268934727817106,-0.09315003469188499,-0.12696139751483893,0.0,0.0,0.0,0.0
temporal,TT_min,W3_4,dev,040514,GBM_LG,145.0,1.0834750091250636,1.329458938580573,1.7674610693717838,0.2874702729143159,0.8472537033788279,0.5322223868787427,0.2482758620689655,0.5793103448275863,0.908561567035207,2.1619626373238017,0.09401991875414514,0.8,0.2874702729143159,0.0010961341085743577,0.03717587951798183,0.04436714418287509,0.045095987116255065,-0.05213070779199991,-0.14651930867385787,-0.37967422020450603,0.08952192561254368,-0.025199801133064303,-0.048821545339853945,-0.22424266105915103
temporal,TT_min,W3_4,dev,040514,Pers,145.0,1.092220440111154,1.4153939550219448,2.003340047912663,0.23686656676927437,,,,,,,,,0.23686656676927437,0.13683356494265697,0.0024403750022847456,-0.08316816949187861,-0.08234205780977133,,,,-0.031987193819837056,,,
temporal,TT_min,W3_4,dev,040514,Ridge_LG,145.0,1.146810559567082,1.3996433469308867,1.9590014986078943,0.05101896561729396,0.8961165956991864,0.5912962857984047,0.2482758620689655,0.6275862068965518,1.1614497068811402,2.8323851624744285,0.10179562008990908,0.8,0.05101896561729396,0.03338672042691505,0.028411366786351155,-0.05919515236060758,-0.05838732444095318,-0.11280928526738965,-0.2737769502534315,-0.4937770062855702,-0.009146930069933168,-0.08432521692038208,-0.1652352466077156,-0.3254908372013703
temporal,TT_min,W3_4,dev,150701,Clim,139.0,0.6218076198041487,0.7764227489140201,0.6028322850312035,,0.3524433501600939,0.47333132480157747,0.38848920863309355,0.8129496402877698,0.7114666073774668,1.6779485198796842,0.0006250000000000001,0.0,0.0,0.0,0.5112620685534194,-0.5112620685534194,0.0,0.0,0.0,0.0,-1.0673460908843442,-0.097162028723625,-0.08961397271237903,0.0
temporal,TT_min,W3_4,dev,150701,Damp,139.0,0.4270989930912709,0.5399973865738726,0.29159717750661246,0.5963494186672994,0.3212318152954183,0.4344027670857712,0.5107913669064749,0.8273381294964028,0.6824578984777654,1.664285258509019,0.0006250000000000001,0.0,0.5963494186672994,0.0010998639019268901,0.0855482808438457,0.26898448439905337,0.5162880543275499,0.08855759329974056,0.08224378078532046,0.0,0.0,0.0,0.0,0.0
temporal,TT_min,W3_4,dev,150701,GBM_LG,139.0,0.39130842924174625,0.4913980225520569,0.2414720165680718,0.6677315979921419,0.30609215778452925,0.4250995316746969,0.3237410071942446,0.6546762589928058,0.3619448324896562,0.9722252805917376,0.0006250000000000001,0.0,0.6677315979921419,0.051203721284825005,1.6701560561920454e-05,0.39464506411175243,0.5994374844148023,0.1315138797611306,0.10189858688752451,0.0,0.1718986492501422,0.04713000640041198,0.021416151359914037,0.0
temporal,TT_min,W3_4,dev,150701,Pers,139.0,0.6187789193115536,0.7671346609743152,0.5884955880681775,0.39272494777200206,,,,,,,,,0.39272494777200206,0.6290150261208421,0.0005387426517107891,-0.4753208841700312,0.023782231507862628,,,,-1.0181799875440576,,,
temporal,TT_min,W3_4,dev,150701,Ridge_LG,139.0,0.4002780220380293,0.4907805325811085,0.24086553116059647,0.6429490292820965,0.313775428365647,0.4637749430389751,0.38848920863309355,0.7050359712230215,0.5101358927890025,1.244049849959697,0.0006250000000000001,0.0,0.6429490292820965,0.01718391261675336,3.405731288896792e-05,0.3961654843251479,0.600443544346453,0.1097138640206502,0.020189624607263146,0.0,0.17397852331703578,0.023211856904379546,-0.0676150756364875,0.0
temporal,TT_min,W3_4,dev,151007,Clim,145.0,0.4665820226895419,0.5973308063442313,0.35680409220784953,,0.3548001483530386,0.4522844277673717,0.36551724137931035,0.7931034482758621,0.596808625276829,1.5473813067355544,0.0006250000000000001,0.0,0.0,0.0,0.5540529305310962,-0.5540529305310962,0.0,0.0,0.0,0.0,-0.10923225384043023,-0.05584514676860408,-0.04433599487705653,0.0
temporal,TT_min,W3_4,dev,151007,Damp,145.0,0.43508137422054366,0.5671574858612455,0.3216676137684488,0.13120887218365515,0.3360342654781322,0.4330832509709832,0.46206896551724136,0.8,0.5995454939662341,1.4620897928489878,0.0006250000000000001,0.0,0.13120887218365515,0.06458291687949165,0.3536495681385685,-0.4010167168783534,0.09847554780546797,0.05289141777988682,0.042453764970799335,0.0,0.0,0.0,0.0,0.0
temporal,TT_min,W3_4,dev,151007,GBM_LG,145.0,0.3647591797854151,0.45357902960778557,0.2057339360999404,0.3685199458683458,0.28127190425934756,0.308786878689312,0.33793103448275863,0.6827586206896552,0.39624773561583243,0.9688659433035752,0.0006250000000000001,0.0,0.3685199458683458,0.01669985925058114,0.015177044731241861,0.10393004652098553,0.42339804785620583,0.20723848181858096,0.3172728050497161,0.0,0.36041451705474725,0.16296659848323813,0.2870034156319732,0.0
temporal,TT_min,W3_4,dev,151007,Pers,145.0,0.7123272257578721,0.8861052309010174,0.7851824802301455,0.10590224990590409,,,,,,,,,0.10590224990590409,2.39130724327453,0.039754286763097696,-2.419846243502495,-1.2005983041605703,,,,-1.440974616721458,,,
temporal,TT_min,W3_4,dev,151007,Ridge_LG,145.0,0.36914593707987436,0.45593323073855496,0.2078751108916964,0.3697986300758763,0.29061372040039013,0.3334432603444808,0.3103448275862069,0.6551724137931034,0.4178844264369925,1.0190795538169628,0.0006250000000000001,0.0,0.3697986300758763,0.004033964252234367,0.03811285907262797,0.09460420348113248,0.4173970662572931,0.18090868408764216,0.26275759262712384,0.0,0.35375803471053047,0.13516640933362745,0.23007121703069122,0.0
temporal,TT_min,W3_4,dev,230201,Clim,145.0,0.6545241660098851,0.8040125982981193,0.646436258222093,,0.44252838614836737,0.4706746355255072,0.4413793103448276,0.8551724137931035,0.9562157036518988,2.9442857335211117,0.0006250000000000001,0.0,0.0,0.0,0.40846896003348193,-0.40846896003348193,0.0,0.0,0.0,0.0,-0.041722260278148404,0.06570155692437885,0.03907330575055745,0.0
temporal,TT_min,W3_4,dev,230201,Damp,145.0,0.6361328942457174,0.7877472243380371,0.6205456894522818,0.08873587737908722,0.473647782919991,0.4898132587451327,0.5241379310344828,0.9448275862068966,1.3106026324228879,3.1961189778443027,0.0006250000000000001,0.0,0.08873587737908722,0.019456588513973114,0.3404755098944721,-0.35205804247420885,0.04005123233807861,-0.07032180927980103,-0.04066210875854237,0.0,0.0,0.0,0.0,0.0
temporal,TT_min,W3_4,dev,230201,GBM_LG,145.0,0.468309318735348,0.5795004321793396,0.3358207508960413,0.523330668139401,0.3530829019568615,0.413036143754862,0.3586206896551724,0.7586206896551724,0.5953554213747024,1.5425956538068966,0.0006250000000000001,0.0,0.523330668139401,0.002674759943818639,0.002893566564491861,0.26830666170692136,0.48050446331761154,0.20212372130523015,0.12245931142283029,0.0,0.45882993532281247,0.25454543504850613,0.1567477270561608,0.0
temporal,TT_min,W3_4,dev,230201,Pers,145.0,0.9607994802285205,1.1785202710974256,1.3889100293875494,0.08190818950421005,,,,,,,,,0.08190818950421005,1.9563283037382955,0.07656712755000111,-2.026186479780439,-1.1485645517587413,,,,-1.2382075212116228,,,
temporal,TT_min,W3_4,dev,230201,Ridge_LG,145.0,0.5384619703856125,0.6703307487213203,0.44934331268128586,0.3337378112596792,0.40786171833666923,0.43160613585228974,0.4,0.7862068965517242,0.7341403942057723,1.790321481336733,0.0006250000000000001,0.0,0.3337378112596792,0.08615165872322628,0.004267959320971302,0.0209613086202037,0.30489153885469844,0.07833772679177997,0.0830053219876562,0.0,0.2758900427172509,0.13889237310002234,0.11883533541326652,0.0
